rate,trial,pop_idx,pop_name,fs,n_samples,freq_resolution_hz,f0_hz,f0_power,flow_hz,flow_power,flow_over_f0
05.0,0,0,L23E,1000.0,300000,0.244140625,82.03125,0.0014522011297768871,43.212890625,0.005436619598948598,0.5267857142857143
05.0,0,1,L23I,1000.0,300000,0.244140625,83.251953125,0.00235484262437607,36.62109375,0.011247959632342264,0.4398826979472141
05.0,0,2,L4E,1000.0,300000,0.244140625,78.125,0.0180877533022958,39.794921875,0.06482438322005074,0.509375
05.0,0,3,L4I,1000.0,300000,0.244140625,77.63671875,0.00798816306159297,37.59765625,0.02499545883433579,0.48427672955974843
05.0,0,4,L5E,1000.0,300000,0.244140625,75.927734375,0.015309256700882783,43.701171875,0.041907005604605835,0.5755627009646302
05.0,0,5,L5I,1000.0,300000,0.244140625,80.810546875,0.0020032234183778247,39.794921875,0.007443905219657871,0.49244712990936557
05.0,0,6,L6E,1000.0,300000,0.244140625,83.0078125,0.007049341907390505,37.841796875,0.03333839083533664,0.45588235294117646
05.0,0,7,L6I,1000.0,300000,0.244140625,80.56640625,0.005495648939680159,35.888671875,0.021946659703274942,0.44545454545454544
05.0,1,0,L23E,1000.0,300000,0.244140625,79.1015625,0.005783985643876528,39.794921875,0.017547811755865995,0.5030864197530864
05.0,1,1,L23I,1000.0,300000,0.244140625,79.58984375,0.005520892693843885,41.50390625,0.01915870360876507,0.5214723926380368
05.0,1,2,L4E,1000.0,300000,0.244140625,76.171875,0.037382121459192036,41.9921875,0.10657159919620843,0.5512820512820513
05.0,1,3,L4I,1000.0,300000,0.244140625,79.833984375,0.011535650352268187,41.50390625,0.04033751085531439,0.5198776758409785
05.0,1,4,L5E,1000.0,300000,0.244140625,81.787109375,0.010815214790976775,38.57421875,0.04524574874689135,0.4716417910447761
05.0,1,5,L5I,1000.0,300000,0.244140625,77.880859375,0.003483339716221003,43.45703125,0.01017545940210157,0.5579937304075235
05.0,1,6,L6E,1000.0,300000,0.244140625,78.61328125,0.0062178284703446815,40.283203125,0.022544408233329136,0.5124223602484472
05.0,1,7,L6I,1000.0,300000,0.244140625,75.68359375,0.00935680746145168,42.96875,0.025991441266937525,0.567741935483871
05.0,2,0,L23E,1000.0,300000,0.244140625,76.904296875,0.0006006073241841739,40.52734375,0.0019230170071068825,0.526984126984127
05.0,2,1,L23I,1000.0,300000,0.244140625,77.880859375,0.0022788076041536883,36.62109375,0.0075542218173787696,0.4702194357366771
05.0,2,2,L4E,1000.0,300000,0.244140625,76.904296875,0.011552453130197189,36.376953125,0.041151772680252934,0.473015873015873
05.0,2,3,L4I,1000.0,300000,0.244140625,81.298828125,0.005506158336024073,39.0625,0.020297539721721925,0.4804804804804805
05.0,2,4,L5E,1000.0,300000,0.244140625,76.171875,0.013622975903117484,40.0390625,0.03939957404969183,0.5256410256410257
05.0,2,5,L5I,1000.0,300000,0.244140625,78.61328125,0.001626003918261888,40.771484375,0.005402344487078641,0.5186335403726708
05.0,2,6,L6E,1000.0,300000,0.244140625,75.927734375,0.012204285125696029,38.0859375,0.042484739694935485,0.5016077170418006
05.0,2,7,L6I,1000.0,300000,0.244140625,76.66015625,0.005870023856113891,39.794921875,0.015801167891422094,0.5191082802547771
05.0,3,0,L23E,1000.0,300000,0.244140625,76.66015625,4.0243278814991474e-05,36.62109375,0.00011412765370669895,0.47770700636942676
05.0,3,1,L23I,1000.0,300000,0.244140625,79.1015625,0.0013352887220646928,36.62109375,0.005686233284031757,0.46296296296296297
05.0,3,2,L4E,1000.0,300000,0.244140625,79.345703125,0.006052890295825807,36.376953125,0.0204896311397454,0.4584615384615385
05.0,3,3,L4I,1000.0,300000,0.244140625,79.58984375,0.004196944900825984,40.283203125,0.016004773115530977,0.5061349693251533
05.0,3,4,L5E,1000.0,300000,0.244140625,83.0078125,0.010376930042024765,41.9921875,0.04112941272365501,0.5058823529411764
05.0,3,5,L5I,1000.0,300000,0.244140625,79.1015625,0.0011542464163030702,43.45703125,0.003915677083045175,0.5493827160493827
05.0,3,6,L6E,1000.0,300000,0.244140625,76.66015625,0.012960901115183159,43.45703125,0.03881047318025102,0.5668789808917197
05.0,3,7,L6I,1000.0,300000,0.244140625,82.763671875,0.0033975491917754464,38.57421875,0.013290142567557025,0.46607669616519176
05.0,4,0,L23E,1000.0,300000,0.244140625,81.787109375,0.000318555931988082,40.0390625,0.00111405502735102,0.48955223880597015
05.0,4,1,L23I,1000.0,300000,0.244140625,76.904296875,0.002232015851617204,36.1328125,0.007312001060757403,0.46984126984126984
05.0,4,2,L4E,1000.0,300000,0.244140625,82.51953125,0.008755647329497738,38.57421875,0.034486884033202055,0.46745562130177515
05.0,4,3,L4I,1000.0,300000,0.244140625,81.787109375,0.004477285010878204,39.794921875,0.01763290153822443,0.48656716417910445
05.0,4,4,L5E,1000.0,300000,0.244140625,80.810546875,0.012321574851826226,39.0625,0.04325783010791996,0.48338368580060426
05.0,4,5,L5I,1000.0,300000,0.244140625,80.810546875,0.001452451126200015,40.52734375,0.00490438871128045,0.5015105740181269
05.0,4,6,L6E,1000.0,300000,0.244140625,80.078125,0.01200252021589248,42.724609375,0.03208142511638428,0.5335365853658537
05.0,4,7,L6I,1000.0,300000,0.244140625,78.369140625,0.004744915591457749,42.724609375,0.014940154398678613,0.5451713395638629
05.0,5,0,L23E,1000.0,300000,0.244140625,75.927734375,0.00016887500947630394,43.212890625,0.0004162937256703147,0.5691318327974276
05.0,5,1,L23I,1000.0,300000,0.244140625,76.171875,0.0019004473779721,39.794921875,0.0057637669593955205,0.5224358974358975
05.0,5,2,L4E,1000.0,300000,0.244140625,76.66015625,0.009183696837015988,39.794921875,0.028325376020010236,0.5191082802547771
05.0,5,3,L4I,1000.0,300000,0.244140625,76.904296875,0.005442945352927967,38.0859375,0.01610681696733826,0.49523809523809526
05.0,5,4,L5E,1000.0,300000,0.244140625,77.1484375,0.015199813580254571,38.0859375,0.04343848864491363,0.4936708860759494
05.0,5,5,L5I,1000.0,300000,0.244140625,81.298828125,0.0012486079509496579,36.865234375,0.004978338838442246,0.45345345345345345
05.0,5,6,L6E,1000.0,300000,0.244140625,76.416015625,0.013746460710648691,37.841796875,0.03920715597109598,0.4952076677316294
05.0,5,7,L6I,1000.0,300000,0.244140625,81.298828125,0.003759230148826629,36.865234375,0.016134672029269853,0.45345345345345345
05.0,6,0,L23E,1000.0,300000,0.244140625,77.1484375,0.0009368995756762314,39.794921875,0.003165657737318219,0.5158227848101266
05.0,6,1,L23I,1000.0,300000,0.244140625,79.58984375,0.0021677730407112118,37.109375,0.009363292045492154,0.4662576687116564
05.0,6,2,L4E,1000.0,300000,0.244140625,80.078125,0.01378772549667006,41.259765625,0.046098406244644737,0.5152439024390244
05.0,6,3,L4I,1000.0,300000,0.244140625,82.763671875,0.005840661613704866,37.841796875,0.02492047942706098,0.45722713864306785
05.0,6,4,L5E,1000.0,300000,0.244140625,78.857421875,0.012775536923471675,35.64453125,0.045523964833967104,0.4520123839009288
05.0,6,5,L5I,1000.0,300000,0.244140625,81.298828125,0.001784147632151837,37.109375,0.006561964857124475,0.45645645645645644
05.0,6,6,L6E,1000.0,300000,0.244140625,81.787109375,0.008712692567584971,38.330078125,0.03514715303935727,0.46865671641791046
05.0,6,7,L6I,1000.0,300000,0.244140625,83.251953125,0.0045715501485251425,43.212890625,0.015715248077666447,0.5190615835777126
05.0,7,0,L23E,1000.0,300000,0.244140625,76.416015625,6.788534372832933e-07,36.62109375,2.145444790038313e-06,0.4792332268370607
05.0,7,1,L23I,1000.0,300000,0.244140625,76.904296875,0.001703160605591672,41.015625,0.005195111931926072,0.5333333333333333
05.0,7,2,L4E,1000.0,300000,0.244140625,80.56640625,0.0018537012157878955,40.0390625,0.006580689478064189,0.49696969696969695
05.0,7,3,L4I,1000.0,300000,0.244140625,76.171875,0.004561806389685722,39.794921875,0.01298914416883691,0.5224358974358975
05.0,7,4,L5E,1000.0,300000,0.244140625,81.0546875,0.013205651096714932,39.794921875,0.048923653440279075,0.49096385542168675
05.0,7,5,L5I,1000.0,300000,0.244140625,78.369140625,0.0009616376855508435,39.306640625,0.0028863863192911355,0.5015576323987538
05.0,7,6,L6E,1000.0,300000,0.244140625,76.416015625,0.014024176282192047,38.57421875,0.044369231948248614,0.5047923322683706
05.0,7,7,L6I,1000.0,300000,0.244140625,80.56640625,0.0033499823002845932,42.48046875,0.010929519880503858,0.5272727272727272
05.0,8,0,L23E,1000.0,300000,0.244140625,76.171875,0.00013455203588164438,36.62109375,0.00042438450203846644,0.4807692307692308
05.0,8,1,L23I,1000.0,300000,0.244140625,75.439453125,0.0017988669861695285,37.59765625,0.005440829722416525,0.49838187702265374
05.0,8,2,L4E,1000.0,300000,0.244140625,78.61328125,0.007588432425357824,40.0390625,0.023595564075130422,0.5093167701863354
05.0,8,3,L4I,1000.0,300000,0.244140625,75.927734375,0.005537775553309172,39.55078125,0.01801052863504283,0.5209003215434084
05.0,8,4,L5E,1000.0,300000,0.244140625,75.68359375,0.015972843265370292,38.57421875,0.040737148775315146,0.5096774193548387
05.0,8,5,L5I,1000.0,300000,0.244140625,78.61328125,0.0013767752278437285,37.353515625,0.0048617185047896425,0.4751552795031056
05.0,8,6,L6E,1000.0,300000,0.244140625,75.927734375,0.012262523399098172,36.62109375,0.0410875343287278,0.48231511254019294
05.0,8,7,L6I,1000.0,300000,0.244140625,81.54296875,0.003937251272045437,44.189453125,0.013311185206802148,0.5419161676646707
05.0,9,0,L23E,1000.0,300000,0.244140625,75.1953125,7.762511988984065e-08,35.15625,2.390847733881839e-07,0.4675324675324675
05.0,9,1,L23I,1000.0,300000,0.244140625,79.1015625,0.002097460884796294,38.57421875,0.008711512547736559,0.4876543209876543
05.0,9,2,L4E,1000.0,300000,0.244140625,79.1015625,0.0012196590544620199,37.841796875,0.004331210380403128,0.4783950617283951
05.0,9,3,L4I,1000.0,300000,0.244140625,79.345703125,0.0036068206021667095,37.109375,0.012960795093712812,0.4676923076923077
05.0,9,4,L5E,1000.0,300000,0.244140625,82.275390625,0.013518846544541085,36.865234375,0.05118581858438258,0.44807121661721067
05.0,9,5,L5I,1000.0,300000,0.244140625,78.369140625,0.00082642968457281,37.353515625,0.0028443895884001686,0.4766355140186916
05.0,9,6,L6E,1000.0,300000,0.244140625,77.392578125,0.014479442814658605,39.55078125,0.04153963983537839,0.5110410094637224
05.0,9,7,L6I,1000.0,300000,0.244140625,82.51953125,0.002578389241633677,39.0625,0.012085750108751831,0.47337278106508873
05.25,0,0,L23E,1000.0,300000,0.244140625,79.58984375,0.0028456871484148164,37.841796875,0.010822502525619315,0.4754601226993865
05.25,0,1,L23I,1000.0,300000,0.244140625,75.927734375,0.004378071294537997,42.48046875,0.012748270852546264,0.5594855305466238
05.25,0,2,L4E,1000.0,300000,0.244140625,80.810546875,0.023208698552264182,42.48046875,0.07365039774313654,0.525679758308157
05.25,0,3,L4I,1000.0,300000,0.244140625,79.345703125,0.008051402028367714,37.841796875,0.029268860552418577,0.47692307692307695
05.25,0,4,L5E,1000.0,300000,0.244140625,77.1484375,0.013917460249864826,42.96875,0.03878633577156059,0.5569620253164557
05.25,0,5,L5I,1000.0,300000,0.244140625,78.125,0.0026146586311308916,42.48046875,0.0077688219435436525,0.54375
05.25,0,6,L6E,1000.0,300000,0.244140625,77.63671875,0.008642166389619559,41.015625,0.02770884801932975,0.5283018867924528
05.25,0,7,L6I,1000.0,300000,0.244140625,79.58984375,0.006265121393192301,35.64453125,0.025255655266352314,0.44785276073619634
05.25,1,0,L23E,1000.0,300000,0.244140625,78.369140625,1.3669828442969536e-05,36.62109375,5.235325592929453e-05,0.4672897196261682
05.25,1,1,L23I,1000.0,300000,0.244140625,83.984375,0.0012173961828711324,40.283203125,0.0048281057562587285,0.4796511627906977
05.25,1,2,L4E,1000.0,300000,0.244140625,78.125,0.004676216706013366,39.306640625,0.018485140671666015,0.503125
05.25,1,3,L4I,1000.0,300000,0.244140625,76.416015625,0.004867885474984136,39.0625,0.014279948474528174,0.5111821086261981
05.25,1,4,L5E,1000.0,300000,0.244140625,81.298828125,0.013391578810176758,40.0390625,0.044331553285578924,0.4924924924924925
05.25,1,5,L5I,1000.0,300000,0.244140625,79.345703125,0.0010364149071876818,38.0859375,0.003819204770939357,0.48
05.25,1,6,L6E,1000.0,300000,0.244140625,79.58984375,0.012349207084982505,36.376953125,0.045250847514463885,0.4570552147239264
05.25,1,7,L6I,1000.0,300000,0.244140625,75.927734375,0.004237774502218944,39.306640625,0.01287116632420359,0.5176848874598071
05.25,2,0,L23E,1000.0,300000,0.244140625,77.880859375,0.0033509142001292114,41.748046875,0.010553351269069972,0.5360501567398119
05.25,2,1,L23I,1000.0,300000,0.244140625,78.125,0.004200023724548001,39.306640625,0.01466304643912654,0.503125
05.25,2,2,L4E,1000.0,300000,0.244140625,81.298828125,0.022289765447758722,39.0625,0.08344248701763425,0.4804804804804805
05.25,2,3,L4I,1000.0,300000,0.244140625,75.927734375,0.01053548148687193,39.794921875,0.029971725720438293,0.5241157556270096
05.25,2,4,L5E,1000.0,300000,0.244140625,80.810546875,0.01214321267686513,36.865234375,0.04695409152451497,0.4561933534743202
05.25,2,5,L5I,1000.0,300000,0.244140625,81.0546875,0.002114086684354898,37.59765625,0.008279915118895035,0.463855421686747
05.25,2,6,L6E,1000.0,300000,0.244140625,76.171875,0.008829473217568592,41.015625,0.026183111708777847,0.5384615384615384
05.25,2,7,L6I,1000.0,300000,0.244140625,77.63671875,0.007107743747402933,43.45703125,0.01935964235066158,0.559748427672956
05.25,3,0,L23E,1000.0,300000,0.244140625,,,,,
05.25,3,1,L23I,1000.0,300000,0.244140625,79.345703125,0.002084678475376095,36.62109375,0.015101420172786453,0.46153846153846156
05.25,3,2,L4E,1000.0,300000,0.244140625,77.880859375,0.0013720143121433873,40.52734375,0.003926869966343384,0.5203761755485894
05.25,3,3,L4I,1000.0,300000,0.244140625,76.171875,0.004093304067877072,41.50390625,0.011823479839117516,0.5448717948717948
05.25,3,4,L5E,1000.0,300000,0.244140625,79.833984375,0.0144266866392915,42.96875,0.045282488807390955,0.5382262996941896
05.25,3,5,L5I,1000.0,300000,0.244140625,75.68359375,0.0009356942138321381,39.306640625,0.002766465953831442,0.5193548387096775
05.25,3,6,L6E,1000.0,300000,0.244140625,76.904296875,0.015680417953847014,38.57421875,0.047949032933116024,0.5015873015873016
05.25,3,7,L6I,1000.0,300000,0.244140625,81.787109375,0.002826552102306176,41.748046875,0.01137680803830562,0.5104477611940299
05.25,4,0,L23E,1000.0,300000,0.244140625,79.58984375,0.0029651203199364618,39.55078125,0.010839662719377445,0.49693251533742333
05.25,4,1,L23I,1000.0,300000,0.244140625,79.1015625,0.0040100789965159785,37.353515625,0.014187446611085995,0.4722222222222222
05.25,4,2,L4E,1000.0,300000,0.244140625,76.904296875,0.027149843302405722,36.1328125,0.08359611715808658,0.46984126984126984
05.25,4,3,L4I,1000.0,300000,0.244140625,79.833984375,0.008448957805264671,39.55078125,0.029319946467046942,0.4954128440366973
05.25,4,4,L5E,1000.0,300000,0.244140625,83.251953125,0.012089977827364696,39.794921875,0.04381127177188465,0.4780058651026393
05.25,4,5,L5I,1000.0,300000,0.244140625,83.251953125,0.0019875467273368164,38.0859375,0.00857343980136194,0.4574780058651026
05.25,4,6,L6E,1000.0,300000,0.244140625,84.47265625,0.0063560183878071125,38.57421875,0.030686237103716575,0.45664739884393063
05.25,4,7,L6I,1000.0,300000,0.244140625,80.810546875,0.005765704194533198,36.865234375,0.024816663917361162,0.4561933534743202
05.25,5,0,L23E,1000.0,300000,0.244140625,75.68359375,0.0007455506387310203,36.1328125,0.0024066355974641847,0.4774193548387097
05.25,5,1,L23I,1000.0,300000,0.244140625,77.392578125,0.002521489699520967,38.0859375,0.007552939273465541,0.4921135646687697
05.25,5,2,L4E,1000.0,300000,0.244140625,76.66015625,0.013045835707387458,38.0859375,0.04748639299588585,0.4968152866242038
05.25,5,3,L4I,1000.0,300000,0.244140625,83.0078125,0.005802608265534374,41.259765625,0.019125564116237816,0.4970588235294118
05.25,5,4,L5E,1000.0,300000,0.244140625,81.0546875,0.011228023850749452,38.818359375,0.04265701341333031,0.4789156626506024
05.25,5,5,L5I,1000.0,300000,0.244140625,79.833984375,0.0014948136861561662,39.55078125,0.005600611137230477,0.4954128440366973
05.25,5,6,L6E,1000.0,300000,0.244140625,76.171875,0.011409514606825943,37.109375,0.03812534403918856,0.48717948717948717
05.25,5,7,L6I,1000.0,300000,0.244140625,78.857421875,0.004574595695141024,35.64453125,0.018319482462697094,0.4520123839009288
05.25,6,0,L23E,1000.0,300000,0.244140625,77.1484375,0.0002525570792987643,37.353515625,0.0009429524842766218,0.48417721518987344
05.25,6,1,L23I,1000.0,300000,0.244140625,82.03125,0.0017209148071838298,41.748046875,0.0062449208205948474,0.5089285714285714
05.25,6,2,L4E,1000.0,300000,0.244140625,76.416015625,0.011386169393781545,40.283203125,0.030540687185948323,0.5271565495207667
05.25,6,3,L4I,1000.0,300000,0.244140625,77.1484375,0.005775236647929091,39.55078125,0.01846767402135814,0.5126582278481012
05.25,6,4,L5E,1000.0,300000,0.244140625,81.787109375,0.010317700971934692,38.57421875,0.04323545925427893,0.4716417910447761
05.25,6,5,L5I,1000.0,300000,0.244140625,77.1484375,0.0016167276377557138,37.353515625,0.005329206498295366,0.48417721518987344
05.25,6,6,L6E,1000.0,300000,0.244140625,83.251953125,0.011180541473297298,36.376953125,0.04666311910242664,0.436950146627566
05.25,6,7,L6I,1000.0,300000,0.244140625,79.345703125,0.004321788209458861,39.794921875,0.012929294001196412,0.5015384615384615
05.25,7,0,L23E,1000.0,300000,0.244140625,80.078125,0.00030752752871424435,41.015625,0.001159662424308011,0.5121951219512195
05.25,7,1,L23I,1000.0,300000,0.244140625,80.810546875,0.0018401012834959977,44.43359375,0.006553349186249531,0.5498489425981873
05.25,7,2,L4E,1000.0,300000,0.244140625,75.68359375,0.012129522801560507,40.0390625,0.0360692770362952,0.5290322580645161
05.25,7,3,L4I,1000.0,300000,0.244140625,76.171875,0.006600308617743147,36.865234375,0.02026298873790182,0.483974358974359
05.25,7,4,L5E,1000.0,300000,0.244140625,80.078125,0.011377988528553684,40.771484375,0.039601751896948104,0.5091463414634146
05.25,7,5,L5I,1000.0,300000,0.244140625,82.51953125,0.001243071491281201,37.109375,0.005323902568056489,0.44970414201183434
05.25,7,6,L6E,1000.0,300000,0.244140625,79.345703125,0.011500799936572508,40.771484375,0.04114655463783413,0.5138461538461538
05.25,7,7,L6I,1000.0,300000,0.244140625,83.0078125,0.004211223157955617,41.259765625,0.014586613141255166,0.4970588235294118
05.25,8,0,L23E,1000.0,300000,0.244140625,77.63671875,0.0017782740750017746,38.818359375,0.006342064790953664,0.5
05.25,8,1,L23I,1000.0,300000,0.244140625,76.904296875,0.0031617614556261227,37.109375,0.011459714290220325,0.48253968253968255
05.25,8,2,L4E,1000.0,300000,0.244140625,76.904296875,0.02001843230181125,37.353515625,0.06333408927632288,0.4857142857142857
05.25,8,3,L4I,1000.0,300000,0.244140625,77.63671875,0.008403772121241134,39.794921875,0.02454397865449537,0.5125786163522013
05.25,8,4,L5E,1000.0,300000,0.244140625,82.763671875,0.010687126695759271,38.330078125,0.04535256092974309,0.4631268436578171
05.25,8,5,L5I,1000.0,300000,0.244140625,77.392578125,0.0021553629200509166,37.59765625,0.007548023125134172,0.48580441640378547
05.25,8,6,L6E,1000.0,300000,0.244140625,76.171875,0.011168820417398577,37.109375,0.03377399669842925,0.48717948717948717
05.25,8,7,L6I,1000.0,300000,0.244140625,75.68359375,0.007217081132195639,37.59765625,0.01967772646844881,0.4967741935483871
05.25,9,0,L23E,1000.0,300000,0.244140625,76.904296875,0.00023084409708914465,38.0859375,0.0007597682397634328,0.49523809523809526
05.25,9,1,L23I,1000.0,300000,0.244140625,77.392578125,0.001962476211965557,38.818359375,0.0064616213466757695,0.501577287066246
05.25,9,2,L4E,1000.0,300000,0.244140625,80.078125,0.008755330872154847,35.64453125,0.03058539560375509,0.4451219512195122
05.25,9,3,L4I,1000.0,300000,0.244140625,76.171875,0.00563459088657041,40.771484375,0.016422125708046447,0.5352564102564102
05.25,9,4,L5E,1000.0,300000,0.244140625,77.1484375,0.014340661574090738,39.306640625,0.04466642963375404,0.509493670886076
05.25,9,5,L5I,1000.0,300000,0.244140625,83.251953125,0.0012165601334461693,42.724609375,0.0044268875644604055,0.5131964809384164
05.25,9,6,L6E,1000.0,300000,0.244140625,81.0546875,0.010126663775044849,41.259765625,0.037242375627711356,0.5090361445783133
05.25,9,7,L6I,1000.0,300000,0.244140625,79.1015625,0.004333193808378514,38.57421875,0.01610544917766944,0.4876543209876543
05.51,0,0,L23E,1000.0,300000,0.244140625,81.0546875,0.0007048146234797671,41.9921875,0.0025190997289891155,0.5180722891566265
05.51,0,1,L23I,1000.0,300000,0.244140625,77.392578125,0.002517503182214777,39.0625,0.007860654536724423,0.5047318611987381
05.51,0,2,L4E,1000.0,300000,0.244140625,76.904296875,0.015240295176086605,41.015625,0.044222124500377054,0.5333333333333333
05.51,0,3,L4I,1000.0,300000,0.244140625,77.392578125,0.0062371541577509555,39.0625,0.021449616313460672,0.5047318611987381
05.51,0,4,L5E,1000.0,300000,0.244140625,79.1015625,0.012373059026485502,42.724609375,0.042408162824478644,0.5401234567901234
05.51,0,5,L5I,1000.0,300000,0.244140625,79.833984375,0.0015698823142232382,38.330078125,0.005902206986806629,0.4801223241590214
05.51,0,6,L6E,1000.0,300000,0.244140625,76.904296875,0.011979180038016088,41.9921875,0.03511569178287835,0.546031746031746
05.51,0,7,L6I,1000.0,300000,0.244140625,77.1484375,0.00579447338311429,41.748046875,0.016653811962858,0.5411392405063291
05.51,1,0,L23E,1000.0,300000,0.244140625,80.810546875,0.0026263324789009552,41.9921875,0.009493004010788664,0.5196374622356495
05.51,1,1,L23I,1000.0,300000,0.244140625,76.904296875,0.0048277828190442735,41.50390625,0.013310372027391128,0.5396825396825397
05.51,1,2,L4E,1000.0,300000,0.244140625,76.416015625,0.025535054376305245,41.9921875,0.07550289747416422,0.549520766773163
05.51,1,3,L4I,1000.0,300000,0.244140625,83.251953125,0.0071206479997584175,37.59765625,0.03143274084458404,0.45161290322580644
05.51,1,4,L5E,1000.0,300000,0.244140625,78.369140625,0.013700873701295309,41.748046875,0.04005545171864831,0.5327102803738317
05.51,1,5,L5I,1000.0,300000,0.244140625,77.1484375,0.00255560264861179,40.0390625,0.00851464384657643,0.5189873417721519
05.51,1,6,L6E,1000.0,300000,0.244140625,75.68359375,0.008356531366355882,40.283203125,0.028132825425084457,0.532258064516129
05.51,1,7,L6I,1000.0,300000,0.244140625,79.345703125,0.00655727266184124,40.283203125,0.020969095398543074,0.5076923076923077
05.51,2,0,L23E,1000.0,300000,0.244140625,82.51953125,0.003027736650925844,36.62109375,0.01210348161207881,0.4437869822485207
05.51,2,1,L23I,1000.0,300000,0.244140625,78.369140625,0.004601556814619857,39.794921875,0.014802662700543092,0.5077881619937694
05.51,2,2,L4E,1000.0,300000,0.244140625,81.54296875,0.021866924146486277,38.0859375,0.0844719069560211,0.46706586826347307
05.51,2,3,L4I,1000.0,300000,0.244140625,77.63671875,0.009364090211560636,37.59765625,0.030912012385743926,0.48427672955974843
05.51,2,4,L5E,1000.0,300000,0.244140625,83.251953125,0.008792156353964959,41.748046875,0.03792070060484403,0.501466275659824
05.51,2,5,L5I,1000.0,300000,0.244140625,78.369140625,0.002722943790861692,38.57421875,0.008779740851290558,0.49221183800623053
05.51,2,6,L6E,1000.0,300000,0.244140625,80.322265625,0.007911782371150046,41.9921875,0.029034267225635145,0.5227963525835866
05.51,2,7,L6I,1000.0,300000,0.244140625,82.51953125,0.006105861050121077,38.818359375,0.022718998855245025,0.47041420118343197
05.51,3,0,L23E,1000.0,300000,0.244140625,77.392578125,0.0025113660783075364,39.0625,0.007974406001549444,0.5047318611987381
05.51,3,1,L23I,1000.0,300000,0.244140625,80.56640625,0.0031112487535372747,42.724609375,0.011817075799576105,0.5303030303030303
05.51,3,2,L4E,1000.0,300000,0.244140625,77.392578125,0.0209600677363107,39.55078125,0.06294632674154307,0.5110410094637224
05.51,3,3,L4I,1000.0,300000,0.244140625,76.904296875,0.008747858126057158,35.64453125,0.026432853964161736,0.4634920634920635
05.51,3,4,L5E,1000.0,300000,0.244140625,76.416015625,0.013116046015938373,39.0625,0.0400768042420725,0.5111821086261981
05.51,3,5,L5I,1000.0,300000,0.244140625,80.078125,0.0021954639936391154,38.818359375,0.007182167376078729,0.4847560975609756
05.51,3,6,L6E,1000.0,300000,0.244140625,77.63671875,0.009798367768722524,38.0859375,0.03477715050929553,0.49056603773584906
05.51,3,7,L6I,1000.0,300000,0.244140625,79.833984375,0.005693257908158232,42.48046875,0.019694097640863398,0.5321100917431193
05.51,4,0,L23E,1000.0,300000,0.244140625,78.125,0.002343414906940176,42.236328125,0.0060416661379559325,0.540625
05.51,4,1,L23I,1000.0,300000,0.244140625,83.740234375,0.0026286652189807095,39.794921875,0.011348572138531535,0.4752186588921283
05.51,4,2,L4E,1000.0,300000,0.244140625,79.345703125,0.020553642725127892,38.818359375,0.06634594067329615,0.48923076923076925
05.51,4,3,L4I,1000.0,300000,0.244140625,76.904296875,0.008720368059694686,39.0625,0.026918488738156318,0.5079365079365079
05.51,4,4,L5E,1000.0,300000,0.244140625,75.68359375,0.013723598182615862,39.0625,0.041702140983709765,0.5161290322580645
05.51,4,5,L5I,1000.0,300000,0.244140625,76.171875,0.0022785870030124396,37.841796875,0.007712016302628886,0.4967948717948718
05.51,4,6,L6E,1000.0,300000,0.244140625,76.416015625,0.012247472897134655,38.818359375,0.03313020589386242,0.5079872204472844
05.51,4,7,L6I,1000.0,300000,0.244140625,80.56640625,0.00605088138834793,42.96875,0.02070262855282573,0.5333333333333333
05.51,5,0,L23E,1000.0,300000,0.244140625,76.66015625,0.0014620381528796856,36.62109375,0.004907830981131387,0.47770700636942676
05.51,5,1,L23I,1000.0,300000,0.244140625,76.904296875,0.0030230847880589433,39.55078125,0.009425626555281365,0.5142857142857142
05.51,5,2,L4E,1000.0,300000,0.244140625,80.810546875,0.015749318230728383,40.283203125,0.051634467842290525,0.4984894259818731
05.51,5,3,L4I,1000.0,300000,0.244140625,80.810546875,0.006123920446430707,38.0859375,0.02287556494413022,0.47129909365558914
05.51,5,4,L5E,1000.0,300000,0.244140625,79.1015625,0.012284000982727637,40.0390625,0.03997810057178768,0.5061728395061729
05.51,5,5,L5I,1000.0,300000,0.244140625,78.125,0.0019576969435089442,40.52734375,0.0066829382433087735,0.51875
05.51,5,6,L6E,1000.0,300000,0.244140625,76.904296875,0.010595992599502786,39.55078125,0.0373496731210126,0.5142857142857142
05.51,5,7,L6I,1000.0,300000,0.244140625,77.1484375,0.006064059313665234,41.748046875,0.018149045308234246,0.5411392405063291
05.51,6,0,L23E,1000.0,300000,0.244140625,77.880859375,0.003642628898594303,42.236328125,0.013014918169858636,0.542319749216301
05.51,6,1,L23I,1000.0,300000,0.244140625,77.1484375,0.004996543684166469,37.109375,0.015846475462777038,0.4810126582278481
05.51,6,2,L4E,1000.0,300000,0.244140625,79.58984375,0.023547762674302194,39.794921875,0.08802922511363638,0.5
05.51,6,3,L4I,1000.0,300000,0.244140625,78.125,0.009406070810657684,36.376953125,0.03521535657873087,0.465625
05.51,6,4,L5E,1000.0,300000,0.244140625,78.125,0.013257326034194564,38.330078125,0.045031852114857045,0.490625
05.51,6,5,L5I,1000.0,300000,0.244140625,79.345703125,0.0026216580784277988,43.45703125,0.008242103519760586,0.5476923076923077
05.51,6,6,L6E,1000.0,300000,0.244140625,77.392578125,0.007591941462487706,42.96875,0.025841294300463787,0.555205047318612
05.51,6,7,L6I,1000.0,300000,0.244140625,75.927734375,0.007688628382847918,40.0390625,0.02341755577708969,0.5273311897106109
05.51,7,0,L23E,1000.0,300000,0.244140625,,,,,
05.51,7,1,L23I,1000.0,300000,0.244140625,75.1953125,0.027392660695807952,35.15625,1.9230866162339606,0.4675324675324675
05.51,7,2,L4E,1000.0,300000,0.244140625,79.345703125,8.841823804573703e-05,40.0390625,0.000517870082416728,0.5046153846153846
05.51,7,3,L4I,1000.0,300000,0.244140625,80.078125,0.006138602174745802,35.400390625,0.36478620498189956,0.4420731707317073
05.51,7,4,L5E,1000.0,300000,0.244140625,83.0078125,0.017499168798734137,37.841796875,0.05851485323730466,0.45588235294117646
05.51,7,5,L5I,1000.0,300000,0.244140625,76.66015625,0.0007222668383538483,43.45703125,0.002132157641013399,0.5668789808917197
05.51,7,6,L6E,1000.0,300000,0.244140625,75.927734375,0.019008136822505226,43.212890625,0.056766517936748674,0.5691318327974276
05.51,7,7,L6I,1000.0,300000,0.244140625,78.857421875,0.003313812696480905,37.59765625,0.013680812500174003,0.47678018575851394
05.51,8,0,L23E,1000.0,300000,0.244140625,77.1484375,0.003924680831603251,39.55078125,0.013569651323405135,0.5126582278481012
05.51,8,1,L23I,1000.0,300000,0.244140625,81.298828125,0.004177580431957747,40.283203125,0.014353643040692397,0.4954954954954955
05.51,8,2,L4E,1000.0,300000,0.244140625,77.63671875,0.028832499649629337,42.48046875,0.07724029025581285,0.5471698113207547
05.51,8,3,L4I,1000.0,300000,0.244140625,77.880859375,0.009143730587623992,37.109375,0.03406725112728639,0.47648902821316613
05.51,8,4,L5E,1000.0,300000,0.244140625,80.078125,0.012118826338456382,40.771484375,0.046680191162443596,0.5091463414634146
05.51,8,5,L5I,1000.0,300000,0.244140625,76.171875,0.0030337408796626557,38.57421875,0.00940036997539008,0.5064102564102564
05.51,8,6,L6E,1000.0,300000,0.244140625,76.171875,0.009311797404891803,38.330078125,0.02503483292039964,0.5032051282051282
05.51,8,7,L6I,1000.0,300000,0.244140625,83.251953125,0.0059218478222543515,41.259765625,0.022113529532192054,0.49560117302052786
05.51,9,0,L23E,1000.0,300000,0.244140625,79.58984375,0.0002537946016855892,38.57421875,0.0007855956339779101,0.48466257668711654
05.51,9,1,L23I,1000.0,300000,0.244140625,80.810546875,0.0017151865831857528,38.330078125,0.006816906939986884,0.4743202416918429
05.51,9,2,L4E,1000.0,300000,0.244140625,79.345703125,0.00868064120894946,43.212890625,0.027313277383069646,0.5446153846153846
05.51,9,3,L4I,1000.0,300000,0.244140625,76.904296875,0.005489631318186011,42.48046875,0.016279770513257286,0.5523809523809524
05.51,9,4,L5E,1000.0,300000,0.244140625,83.251953125,0.01051990744545891,39.55078125,0.04354801621216505,0.4750733137829912
05.51,9,5,L5I,1000.0,300000,0.244140625,75.927734375,0.0016481378926190332,40.283203125,0.005197259999800548,0.5305466237942122
05.51,9,6,L6E,1000.0,300000,0.244140625,75.439453125,0.014023767936936467,39.55078125,0.03831018699809178,0.5242718446601942
05.51,9,7,L6I,1000.0,300000,0.244140625,76.66015625,0.004775412876106698,36.62109375,0.01637121744460225,0.47770700636942676
05.76,0,0,L23E,1000.0,300000,0.244140625,77.392578125,0.0027583615339910154,37.841796875,0.008394048821565657,0.4889589905362776
05.76,0,1,L23I,1000.0,300000,0.244140625,77.880859375,0.0038124827979713403,41.50390625,0.012997725069200891,0.5329153605015674
05.76,0,2,L4E,1000.0,300000,0.244140625,82.51953125,0.017139998963320618,39.55078125,0.07354667371167528,0.47928994082840237
05.76,0,3,L4I,1000.0,300000,0.244140625,80.078125,0.007771736847419193,39.55078125,0.025674727935263892,0.49390243902439024
05.76,0,4,L5E,1000.0,300000,0.244140625,77.63671875,0.012465825461883977,43.212890625,0.03742538239166648,0.5566037735849056
05.76,0,5,L5I,1000.0,300000,0.244140625,77.880859375,0.002383848773373553,37.59765625,0.009080980449273671,0.4827586206896552
05.76,0,6,L6E,1000.0,300000,0.244140625,77.880859375,0.009574850253643841,37.59765625,0.03052961971214231,0.4827586206896552
05.76,0,7,L6I,1000.0,300000,0.244140625,79.833984375,0.005958825582272087,41.015625,0.02020501429696662,0.5137614678899083
05.76,1,0,L23E,1000.0,300000,0.244140625,79.833984375,0.0024721415467817563,38.818359375,0.008701010486042174,0.48623853211009177
05.76,1,1,L23I,1000.0,300000,0.244140625,77.392578125,0.0038442648153892024,37.109375,0.012710791630523247,0.4794952681388013
05.76,1,2,L4E,1000.0,300000,0.244140625,78.369140625,0.02090423199595901,38.0859375,0.07302768253463525,0.48598130841121495
05.76,1,3,L4I,1000.0,300000,0.244140625,76.171875,0.010082958256370183,35.64453125,0.028149598534227615,0.46794871794871795
05.76,1,4,L5E,1000.0,300000,0.244140625,80.078125,0.01257121905880366,42.724609375,0.04020565154760634,0.5335365853658537
05.76,1,5,L5I,1000.0,300000,0.244140625,82.275390625,0.0020755503299983505,40.52734375,0.008126178139902913,0.49258160237388726
05.76,1,6,L6E,1000.0,300000,0.244140625,78.61328125,0.009622461118528993,39.55078125,0.02886135250934396,0.5031055900621118
05.76,1,7,L6I,1000.0,300000,0.244140625,77.392578125,0.0068273543536272255,41.50390625,0.020923025777545276,0.5362776025236593
05.76,2,0,L23E,1000.0,300000,0.244140625,82.763671875,0.004693968395873132,39.306640625,0.021329389694157423,0.4749262536873156
05.76,2,1,L23I,1000.0,300000,0.244140625,78.125,0.006006886375186543,40.283203125,0.02283513448963266,0.515625
05.76,2,2,L4E,1000.0,300000,0.244140625,82.03125,0.03318114156044962,40.771484375,0.11180609658936863,0.49702380952380953
05.76,2,3,L4I,1000.0,300000,0.244140625,82.03125,0.01073425343875021,38.818359375,0.03585188546762387,0.4732142857142857
05.76,2,4,L5E,1000.0,300000,0.244140625,83.251953125,0.011469069522225168,43.45703125,0.04338662268617612,0.5219941348973607
05.76,2,5,L5I,1000.0,300000,0.244140625,77.392578125,0.003613318925202782,41.015625,0.010099912672015642,0.5299684542586751
05.76,2,6,L6E,1000.0,300000,0.244140625,78.857421875,0.005955299172405096,39.794921875,0.021420359157492498,0.5046439628482973
05.76,2,7,L6I,1000.0,300000,0.244140625,77.1484375,0.008899894136402704,42.48046875,0.026401210233838873,0.5506329113924051
05.76,3,0,L23E,1000.0,300000,0.244140625,77.392578125,0.0059041908416784675,42.96875,0.019613840184074874,0.555205047318612
05.76,3,1,L23I,1000.0,300000,0.244140625,75.927734375,0.006385044669159776,36.865234375,0.019704094546439146,0.4855305466237942
05.76,3,2,L4E,1000.0,300000,0.244140625,82.275390625,0.0278065283670878,36.1328125,0.11469826476462541,0.4391691394658754
05.76,3,3,L4I,1000.0,300000,0.244140625,82.51953125,0.01059672479367542,41.748046875,0.03970514382139415,0.5059171597633136
05.76,3,4,L5E,1000.0,300000,0.244140625,83.0078125,0.011765107859510205,42.724609375,0.04273638784961535,0.5147058823529411
05.76,3,5,L5I,1000.0,300000,0.244140625,76.904296875,0.003364471753252611,37.841796875,0.010615501594746318,0.49206349206349204
05.76,3,6,L6E,1000.0,300000,0.244140625,76.171875,0.0076934527584272515,41.50390625,0.02022773634674016,0.5448717948717948
05.76,3,7,L6I,1000.0,300000,0.244140625,76.904296875,0.008846995784131163,40.0390625,0.027367125782841145,0.5206349206349207
05.76,4,0,L23E,1000.0,300000,0.244140625,78.61328125,0.005333053595786535,39.306640625,0.01698660248195008,0.5
05.76,4,1,L23I,1000.0,300000,0.244140625,78.369140625,0.005680226754321209,42.724609375,0.018911812914746112,0.5451713395638629
05.76,4,2,L4E,1000.0,300000,0.244140625,77.880859375,0.034795233980016244,38.57421875,0.1091853181466921,0.4952978056426332
05.76,4,3,L4I,1000.0,300000,0.244140625,78.125,0.011325471367531901,37.353515625,0.0379099782707722,0.478125
05.76,4,4,L5E,1000.0,300000,0.244140625,77.392578125,0.014671479797853415,38.330078125,0.04220247981417196,0.4952681388012618
05.76,4,5,L5I,1000.0,300000,0.244140625,79.58984375,0.0029451946925287066,35.888671875,0.011658119655219687,0.450920245398773
05.76,4,6,L6E,1000.0,300000,0.244140625,78.369140625,0.006887282738439856,40.52734375,0.022600724498452088,0.5171339563862928
05.76,4,7,L6I,1000.0,300000,0.244140625,80.078125,0.0073726327677814075,39.306640625,0.02492821714598355,0.49085365853658536
05.76,5,0,L23E,1000.0,300000,0.244140625,83.49609375,7.909291488052764e-05,38.818359375,0.00035033793107541825,0.4649122807017544
05.76,5,1,L23I,1000.0,300000,0.244140625,77.880859375,0.0018838985269795396,38.0859375,0.006276449552482798,0.4890282131661442
05.76,5,2,L4E,1000.0,300000,0.244140625,80.810546875,0.007793312971253223,40.771484375,0.026080987747298116,0.5045317220543807
05.76,5,3,L4I,1000.0,300000,0.244140625,80.56640625,0.004725606221488308,41.50390625,0.016452627923654813,0.5151515151515151
05.76,5,4,L5E,1000.0,300000,0.244140625,83.251953125,0.013085327191776122,37.109375,0.04653185558038435,0.44574780058651026
05.76,5,5,L5I,1000.0,300000,0.244140625,79.1015625,0.0013733978328293425,43.701171875,0.004364751238240032,0.5524691358024691
05.76,5,6,L6E,1000.0,300000,0.244140625,77.63671875,0.012287917417249338,40.52734375,0.040791482387949295,0.5220125786163522
05.76,5,7,L6I,1000.0,300000,0.244140625,77.392578125,0.0045689007566466384,41.015625,0.013982970346843817,0.5299684542586751
05.76,6,0,L23E,1000.0,300000,0.244140625,76.416015625,0.0025171996038804573,39.0625,0.0074758847074470345,0.5111821086261981
05.76,6,1,L23I,1000.0,300000,0.244140625,79.833984375,0.0033783282619618974,37.353515625,0.012269580324868749,0.46788990825688076
05.76,6,2,L4E,1000.0,300000,0.244140625,80.810546875,0.018675773192895925,37.109375,0.07844086923020024,0.459214501510574
05.76,6,3,L4I,1000.0,300000,0.244140625,82.51953125,0.006653295143104509,40.0390625,0.028802053341923716,0.48520710059171596
05.76,6,4,L5E,1000.0,300000,0.244140625,76.66015625,0.014084960431965039,39.55078125,0.04279086525733379,0.5159235668789809
05.76,6,5,L5I,1000.0,300000,0.244140625,79.1015625,0.002141708843958229,40.283203125,0.006794102162874675,0.5092592592592593
05.76,6,6,L6E,1000.0,300000,0.244140625,76.904296875,0.010116666246075283,35.64453125,0.03489703518691915,0.4634920634920635
05.76,6,7,L6I,1000.0,300000,0.244140625,75.68359375,0.007454269402881851,37.59765625,0.021343758429741292,0.4967741935483871
05.76,7,0,L23E,1000.0,300000,0.244140625,78.125,0.001361080701893948,43.45703125,0.00416229989308282,0.55625
05.76,7,1,L23I,1000.0,300000,0.244140625,80.322265625,0.002958906848867681,36.62109375,0.009786120695217912,0.45592705167173253
05.76,7,2,L4E,1000.0,300000,0.244140625,76.904296875,0.01824018624154296,36.376953125,0.05858550442418049,0.473015873015873
05.76,7,3,L4I,1000.0,300000,0.244140625,78.125,0.008512925394798544,36.62109375,0.0240122420225706,0.46875
05.76,7,4,L5E,1000.0,300000,0.244140625,77.880859375,0.012975913748471206,39.306640625,0.04042590274388753,0.5047021943573667
05.76,7,5,L5I,1000.0,300000,0.244140625,76.171875,0.002102413987917298,39.55078125,0.0061940948485865255,0.5192307692307693
05.76,7,6,L6E,1000.0,300000,0.244140625,76.66015625,0.010817201208894118,35.400390625,0.03996670851841205,0.46178343949044587
05.76,7,7,L6I,1000.0,300000,0.244140625,75.927734375,0.006440869259716468,35.888671875,0.022132832568892532,0.47266881028938906
05.76,8,0,L23E,1000.0,300000,0.244140625,78.857421875,0.003770690132208349,38.0859375,0.0116875881731632,0.48297213622291024
05.76,8,1,L23I,1000.0,300000,0.244140625,77.880859375,0.004486850577889357,41.259765625,0.0143043087746287,0.5297805642633229
05.76,8,2,L4E,1000.0,300000,0.244140625,79.833984375,0.025106912152065997,42.236328125,0.08350053569723019,0.5290519877675841
05.76,8,3,L4I,1000.0,300000,0.244140625,81.0546875,0.008082492748171475,37.109375,0.030498512918290588,0.4578313253012048
05.76,8,4,L5E,1000.0,300000,0.244140625,83.0078125,0.011094312207632176,41.015625,0.04191312383515511,0.49411764705882355
05.76,8,5,L5I,1000.0,300000,0.244140625,83.251953125,0.0021483566493308037,39.306640625,0.008954070559336256,0.47214076246334313
05.76,8,6,L6E,1000.0,300000,0.244140625,81.787109375,0.007111626293351136,40.52734375,0.027321166707692246,0.4955223880597015
05.76,8,7,L6I,1000.0,300000,0.244140625,77.1484375,0.007008928583256127,38.330078125,0.022866942669454948,0.49683544303797467
05.76,9,0,L23E,1000.0,300000,0.244140625,77.1484375,0.00464987990625784,39.306640625,0.014680986890269625,0.509493670886076
05.76,9,1,L23I,1000.0,300000,0.244140625,77.392578125,0.005096273050480342,43.45703125,0.016181843660935686,0.5615141955835962
05.76,9,2,L4E,1000.0,300000,0.244140625,76.904296875,0.028800048960946775,36.1328125,0.09613065045320673,0.46984126984126984
05.76,9,3,L4I,1000.0,300000,0.244140625,75.927734375,0.011174167731730241,37.353515625,0.03428325880547414,0.4919614147909968
05.76,9,4,L5E,1000.0,300000,0.244140625,77.1484375,0.013694271334634495,39.306640625,0.0460493927146625,0.509493670886076
05.76,9,5,L5I,1000.0,300000,0.244140625,79.58984375,0.002795407866507489,40.0390625,0.008659595719602552,0.5030674846625767
05.76,9,6,L6E,1000.0,300000,0.244140625,77.392578125,0.008193428604822797,36.62109375,0.025519409988451387,0.47318611987381703
05.76,9,7,L6I,1000.0,300000,0.244140625,77.1484375,0.00691994366906987,36.62109375,0.025395196376176616,0.47468354430379744
06.02,0,0,L23E,1000.0,300000,0.244140625,76.171875,0.007839981335553258,40.52734375,0.023580075486351274,0.532051282051282
06.02,0,1,L23I,1000.0,300000,0.244140625,76.171875,0.007604661717553929,37.841796875,0.02297182670216601,0.4967948717948718
06.02,0,2,L4E,1000.0,300000,0.244140625,79.1015625,0.033284355631441435,39.794921875,0.11756469576525104,0.5030864197530864
06.02,0,3,L4I,1000.0,300000,0.244140625,76.66015625,0.012495742925908148,39.55078125,0.03620184051678722,0.5159235668789809
06.02,0,4,L5E,1000.0,300000,0.244140625,76.416015625,0.015509113366290014,36.376953125,0.04760870947283832,0.476038338658147
06.02,0,5,L5I,1000.0,300000,0.244140625,77.392578125,0.0031924932062300368,37.59765625,0.011239207916399648,0.48580441640378547
06.02,0,6,L6E,1000.0,300000,0.244140625,78.369140625,0.005986802224575145,39.306640625,0.022903192554208328,0.5015576323987538
06.02,0,7,L6I,1000.0,300000,0.244140625,77.63671875,0.008824167255014271,37.109375,0.03016540291492381,0.4779874213836478
06.02,1,0,L23E,1000.0,300000,0.244140625,79.345703125,0.0015701820915736458,41.259765625,0.005445500910982604,0.52
06.02,1,1,L23I,1000.0,300000,0.244140625,81.787109375,0.002432247191184514,42.96875,0.009534754261700142,0.5253731343283582
06.02,1,2,L4E,1000.0,300000,0.244140625,83.251953125,0.015960673381583995,37.109375,0.06747295334846595,0.44574780058651026
06.02,1,3,L4I,1000.0,300000,0.244140625,83.251953125,0.006014828528797481,37.353515625,0.02688409708993754,0.44868035190615835
06.02,1,4,L5E,1000.0,300000,0.244140625,76.171875,0.01473405472216216,38.57421875,0.045298252013191376,0.5064102564102564
06.02,1,5,L5I,1000.0,300000,0.244140625,82.763671875,0.0017111698064943056,40.283203125,0.0068799606291918775,0.48672566371681414
06.02,1,6,L6E,1000.0,300000,0.244140625,81.0546875,0.009004451052014037,39.55078125,0.03119250149499382,0.4879518072289157
06.02,1,7,L6I,1000.0,300000,0.244140625,75.927734375,0.006206321119339588,41.50390625,0.018323335126966194,0.5466237942122186
06.02,2,0,L23E,1000.0,300000,0.244140625,83.251953125,0.0035407469556808274,39.794921875,0.014384655051586145,0.4780058651026393
06.02,2,1,L23I,1000.0,300000,0.244140625,77.63671875,0.0047757183724408845,36.376953125,0.01670790463714833,0.46855345911949686
06.02,2,2,L4E,1000.0,300000,0.244140625,81.54296875,0.026333195194373975,40.283203125,0.08868022508465315,0.4940119760479042
06.02,2,3,L4I,1000.0,300000,0.244140625,77.392578125,0.010039858454457096,39.794921875,0.03512417230329247,0.5141955835962145
06.02,2,4,L5E,1000.0,300000,0.244140625,77.1484375,0.013774763602561246,37.841796875,0.04688516938887293,0.49050632911392406
06.02,2,5,L5I,1000.0,300000,0.244140625,81.54296875,0.0024554579504099646,38.330078125,0.010906898947771018,0.47005988023952094
06.02,2,6,L6E,1000.0,300000,0.244140625,76.171875,0.00934368508849816,38.57421875,0.02507617290665626,0.5064102564102564
06.02,2,7,L6I,1000.0,300000,0.244140625,78.125,0.007700770673943715,39.306640625,0.025118070573697675,0.503125
06.02,3,0,L23E,1000.0,300000,0.244140625,81.787109375,0.0021237702358740036,37.841796875,0.008618842785521908,0.4626865671641791
06.02,3,1,L23I,1000.0,300000,0.244140625,80.078125,0.003325155739903994,40.52734375,0.012440159644558205,0.5060975609756098
06.02,3,2,L4E,1000.0,300000,0.244140625,78.369140625,0.021322933077515746,40.52734375,0.07596284157418692,0.5171339563862928
06.02,3,3,L4I,1000.0,300000,0.244140625,76.171875,0.009364118434806229,41.259765625,0.02851369964868063,0.5416666666666666
06.02,3,4,L5E,1000.0,300000,0.244140625,77.880859375,0.013388526920085578,35.888671875,0.045635901235000824,0.4608150470219436
06.02,3,5,L5I,1000.0,300000,0.244140625,76.904296875,0.00254551092943328,42.236328125,0.007761795977248063,0.5492063492063493
06.02,3,6,L6E,1000.0,300000,0.244140625,80.078125,0.009371901310136712,39.794921875,0.03086755502498754,0.4969512195121951
06.02,3,7,L6I,1000.0,300000,0.244140625,76.416015625,0.007145430963375962,40.771484375,0.02110502612265727,0.5335463258785943
06.02,4,0,L23E,1000.0,300000,0.244140625,76.171875,0.00251676079337917,39.0625,0.0075913134757363615,0.5128205128205128
06.02,4,1,L23I,1000.0,300000,0.244140625,79.58984375,0.0034995292817867367,35.64453125,0.012500762276290548,0.44785276073619634
06.02,4,2,L4E,1000.0,300000,0.244140625,78.369140625,0.022129672919074896,35.888671875,0.07198116585572786,0.45794392523364486
06.02,4,3,L4I,1000.0,300000,0.244140625,77.880859375,0.008551295699305985,40.771484375,0.026456223727988316,0.5235109717868338
06.02,4,4,L5E,1000.0,300000,0.244140625,79.58984375,0.012218338971966015,38.57421875,0.043326133380367636,0.48466257668711654
06.02,4,5,L5I,1000.0,300000,0.244140625,79.1015625,0.0022473286036055924,39.794921875,0.0076652889145387764,0.5030864197530864
06.02,4,6,L6E,1000.0,300000,0.244140625,81.54296875,0.007772408463640953,38.818359375,0.030092765819913506,0.47604790419161674
06.02,4,7,L6I,1000.0,300000,0.244140625,78.857421875,0.006288682390063935,37.109375,0.01987065206585551,0.47058823529411764
06.02,5,0,L23E,1000.0,300000,0.244140625,75.68359375,0.0003436783617882594,38.330078125,0.0008968464446197784,0.5064516129032258
06.02,5,1,L23I,1000.0,300000,0.244140625,79.1015625,0.0018908901428153482,35.888671875,0.006799667143566504,0.4537037037037037
06.02,5,2,L4E,1000.0,300000,0.244140625,81.787109375,0.00935488378502143,36.376953125,0.037273988523486554,0.44477611940298506
06.02,5,3,L4I,1000.0,300000,0.244140625,77.880859375,0.005697239810915338,36.62109375,0.01903013384436913,0.4702194357366771
06.02,5,4,L5E,1000.0,300000,0.244140625,78.61328125,0.012476288893905896,41.748046875,0.04225323283321578,0.531055900621118
06.02,5,5,L5I,1000.0,300000,0.244140625,78.857421875,0.0014329679813750626,40.771484375,0.005100547314084426,0.5170278637770898
06.02,5,6,L6E,1000.0,300000,0.244140625,82.763671875,0.00959272121680134,40.0390625,0.0393294179983529,0.4837758112094395
06.02,5,7,L6I,1000.0,300000,0.244140625,80.078125,0.0044792433660990295,36.1328125,0.016781361106124017,0.45121951219512196
06.02,6,0,L23E,1000.0,300000,0.244140625,76.66015625,0.0006958167204761402,37.841796875,0.002386514223710212,0.49363057324840764
06.02,6,1,L23I,1000.0,300000,0.244140625,81.54296875,0.002086915612690524,37.841796875,0.00795455592727041,0.46407185628742514
06.02,6,2,L4E,1000.0,300000,0.244140625,77.880859375,0.014334553317471388,36.62109375,0.04588492487625986,0.4702194357366771
06.02,6,3,L4I,1000.0,300000,0.244140625,78.125,0.007227583712277183,40.283203125,0.019659614659635713,0.515625
06.02,6,4,L5E,1000.0,300000,0.244140625,77.63671875,0.01440931615523184,36.865234375,0.044116789654472,0.4748427672955975
06.02,6,5,L5I,1000.0,300000,0.244140625,79.833984375,0.0017563891883373465,40.771484375,0.005514001628312019,0.5107033639143731
06.02,6,6,L6E,1000.0,300000,0.244140625,81.0546875,0.010067656289498057,35.400390625,0.040240456703867555,0.4367469879518072
06.02,6,7,L6I,1000.0,300000,0.244140625,79.833984375,0.004833402617526599,40.52734375,0.01621957651878456,0.5076452599388379
06.02,7,0,L23E,1000.0,300000,0.244140625,78.61328125,0.0022180897603371686,35.888671875,0.007840116100643934,0.45652173913043476
06.02,7,1,L23I,1000.0,300000,0.244140625,82.03125,0.0033132757579116003,41.748046875,0.011239468124405124,0.5089285714285714
06.02,7,2,L4E,1000.0,300000,0.244140625,79.1015625,0.01927047522206163,39.55078125,0.07184548455471666,0.5
06.02,7,3,L4I,1000.0,300000,0.244140625,76.904296875,0.008369904882316967,42.236328125,0.028103665144725357,0.5492063492063493
06.02,7,4,L5E,1000.0,300000,0.244140625,76.904296875,0.01335703762494128,37.59765625,0.042067789777364785,0.4888888888888889
06.02,7,5,L5I,1000.0,300000,0.244140625,80.810546875,0.0019491877245514959,41.50390625,0.006774243683765589,0.513595166163142
06.02,7,6,L6E,1000.0,300000,0.244140625,81.298828125,0.008309471455115389,35.64453125,0.032964155088905336,0.43843843843843844
06.02,7,7,L6I,1000.0,300000,0.244140625,76.171875,0.00713832605554288,39.55078125,0.019213757085549937,0.5192307692307693
06.02,8,0,L23E,1000.0,300000,0.244140625,81.787109375,0.00046608048042390596,35.888671875,0.0022237908243852088,0.4388059701492537
06.02,8,1,L23I,1000.0,300000,0.244140625,81.298828125,0.0020731255323590313,39.306640625,0.0072222077588087776,0.48348348348348347
06.02,8,2,L4E,1000.0,300000,0.244140625,79.345703125,0.013155799443034084,37.109375,0.044178704662999446,0.4676923076923077
06.02,8,3,L4I,1000.0,300000,0.244140625,77.392578125,0.0069381452083272545,36.865234375,0.019551142279230493,0.47634069400630913
06.02,8,4,L5E,1000.0,300000,0.244140625,79.345703125,0.01177886743790968,39.794921875,0.04276899880641293,0.5015384615384615
06.02,8,5,L5I,1000.0,300000,0.244140625,83.984375,0.0013077037348903282,36.865234375,0.005531024349323762,0.438953488372093
06.02,8,6,L6E,1000.0,300000,0.244140625,80.078125,0.010650527638838676,40.283203125,0.03989017673385659,0.5030487804878049
06.02,8,7,L6I,1000.0,300000,0.244140625,82.03125,0.004100816241613199,37.841796875,0.016884840518987046,0.46130952380952384
06.02,9,0,L23E,1000.0,300000,0.244140625,76.416015625,0.0012194768900019627,36.865234375,0.0038350560303379946,0.48242811501597443
06.02,9,1,L23I,1000.0,300000,0.244140625,83.251953125,0.0021761444435290252,37.841796875,0.00855659830482404,0.45454545454545453
06.02,9,2,L4E,1000.0,300000,0.244140625,80.322265625,0.01406166434690423,41.9921875,0.04963660261336499,0.5227963525835866
06.02,9,3,L4I,1000.0,300000,0.244140625,79.345703125,0.006475433196904307,40.0390625,0.023110945807217214,0.5046153846153846
06.02,9,4,L5E,1000.0,300000,0.244140625,79.345703125,0.01254402258499923,37.353515625,0.045681050396936554,0.4707692307692308
06.02,9,5,L5I,1000.0,300000,0.244140625,82.03125,0.0015079728809547933,36.865234375,0.006019579347592948,0.4494047619047619
06.02,9,6,L6E,1000.0,300000,0.244140625,79.345703125,0.010131879261219905,41.748046875,0.0337921241731579,0.5261538461538462
06.02,9,7,L6I,1000.0,300000,0.244140625,76.171875,0.0057419698230348525,36.376953125,0.017098193446405445,0.4775641025641026
06.27,0,0,L23E,1000.0,300000,0.244140625,76.416015625,0.00014276225658550466,39.794921875,0.00044747572568676943,0.5207667731629393
06.27,0,1,L23I,1000.0,300000,0.244140625,80.322265625,0.0016624681723300672,41.015625,0.005968837964092462,0.5106382978723404
06.27,0,2,L4E,1000.0,300000,0.244140625,75.68359375,0.009891670272912897,38.0859375,0.029226968657600085,0.5032258064516129
06.27,0,3,L4I,1000.0,300000,0.244140625,80.078125,0.004483979687839282,36.376953125,0.01677211906813754,0.45426829268292684
06.27,0,4,L5E,1000.0,300000,0.244140625,76.416015625,0.014657968588533916,43.701171875,0.041901000928104434,0.5718849840255591
06.27,0,5,L5I,1000.0,300000,0.244140625,75.927734375,0.0016703589652964472,38.57421875,0.004886342733459711,0.5080385852090032
06.27,0,6,L6E,1000.0,300000,0.244140625,79.58984375,0.010731027652092882,41.015625,0.038390544596994605,0.5153374233128835
06.27,0,7,L6I,1000.0,300000,0.244140625,76.66015625,0.004666798486381456,41.9921875,0.014573399779620543,0.5477707006369427
06.27,1,0,L23E,1000.0,300000,0.244140625,77.63671875,0.008799175011153572,43.212890625,0.023266324835394366,0.5566037735849056
06.27,1,1,L23I,1000.0,300000,0.244140625,77.63671875,0.007971378536446807,39.794921875,0.022386366210373498,0.5125786163522013
06.27,1,2,L4E,1000.0,300000,0.244140625,78.125,0.03778140617707588,35.888671875,0.14201837677849352,0.459375
06.27,1,3,L4I,1000.0,300000,0.244140625,77.1484375,0.014315116107275906,41.015625,0.0406158682618056,0.5316455696202531
06.27,1,4,L5E,1000.0,300000,0.244140625,77.1484375,0.015855526397845918,44.43359375,0.04483863111612809,0.5759493670886076
06.27,1,5,L5I,1000.0,300000,0.244140625,80.322265625,0.00395919499451614,38.0859375,0.012638463228410907,0.47416413373860183
06.27,1,6,L6E,1000.0,300000,0.244140625,82.51953125,0.004600018155680162,39.55078125,0.019332374501481394,0.47928994082840237
06.27,1,7,L6I,1000.0,300000,0.244140625,77.392578125,0.009384427545083977,36.865234375,0.031240531910279742,0.47634069400630913
06.27,2,0,L23E,1000.0,300000,0.244140625,80.322265625,0.002692801063168884,38.818359375,0.009006681376075576,0.48328267477203646
06.27,2,1,L23I,1000.0,300000,0.244140625,77.880859375,0.004092815183044157,38.57421875,0.013225288620333737,0.4952978056426332
06.27,2,2,L4E,1000.0,300000,0.244140625,79.58984375,0.021165616739831184,41.748046875,0.0724396346304782,0.5245398773006135
06.27,2,3,L4I,1000.0,300000,0.244140625,79.1015625,0.008758810460481332,36.865234375,0.02868100386094791,0.4660493827160494
06.27,2,4,L5E,1000.0,300000,0.244140625,83.740234375,0.010428532583264545,41.259765625,0.0439313791595494,0.49271137026239065
06.27,2,5,L5I,1000.0,300000,0.244140625,77.392578125,0.0025473903317492466,40.771484375,0.00764805863986186,0.526813880126183
06.27,2,6,L6E,1000.0,300000,0.244140625,78.125,0.009063995032489345,35.888671875,0.03215431737025743,0.459375
06.27,2,7,L6I,1000.0,300000,0.244140625,79.345703125,0.005558148761494604,36.865234375,0.02140916808963875,0.4646153846153846
06.27,3,0,L23E,1000.0,300000,0.244140625,81.0546875,0.0020093223770984636,36.865234375,0.008766846471519223,0.45481927710843373
06.27,3,1,L23I,1000.0,300000,0.244140625,81.787109375,0.0028168722675531526,39.55078125,0.011041229777449943,0.4835820895522388
06.27,3,2,L4E,1000.0,300000,0.244140625,80.810546875,0.017672297620680715,38.57421875,0.06760184553399425,0.4773413897280967
06.27,3,3,L4I,1000.0,300000,0.244140625,80.56640625,0.00722044781177684,42.724609375,0.025665837552552577,0.5303030303030303
06.27,3,4,L5E,1000.0,300000,0.244140625,81.787109375,0.011049511320565225,38.330078125,0.0433304168178234,0.46865671641791046
06.27,3,5,L5I,1000.0,300000,0.244140625,76.66015625,0.0021175911231908,42.724609375,0.007208312006957089,0.5573248407643312
06.27,3,6,L6E,1000.0,300000,0.244140625,81.298828125,0.008713807487809025,39.794921875,0.0303421343624724,0.4894894894894895
06.27,3,7,L6I,1000.0,300000,0.244140625,79.833984375,0.005238680025425882,37.841796875,0.02064155185189407,0.4740061162079511
06.27,4,0,L23E,1000.0,300000,0.244140625,83.251953125,0.0011228342152904472,36.865234375,0.0049618030547856525,0.44281524926686217
06.27,4,1,L23I,1000.0,300000,0.244140625,75.68359375,0.003354053954137158,36.1328125,0.010544768150412878,0.4774193548387097
06.27,4,2,L4E,1000.0,300000,0.244140625,80.078125,0.016775098331834604,42.724609375,0.05644926878071511,0.5335365853658537
06.27,4,3,L4I,1000.0,300000,0.244140625,81.298828125,0.0065251591849969,40.0390625,0.02437350493580048,0.4924924924924925
06.27,4,4,L5E,1000.0,300000,0.244140625,77.880859375,0.012018083696577338,41.748046875,0.04175935015407238,0.5360501567398119
06.27,4,5,L5I,1000.0,300000,0.244140625,78.61328125,0.001995805187208358,41.9921875,0.006203881285121526,0.5341614906832298
06.27,4,6,L6E,1000.0,300000,0.244140625,76.904296875,0.010370296872092169,41.259765625,0.0344632060048213,0.5365079365079365
06.27,4,7,L6I,1000.0,300000,0.244140625,77.1484375,0.005605229864697218,42.724609375,0.018411349226459272,0.5537974683544303
06.27,5,0,L23E,1000.0,300000,0.244140625,81.298828125,0.003327215659446752,36.865234375,0.013347001057676439,0.45345345345345345
06.27,5,1,L23I,1000.0,300000,0.244140625,79.58984375,0.004187845002449806,43.45703125,0.015171390785652324,0.5460122699386503
06.27,5,2,L4E,1000.0,300000,0.244140625,80.322265625,0.025253745324533637,42.48046875,0.08568730878041037,0.5288753799392097
06.27,5,3,L4I,1000.0,300000,0.244140625,77.63671875,0.009476748389639524,41.015625,0.029333947279797695,0.5283018867924528
06.27,5,4,L5E,1000.0,300000,0.244140625,80.56640625,0.012973701216760974,40.52734375,0.04083556120989126,0.503030303030303
06.27,5,5,L5I,1000.0,300000,0.244140625,77.1484375,0.002662846212393446,36.865234375,0.008723580575102571,0.4778481012658228
06.27,5,6,L6E,1000.0,300000,0.244140625,78.61328125,0.008318749766411145,38.818359375,0.025870967555237392,0.4937888198757764
06.27,5,7,L6I,1000.0,300000,0.244140625,83.984375,0.005230422292087551,42.236328125,0.024138748575037224,0.502906976744186
06.27,6,0,L23E,1000.0,300000,0.244140625,78.125,0.004269848366447704,37.59765625,0.012997471320844174,0.48125
06.27,6,1,L23I,1000.0,300000,0.244140625,79.58984375,0.0049997018565539324,38.330078125,0.015804216620538294,0.4815950920245399
06.27,6,2,L4E,1000.0,300000,0.244140625,82.03125,0.024885642690081287,36.1328125,0.10497668134400735,0.44047619047619047
06.27,6,3,L4I,1000.0,300000,0.244140625,77.880859375,0.010524009335266354,39.55078125,0.03336039423542709,0.5078369905956113
06.27,6,4,L5E,1000.0,300000,0.244140625,76.171875,0.016343756882013543,36.865234375,0.043739343055439556,0.483974358974359
06.27,6,5,L5I,1000.0,300000,0.244140625,76.416015625,0.0032833430927192886,38.0859375,0.010275991319638446,0.4984025559105431
06.27,6,6,L6E,1000.0,300000,0.244140625,77.63671875,0.00822084093187228,41.50390625,0.02496850528760122,0.5345911949685535
06.27,6,7,L6I,1000.0,300000,0.244140625,77.392578125,0.007712012146124605,36.62109375,0.02393852997826576,0.47318611987381703
06.27,7,0,L23E,1000.0,300000,0.244140625,77.1484375,0.0016609829155981078,40.52734375,0.004914150907477397,0.5253164556962026
06.27,7,1,L23I,1000.0,300000,0.244140625,79.345703125,0.002933269451269022,38.818359375,0.010452895168319877,0.48923076923076925
06.27,7,2,L4E,1000.0,300000,0.244140625,83.251953125,0.014671976743728719,39.306640625,0.06912636809258431,0.47214076246334313
06.27,7,3,L4I,1000.0,300000,0.244140625,75.927734375,0.008498718552633528,36.1328125,0.02743064913892543,0.4758842443729904
06.27,7,4,L5E,1000.0,300000,0.244140625,83.0078125,0.011118859755405934,39.0625,0.043793862284860964,0.47058823529411764
06.27,7,5,L5I,1000.0,300000,0.244140625,80.56640625,0.001816326292507443,40.283203125,0.006794555079498046,0.5
06.27,7,6,L6E,1000.0,300000,0.244140625,77.63671875,0.009577398125055151,44.43359375,0.029218497795138607,0.5723270440251572
06.27,7,7,L6I,1000.0,300000,0.244140625,82.03125,0.005270104278337004,41.748046875,0.019880342523616593,0.5089285714285714
06.27,8,0,L23E,1000.0,300000,0.244140625,80.56640625,0.0024429611629816577,36.865234375,0.008761994087014398,0.4575757575757576
06.27,8,1,L23I,1000.0,300000,0.244140625,80.322265625,0.0034908786242731395,36.62109375,0.01179135451247673,0.45592705167173253
06.27,8,2,L4E,1000.0,300000,0.244140625,82.275390625,0.01680811155643732,40.283203125,0.07019400341120496,0.4896142433234421
06.27,8,3,L4I,1000.0,300000,0.244140625,79.58984375,0.008524702397407736,37.353515625,0.030603452962737684,0.46932515337423314
06.27,8,4,L5E,1000.0,300000,0.244140625,82.03125,0.01041380038727942,36.376953125,0.045986631763912496,0.44345238095238093
06.27,8,5,L5I,1000.0,300000,0.244140625,75.439453125,0.002772685628123023,38.0859375,0.007530504191795088,0.5048543689320388
06.27,8,6,L6E,1000.0,300000,0.244140625,76.66015625,0.009838194766788428,38.330078125,0.030366128011350843,0.5
06.27,8,7,L6I,1000.0,300000,0.244140625,77.392578125,0.0065496100795404775,41.748046875,0.018947390238162304,0.5394321766561514
06.27,9,0,L23E,1000.0,300000,0.244140625,75.927734375,0.0005439463872624286,38.0859375,0.0017310949621066197,0.5016077170418006
06.27,9,1,L23I,1000.0,300000,0.244140625,83.984375,0.0015771372652003607,39.306640625,0.008017876998261043,0.4680232558139535
06.27,9,2,L4E,1000.0,300000,0.244140625,83.0078125,0.01029970722208237,40.771484375,0.04074811339781902,0.49117647058823527
06.27,9,3,L4I,1000.0,300000,0.244140625,78.125,0.006277835330008119,39.0625,0.02047741675884424,0.5
06.27,9,4,L5E,1000.0,300000,0.244140625,81.0546875,0.01111249537187773,41.9921875,0.0426554998522869,0.5180722891566265
06.27,9,5,L5I,1000.0,300000,0.244140625,78.369140625,0.001631218415829092,38.57421875,0.005661641534852774,0.49221183800623053
06.27,9,6,L6E,1000.0,300000,0.244140625,81.787109375,0.009816874470923932,37.59765625,0.03993130229075085,0.4597014925373134
06.27,9,7,L6I,1000.0,300000,0.244140625,77.880859375,0.004412359692900003,43.45703125,0.015784171724303426,0.5579937304075235
06.53,0,0,L23E,1000.0,300000,0.244140625,82.51953125,0.002834305050170275,42.48046875,0.010929239798497966,0.514792899408284
06.53,0,1,L23I,1000.0,300000,0.244140625,77.63671875,0.004348911057736322,35.888671875,0.015059956341010377,0.46226415094339623
06.53,0,2,L4E,1000.0,300000,0.244140625,79.58984375,0.025769043339973947,40.52734375,0.08404294509106766,0.50920245398773
06.53,0,3,L4I,1000.0,300000,0.244140625,79.833984375,0.00882389783249307,36.1328125,0.03365088504127818,0.4525993883792049
06.53,0,4,L5E,1000.0,300000,0.244140625,76.171875,0.014501146673542586,37.109375,0.04676392167626007,0.48717948717948717
06.53,0,5,L5I,1000.0,300000,0.244140625,81.0546875,0.002426303228494295,38.818359375,0.007937899537657863,0.4789156626506024
06.53,0,6,L6E,1000.0,300000,0.244140625,78.125,0.008012207079671246,37.109375,0.027923986475721623,0.475
06.53,0,7,L6I,1000.0,300000,0.244140625,78.61328125,0.0066818147797902735,43.9453125,0.020674960689063774,0.5590062111801242
06.53,1,0,L23E,1000.0,300000,0.244140625,77.880859375,0.0038682155519616157,35.64453125,0.01244107047548977,0.45768025078369906
06.53,1,1,L23I,1000.0,300000,0.244140625,82.03125,0.003982146478798497,36.62109375,0.01574751722769634,0.44642857142857145
06.53,1,2,L4E,1000.0,300000,0.244140625,83.251953125,0.02183530443699841,36.1328125,0.09093535198676689,0.4340175953079179
06.53,1,3,L4I,1000.0,300000,0.244140625,78.61328125,0.009870611661652604,39.55078125,0.030435134679835874,0.5031055900621118
06.53,1,4,L5E,1000.0,300000,0.244140625,77.1484375,0.012990936822532132,37.109375,0.04684593932565015,0.4810126582278481
06.53,1,5,L5I,1000.0,300000,0.244140625,83.251953125,0.0022724449634529825,41.748046875,0.008452988524564652,0.501466275659824
06.53,1,6,L6E,1000.0,300000,0.244140625,76.904296875,0.009062773160629426,38.57421875,0.026640438580591924,0.5015873015873016
06.53,1,7,L6I,1000.0,300000,0.244140625,84.228515625,0.0056399057482347074,41.259765625,0.021570386368655936,0.48985507246376814
06.53,2,0,L23E,1000.0,300000,0.244140625,75.927734375,0.00614552363694375,36.376953125,0.021360351488257604,0.4790996784565916
06.53,2,1,L23I,1000.0,300000,0.244140625,80.56640625,0.005416220026676408,42.236328125,0.01889860214008585,0.5242424242424243
06.53,2,2,L4E,1000.0,300000,0.244140625,79.58984375,0.032905980437008146,43.45703125,0.10910964897554114,0.5460122699386503
06.53,2,3,L4I,1000.0,300000,0.244140625,78.61328125,0.011008579919058625,36.376953125,0.03761715582593541,0.46273291925465837
06.53,2,4,L5E,1000.0,300000,0.244140625,81.787109375,0.01159176884004445,35.64453125,0.04830117128404612,0.43582089552238806
06.53,2,5,L5I,1000.0,300000,0.244140625,75.439453125,0.003314668806236577,37.353515625,0.011338190946749278,0.49514563106796117
06.53,2,6,L6E,1000.0,300000,0.244140625,76.904296875,0.007145353841396601,40.0390625,0.020918782406769296,0.5206349206349207
06.53,2,7,L6I,1000.0,300000,0.244140625,77.880859375,0.008085655873548004,40.0390625,0.025243191544497542,0.5141065830721003
06.53,3,0,L23E,1000.0,300000,0.244140625,80.810546875,0.003682948187018644,36.1328125,0.014986521920421936,0.4471299093655589
06.53,3,1,L23I,1000.0,300000,0.244140625,77.63671875,0.005278081039551343,39.0625,0.01642347569009117,0.5031446540880503
06.53,3,2,L4E,1000.0,300000,0.244140625,77.880859375,0.03129339885732738,37.59765625,0.09331962812721138,0.4827586206896552
06.53,3,3,L4I,1000.0,300000,0.244140625,77.63671875,0.010825853778531715,40.0390625,0.03318333214927368,0.5157232704402516
06.53,3,4,L5E,1000.0,300000,0.244140625,78.857421875,0.013271637086428572,42.48046875,0.0423155915797426,0.5386996904024768
06.53,3,5,L5I,1000.0,300000,0.244140625,76.904296875,0.0031287424086761774,43.9453125,0.009184402568289951,0.5714285714285714
06.53,3,6,L6E,1000.0,300000,0.244140625,75.927734375,0.0075845965691077825,36.865234375,0.02742280368897059,0.4855305466237942
06.53,3,7,L6I,1000.0,300000,0.244140625,76.171875,0.008503519668482224,35.400390625,0.025879796791759987,0.46474358974358976
06.53,4,0,L23E,1000.0,300000,0.244140625,77.392578125,0.0023823976819354656,36.62109375,0.0077617407271101104,0.47318611987381703
06.53,4,1,L23I,1000.0,300000,0.244140625,80.56640625,0.0032684169007650516,39.0625,0.012700816738018312,0.48484848484848486
06.53,4,2,L4E,1000.0,300000,0.244140625,78.61328125,0.021409779656453444,39.0625,0.06847752528494541,0.4968944099378882
06.53,4,3,L4I,1000.0,300000,0.244140625,77.1484375,0.008536663953097313,39.306640625,0.02755124050941975,0.509493670886076
06.53,4,4,L5E,1000.0,300000,0.244140625,76.66015625,0.014984031663676161,41.50390625,0.041141873494691374,0.5414012738853503
06.53,4,5,L5I,1000.0,300000,0.244140625,78.369140625,0.002396297100002136,38.0859375,0.007361962727325979,0.48598130841121495
06.53,4,6,L6E,1000.0,300000,0.244140625,80.322265625,0.008614160861084054,37.841796875,0.03274532320902515,0.47112462006079026
06.53,4,7,L6I,1000.0,300000,0.244140625,79.1015625,0.006002423497159644,39.0625,0.020060001263648014,0.49382716049382713
06.53,5,0,L23E,1000.0,300000,0.244140625,79.345703125,0.0037906270196408714,43.45703125,0.013203014938107167,0.5476923076923077
06.53,5,1,L23I,1000.0,300000,0.244140625,79.58984375,0.004736388223379584,37.59765625,0.016511359430424248,0.4723926380368098
06.53,5,2,L4E,1000.0,300000,0.244140625,80.810546875,0.025717395339042423,38.57421875,0.09766234688641784,0.4773413897280967
06.53,5,3,L4I,1000.0,300000,0.244140625,80.078125,0.009967763232975466,39.55078125,0.03057872781748016,0.49390243902439024
06.53,5,4,L5E,1000.0,300000,0.244140625,82.275390625,0.01100076910282553,38.57421875,0.047967829670160285,0.4688427299703264
06.53,5,5,L5I,1000.0,300000,0.244140625,80.810546875,0.002827543891032047,44.43359375,0.00838765035112664,0.5498489425981873
06.53,5,6,L6E,1000.0,300000,0.244140625,78.857421875,0.0077924879866396145,36.376953125,0.029106276150409807,0.4613003095975232
06.53,5,7,L6I,1000.0,300000,0.244140625,77.63671875,0.006935457516397291,38.330078125,0.023476995173113798,0.4937106918238994
06.53,6,0,L23E,1000.0,300000,0.244140625,83.0078125,0.0046572773568718615,41.50390625,0.017705820994770683,0.5
06.53,6,1,L23I,1000.0,300000,0.244140625,76.66015625,0.006422720768427732,40.283203125,0.019140413127494406,0.5254777070063694
06.53,6,2,L4E,1000.0,300000,0.244140625,78.125,0.03496089666614441,35.64453125,0.11700702805103332,0.45625
06.53,6,3,L4I,1000.0,300000,0.244140625,79.345703125,0.009844932926651381,38.330078125,0.039938747706650124,0.48307692307692307
06.53,6,4,L5E,1000.0,300000,0.244140625,77.880859375,0.015009246686212552,41.259765625,0.04589979954392042,0.5297805642633229
06.53,6,5,L5I,1000.0,300000,0.244140625,83.251953125,0.0025007088516438595,41.015625,0.010568718248212023,0.49266862170087977
06.53,6,6,L6E,1000.0,300000,0.244140625,76.904296875,0.007468432258937687,38.0859375,0.024507836771965552,0.49523809523809526
06.53,6,7,L6I,1000.0,300000,0.244140625,78.125,0.008179091274950272,41.259765625,0.025251105908597863,0.528125
06.53,7,0,L23E,1000.0,300000,0.244140625,83.251953125,0.0010118509532068356,41.015625,0.004045997641466899,0.49266862170087977
06.53,7,1,L23I,1000.0,300000,0.244140625,82.03125,0.0025261711892597023,41.9921875,0.008490015006855449,0.5119047619047619
06.53,7,2,L4E,1000.0,300000,0.244140625,80.56640625,0.01585248326286783,43.9453125,0.05189561174755552,0.5454545454545454
06.53,7,3,L4I,1000.0,300000,0.244140625,76.66015625,0.007192798849187996,41.50390625,0.022879609000734026,0.5414012738853503
06.53,7,4,L5E,1000.0,300000,0.244140625,76.416015625,0.014258528330661395,35.888671875,0.04439101507843811,0.4696485623003195
06.53,7,5,L5I,1000.0,300000,0.244140625,78.61328125,0.0018982687842246226,38.0859375,0.006314428073568742,0.484472049689441
06.53,7,6,L6E,1000.0,300000,0.244140625,82.51953125,0.008450751758761917,40.283203125,0.031474454157486134,0.4881656804733728
06.53,7,7,L6I,1000.0,300000,0.244140625,79.1015625,0.005570644747683793,36.62109375,0.02010395327055633,0.46296296296296297
06.53,8,0,L23E,1000.0,300000,0.244140625,80.078125,0.003477931507597786,41.015625,0.011626176030014403,0.5121951219512195
06.53,8,1,L23I,1000.0,300000,0.244140625,82.03125,0.003983737917570715,42.96875,0.013605710388649822,0.5238095238095238
06.53,8,2,L4E,1000.0,300000,0.244140625,77.392578125,0.02865076045042674,36.865234375,0.10026693042852618,0.47634069400630913
06.53,8,3,L4I,1000.0,300000,0.244140625,79.1015625,0.00972143810636829,42.96875,0.02976122294676549,0.5432098765432098
06.53,8,4,L5E,1000.0,300000,0.244140625,78.61328125,0.01207231594121228,37.841796875,0.047144537649259806,0.4813664596273292
06.53,8,5,L5I,1000.0,300000,0.244140625,80.322265625,0.0026591425809625066,37.59765625,0.009010434619470663,0.46808510638297873
06.53,8,6,L6E,1000.0,300000,0.244140625,77.1484375,0.009205184075954491,42.96875,0.025994036782379725,0.5569620253164557
06.53,8,7,L6I,1000.0,300000,0.244140625,79.58984375,0.007028987437158388,44.189453125,0.021301468572473586,0.5552147239263804
06.53,9,0,L23E,1000.0,300000,0.244140625,77.63671875,0.0016426525968513178,41.259765625,0.004788957994059322,0.5314465408805031
06.53,9,1,L23I,1000.0,300000,0.244140625,78.61328125,0.0031910070690838884,43.45703125,0.00939386837393645,0.5527950310559007
06.53,9,2,L4E,1000.0,300000,0.244140625,80.810546875,0.017090110822950175,43.45703125,0.05268144477107872,0.5377643504531722
06.53,9,3,L4I,1000.0,300000,0.244140625,76.171875,0.007855627117752078,37.841796875,0.026980098247006333,0.4967948717948718
06.53,9,4,L5E,1000.0,300000,0.244140625,81.54296875,0.011867786502442034,40.52734375,0.04602556802704404,0.49700598802395207
06.53,9,5,L5I,1000.0,300000,0.244140625,77.1484375,0.0021107842114808074,37.59765625,0.006977297999507783,0.4873417721518987
06.53,9,6,L6E,1000.0,300000,0.244140625,77.880859375,0.011217147228123437,37.841796875,0.034730026831508304,0.48589341692789967
06.53,9,7,L6I,1000.0,300000,0.244140625,75.68359375,0.006422377485423872,36.62109375,0.019673363915514146,0.4838709677419355
06.78,0,0,L23E,1000.0,300000,0.244140625,75.927734375,0.0014838447922472732,41.015625,0.004150919855250817,0.5401929260450161
06.78,0,1,L23I,1000.0,300000,0.244140625,81.787109375,0.00262541613687119,38.818359375,0.010010141101631542,0.4746268656716418
06.78,0,2,L4E,1000.0,300000,0.244140625,79.833984375,0.015314985754663984,38.330078125,0.06353464029224243,0.4801223241590214
06.78,0,3,L4I,1000.0,300000,0.244140625,80.810546875,0.006513808869080541,41.9921875,0.02198808622668435,0.5196374622356495
06.78,0,4,L5E,1000.0,300000,0.244140625,76.171875,0.013665430027705998,38.0859375,0.0435539928333914,0.5
06.78,0,5,L5I,1000.0,300000,0.244140625,79.833984375,0.001813716392508299,41.259765625,0.00641393659760172,0.5168195718654435
06.78,0,6,L6E,1000.0,300000,0.244140625,77.880859375,0.00961928025584183,42.48046875,0.032208371305435995,0.5454545454545454
06.78,0,7,L6I,1000.0,300000,0.244140625,81.787109375,0.005108932351821833,37.841796875,0.018031823041808098,0.4626865671641791
06.78,1,0,L23E,1000.0,300000,0.244140625,75.927734375,0.0023528998776249444,41.259765625,0.006852316455818451,0.5434083601286174
06.78,1,1,L23I,1000.0,300000,0.244140625,79.58984375,0.0034496534078384956,40.52734375,0.012252776314938946,0.50920245398773
06.78,1,2,L4E,1000.0,300000,0.244140625,82.763671875,0.016680895939884147,41.259765625,0.06222454772508673,0.49852507374631266
06.78,1,3,L4I,1000.0,300000,0.244140625,78.125,0.008504031740170379,43.45703125,0.02434776396916239,0.55625
06.78,1,4,L5E,1000.0,300000,0.244140625,76.66015625,0.01408649225844193,43.212890625,0.03896444710848317,0.5636942675159236
06.78,1,5,L5I,1000.0,300000,0.244140625,76.171875,0.0023826777888671822,41.259765625,0.007022968243768543,0.5416666666666666
06.78,1,6,L6E,1000.0,300000,0.244140625,78.857421875,0.009640423845122629,37.59765625,0.032292766049322345,0.47678018575851394
06.78,1,7,L6I,1000.0,300000,0.244140625,82.275390625,0.004913576428959055,41.015625,0.019765391615319185,0.49851632047477745
06.78,2,0,L23E,1000.0,300000,0.244140625,83.0078125,0.003297433806335987,39.55078125,0.014844985308902816,0.4764705882352941
06.78,2,1,L23I,1000.0,300000,0.244140625,75.68359375,0.005391304920660813,39.306640625,0.01755349822221092,0.5193548387096775
06.78,2,2,L4E,1000.0,300000,0.244140625,78.61328125,0.02890224107125735,42.236328125,0.09757707805019175,0.5372670807453416
06.78,2,3,L4I,1000.0,300000,0.244140625,75.68359375,0.011273971158785845,43.9453125,0.03143964970811671,0.5806451612903226
06.78,2,4,L5E,1000.0,300000,0.244140625,78.61328125,0.012714079852018022,39.0625,0.04642361536942245,0.4968944099378882
06.78,2,5,L5I,1000.0,300000,0.244140625,76.416015625,0.003297609922026957,38.818359375,0.009852973300463487,0.5079872204472844
06.78,2,6,L6E,1000.0,300000,0.244140625,82.03125,0.006472959362293183,38.0859375,0.02612301556896536,0.4642857142857143
06.78,2,7,L6I,1000.0,300000,0.244140625,81.0546875,0.006878120982087206,39.794921875,0.02560383382654705,0.49096385542168675
06.78,3,0,L23E,1000.0,300000,0.244140625,78.125,0.008708383931471816,43.212890625,0.024753651528237438,0.553125
06.78,3,1,L23I,1000.0,300000,0.244140625,80.56640625,0.00683590528266387,41.9921875,0.02165185483022009,0.5212121212121212
06.78,3,2,L4E,1000.0,300000,0.244140625,77.1484375,0.0458048964617635,38.57421875,0.1437029618846013,0.5
06.78,3,3,L4I,1000.0,300000,0.244140625,82.275390625,0.010927824308997152,37.353515625,0.044054033696625916,0.4540059347181009
06.78,3,4,L5E,1000.0,300000,0.244140625,76.904296875,0.017910541686585867,39.794921875,0.0469301598245411,0.5174603174603175
06.78,3,5,L5I,1000.0,300000,0.244140625,80.322265625,0.0034712382577326154,42.96875,0.012226620848399268,0.5349544072948328
06.78,3,6,L6E,1000.0,300000,0.244140625,78.857421875,0.0054000052391344885,38.330078125,0.018965217293714788,0.48606811145510836
06.78,3,7,L6I,1000.0,300000,0.244140625,81.787109375,0.008012017109210257,40.771484375,0.033446840987980314,0.49850746268656715
06.78,4,0,L23E,1000.0,300000,0.244140625,79.833984375,0.002723379303306104,39.794921875,0.008925962888858814,0.4984709480122324
06.78,4,1,L23I,1000.0,300000,0.244140625,79.1015625,0.0038036236127007785,39.0625,0.01244779590543384,0.49382716049382713
06.78,4,2,L4E,1000.0,300000,0.244140625,80.56640625,0.02087381021512154,38.0859375,0.07694777126848934,0.4727272727272727
06.78,4,3,L4I,1000.0,300000,0.244140625,76.66015625,0.008983482719213337,36.1328125,0.030975531253142594,0.4713375796178344
06.78,4,4,L5E,1000.0,300000,0.244140625,79.345703125,0.013559263726814211,39.794921875,0.04205747656031981,0.5015384615384615
06.78,4,5,L5I,1000.0,300000,0.244140625,78.857421875,0.002377076711780719,41.50390625,0.007589128383841595,0.5263157894736842
06.78,4,6,L6E,1000.0,300000,0.244140625,75.68359375,0.00969588288904516,41.50390625,0.027860597936856742,0.5483870967741935
06.78,4,7,L6I,1000.0,300000,0.244140625,83.251953125,0.005783333326446373,41.259765625,0.02042253214736985,0.49560117302052786
06.78,5,0,L23E,1000.0,300000,0.244140625,82.763671875,0.002764687539672825,38.818359375,0.012260938206162635,0.4690265486725664
06.78,5,1,L23I,1000.0,300000,0.244140625,78.857421875,0.004155934115995017,40.771484375,0.013468028816841868,0.5170278637770898
06.78,5,2,L4E,1000.0,300000,0.244140625,82.763671875,0.021037177716750625,41.259765625,0.07573062560673276,0.49852507374631266
06.78,5,3,L4I,1000.0,300000,0.244140625,81.54296875,0.007883097209401304,38.57421875,0.03153817556452182,0.47305389221556887
06.78,5,4,L5E,1000.0,300000,0.244140625,79.833984375,0.013905918407937687,40.0390625,0.042147011301624536,0.5015290519877675
06.78,5,5,L5I,1000.0,300000,0.244140625,76.416015625,0.002691682944708486,41.9921875,0.0077849462767134265,0.549520766773163
06.78,5,6,L6E,1000.0,300000,0.244140625,80.322265625,0.007514853467717217,40.283203125,0.027691211729343974,0.5015197568389058
06.78,5,7,L6I,1000.0,300000,0.244140625,78.369140625,0.007055266801362244,37.59765625,0.02337399986744773,0.4797507788161994
06.78,6,0,L23E,1000.0,300000,0.244140625,75.439453125,0.002575007378655555,35.400390625,0.008489916614932494,0.4692556634304207
06.78,6,1,L23I,1000.0,300000,0.244140625,75.927734375,0.0038999250919359157,40.283203125,0.012489117318652366,0.5305466237942122
06.78,6,2,L4E,1000.0,300000,0.244140625,76.66015625,0.022072217444509802,38.330078125,0.07060451937927457,0.5
06.78,6,3,L4I,1000.0,300000,0.244140625,82.763671875,0.006332494818023107,43.701171875,0.025837779505970476,0.528023598820059
06.78,6,4,L5E,1000.0,300000,0.244140625,78.857421875,0.012453504922102317,43.701171875,0.04176056695031762,0.5541795665634675
06.78,6,5,L5I,1000.0,300000,0.244140625,76.904296875,0.002576000300221727,38.0859375,0.0076694936113677475,0.49523809523809526
06.78,6,6,L6E,1000.0,300000,0.244140625,83.0078125,0.007248793052090065,36.376953125,0.03185458540354525,0.43823529411764706
06.78,6,7,L6I,1000.0,300000,0.244140625,82.03125,0.005372721213413449,41.9921875,0.020225242992367304,0.5119047619047619
06.78,7,0,L23E,1000.0,300000,0.244140625,77.880859375,0.005807803602823045,40.283203125,0.01728095613126076,0.5172413793103449
06.78,7,1,L23I,1000.0,300000,0.244140625,75.927734375,0.006290302875865198,40.283203125,0.018211071388497025,0.5305466237942122
06.78,7,2,L4E,1000.0,300000,0.244140625,76.171875,0.0362812218127618,39.55078125,0.10517063102670678,0.5192307692307693
06.78,7,3,L4I,1000.0,300000,0.244140625,76.66015625,0.011296768518385184,43.9453125,0.030139167733078166,0.5732484076433121
06.78,7,4,L5E,1000.0,300000,0.244140625,76.416015625,0.016040595051632005,42.48046875,0.042884616825047246,0.5559105431309904
06.78,7,5,L5I,1000.0,300000,0.244140625,78.369140625,0.002948680630255122,44.189453125,0.009681570655661815,0.5638629283489096
06.78,7,6,L6E,1000.0,300000,0.244140625,79.1015625,0.0067886670989369905,43.45703125,0.023121882221737472,0.5493827160493827
06.78,7,7,L6I,1000.0,300000,0.244140625,80.56640625,0.007146240715121904,38.0859375,0.02561068370114843,0.4727272727272727
06.78,8,0,L23E,1000.0,300000,0.244140625,77.392578125,0.00427938060329688,42.236328125,0.011684567678962211,0.5457413249211357
06.78,8,1,L23I,1000.0,300000,0.244140625,81.298828125,0.004068403819497621,36.62109375,0.015386293899428197,0.45045045045045046
06.78,8,2,L4E,1000.0,300000,0.244140625,78.125,0.026389449420655787,37.841796875,0.09008292117985756,0.484375
06.78,8,3,L4I,1000.0,300000,0.244140625,81.54296875,0.008307091620471918,43.45703125,0.0292460507448872,0.5329341317365269
06.78,8,4,L5E,1000.0,300000,0.244140625,80.56640625,0.012385767294248458,38.330078125,0.045863706483995945,0.47575757575757577
06.78,8,5,L5I,1000.0,300000,0.244140625,77.392578125,0.0027190470525916242,36.376953125,0.009539239783818656,0.47003154574132494
06.78,8,6,L6E,1000.0,300000,0.244140625,77.1484375,0.008329713680462215,36.865234375,0.028416247709639242,0.4778481012658228
06.78,8,7,L6I,1000.0,300000,0.244140625,77.880859375,0.006902710284757408,39.306640625,0.022668093660470193,0.5047021943573667
06.78,9,0,L23E,1000.0,300000,0.244140625,76.416015625,0.007958106380210252,38.330078125,0.02409887242607364,0.5015974440894568
06.78,9,1,L23I,1000.0,300000,0.244140625,76.66015625,0.006710762310721058,36.1328125,0.022342062310063464,0.4713375796178344
06.78,9,2,L4E,1000.0,300000,0.244140625,82.03125,0.034909906739610454,36.376953125,0.1242220955787051,0.44345238095238093
06.78,9,3,L4I,1000.0,300000,0.244140625,80.810546875,0.011653219596148205,40.771484375,0.04362617386364393,0.5045317220543807
06.78,9,4,L5E,1000.0,300000,0.244140625,76.416015625,0.016788303693597573,43.9453125,0.04373320754826081,0.5750798722044729
06.78,9,5,L5I,1000.0,300000,0.244140625,78.857421875,0.003631319821703559,39.794921875,0.011280445290969538,0.5046439628482973
06.78,9,6,L6E,1000.0,300000,0.244140625,76.171875,0.007196485513555486,42.724609375,0.019450777457189865,0.5608974358974359
06.78,9,7,L6I,1000.0,300000,0.244140625,75.68359375,0.009112653054561926,36.62109375,0.030487283165137234,0.4838709677419355
07.03,0,0,L23E,1000.0,300000,0.244140625,76.904296875,0.0044364207958338875,37.59765625,0.014851859769637061,0.4888888888888889
07.03,0,1,L23I,1000.0,300000,0.244140625,79.833984375,0.004479595080065522,39.0625,0.01599864698994324,0.4892966360856269
07.03,0,2,L4E,1000.0,300000,0.244140625,76.904296875,0.029214827587419268,37.59765625,0.09108584722935684,0.4888888888888889
07.03,0,3,L4I,1000.0,300000,0.244140625,76.416015625,0.01019110003003307,36.62109375,0.03510944345975502,0.4792332268370607
07.03,0,4,L5E,1000.0,300000,0.244140625,81.787109375,0.011341352719476524,43.45703125,0.038626644537645326,0.5313432835820896
07.03,0,5,L5I,1000.0,300000,0.244140625,79.833984375,0.002545000320275762,40.52734375,0.009199451192807007,0.5076452599388379
07.03,0,6,L6E,1000.0,300000,0.244140625,83.0078125,0.0063468725015487434,37.109375,0.027984669024309586,0.4470588235294118
07.03,0,7,L6I,1000.0,300000,0.244140625,83.251953125,0.005875954878391914,39.306640625,0.026201316207137133,0.47214076246334313
07.03,1,0,L23E,1000.0,300000,0.244140625,78.61328125,0.0011798702234023638,40.771484375,0.003456979440778582,0.5186335403726708
07.03,1,1,L23I,1000.0,300000,0.244140625,80.56640625,0.002433031961123308,40.283203125,0.009343080144349713,0.5
07.03,1,2,L4E,1000.0,300000,0.244140625,81.298828125,0.013252609173790958,39.306640625,0.04731377323688656,0.48348348348348347
07.03,1,3,L4I,1000.0,300000,0.244140625,80.322265625,0.006290608336583289,39.0625,0.022153620342658144,0.48632218844984804
07.03,1,4,L5E,1000.0,300000,0.244140625,75.927734375,0.013912436881098089,41.50390625,0.04700597062602439,0.5466237942122186
07.03,1,5,L5I,1000.0,300000,0.244140625,81.787109375,0.0016326695613116187,37.353515625,0.006282384422364843,0.45671641791044776
07.03,1,6,L6E,1000.0,300000,0.244140625,81.298828125,0.008651119209523765,39.794921875,0.03540590151752287,0.4894894894894895
07.03,1,7,L6I,1000.0,300000,0.244140625,81.0546875,0.005125883834488982,40.771484375,0.018079017865044563,0.5030120481927711
07.03,2,0,L23E,1000.0,300000,0.244140625,81.298828125,0.003942806619807942,40.0390625,0.013942702668027777,0.4924924924924925
07.03,2,1,L23I,1000.0,300000,0.244140625,78.857421875,0.005162720263554123,40.283203125,0.01716539843382644,0.5108359133126935
07.03,2,2,L4E,1000.0,300000,0.244140625,76.904296875,0.03330849466088801,39.55078125,0.09344936075015345,0.5142857142857142
07.03,2,3,L4I,1000.0,300000,0.244140625,81.0546875,0.008725281210444844,42.236328125,0.03299929834447884,0.5210843373493976
07.03,2,4,L5E,1000.0,300000,0.244140625,79.1015625,0.013217433668881971,36.376953125,0.0445820522839045,0.45987654320987653
07.03,2,5,L5I,1000.0,300000,0.244140625,76.171875,0.0031222095499365905,40.771484375,0.009194532822529461,0.5352564102564102
07.03,2,6,L6E,1000.0,300000,0.244140625,76.904296875,0.0078159523703088,39.55078125,0.02560835229764604,0.5142857142857142
07.03,2,7,L6I,1000.0,300000,0.244140625,75.439453125,0.008120011198944416,36.376953125,0.02597080185257512,0.48220064724919093
07.03,3,0,L23E,1000.0,300000,0.244140625,81.298828125,0.00385333572146263,43.9453125,0.014465498645651326,0.5405405405405406
07.03,3,1,L23I,1000.0,300000,0.244140625,76.904296875,0.005968370188085126,37.59765625,0.017905623602742657,0.4888888888888889
07.03,3,2,L4E,1000.0,300000,0.244140625,79.1015625,0.029944249296735774,35.64453125,0.10775463941507961,0.4506172839506173
07.03,3,3,L4I,1000.0,300000,0.244140625,79.833984375,0.009351903030173067,40.771484375,0.03865956731386868,0.5107033639143731
07.03,3,4,L5E,1000.0,300000,0.244140625,75.927734375,0.015618151965206054,38.57421875,0.04651776118509125,0.5080385852090032
07.03,3,5,L5I,1000.0,300000,0.244140625,77.392578125,0.00328847035210677,36.865234375,0.010237501871005606,0.47634069400630913
07.03,3,6,L6E,1000.0,300000,0.244140625,79.345703125,0.007039755666099277,43.9453125,0.02258680530706243,0.5538461538461539
07.03,3,7,L6I,1000.0,300000,0.244140625,80.810546875,0.006645857236956422,39.55078125,0.024622651521016583,0.48942598187311176
07.03,4,0,L23E,1000.0,300000,0.244140625,79.58984375,0.007717261109279785,35.64453125,0.026004851761189055,0.44785276073619634
07.03,4,1,L23I,1000.0,300000,0.244140625,77.1484375,0.007585020509192741,39.306640625,0.024141904428304422,0.509493670886076
07.03,4,2,L4E,1000.0,300000,0.244140625,83.0078125,0.029120727746507112,37.109375,0.13276469479097877,0.4470588235294118
07.03,4,3,L4I,1000.0,300000,0.244140625,76.66015625,0.013779648184003634,36.1328125,0.04544787373301868,0.4713375796178344
07.03,4,4,L5E,1000.0,300000,0.244140625,76.171875,0.01686005044225827,36.376953125,0.04704694134467422,0.4775641025641026
07.03,4,5,L5I,1000.0,300000,0.244140625,78.369140625,0.0034521518877056894,40.0390625,0.011435177920113003,0.5109034267912772
07.03,4,6,L6E,1000.0,300000,0.244140625,77.880859375,0.005785664485517757,43.212890625,0.01863982263658954,0.554858934169279
07.03,4,7,L6I,1000.0,300000,0.244140625,78.125,0.009440697897402735,40.771484375,0.031093406809372906,0.521875
07.03,5,0,L23E,1000.0,300000,0.244140625,82.763671875,0.004821281933207652,42.48046875,0.01734709593012232,0.5132743362831859
07.03,5,1,L23I,1000.0,300000,0.244140625,80.322265625,0.005077546322031888,39.794921875,0.019686081546925034,0.49544072948328266
07.03,5,2,L4E,1000.0,300000,0.244140625,76.904296875,0.035804728253754595,41.259765625,0.11205663097397132,0.5365079365079365
07.03,5,3,L4I,1000.0,300000,0.244140625,79.1015625,0.011393087793400966,42.96875,0.03421868950943594,0.5432098765432098
07.03,5,4,L5E,1000.0,300000,0.244140625,81.787109375,0.011685546257432955,39.794921875,0.046244514767538,0.48656716417910445
07.03,5,5,L5I,1000.0,300000,0.244140625,76.66015625,0.0034192674740140742,38.57421875,0.009913789356749737,0.5031847133757962
07.03,5,6,L6E,1000.0,300000,0.244140625,80.810546875,0.00613560347330203,37.59765625,0.024016709435286207,0.4652567975830816
07.03,5,7,L6I,1000.0,300000,0.244140625,80.322265625,0.0071094478439330845,36.1328125,0.030056215746052984,0.44984802431610943
07.03,6,0,L23E,1000.0,300000,0.244140625,80.078125,0.003024170451925307,39.0625,0.011255082168746572,0.4878048780487805
07.03,6,1,L23I,1000.0,300000,0.244140625,78.125,0.004293410655449773,38.0859375,0.013075526723918157,0.4875
07.03,6,2,L4E,1000.0,300000,0.244140625,76.904296875,0.024946720723388528,40.0390625,0.07571760428373421,0.5206349206349207
07.03,6,3,L4I,1000.0,300000,0.244140625,79.345703125,0.008563920065304714,39.306640625,0.03125619666716893,0.49538461538461537
07.03,6,4,L5E,1000.0,300000,0.244140625,79.1015625,0.011988124563217458,37.841796875,0.04535187874167909,0.4783950617283951
07.03,6,5,L5I,1000.0,300000,0.244140625,76.66015625,0.002813055298562466,39.794921875,0.008353142301399184,0.5191082802547771
07.03,6,6,L6E,1000.0,300000,0.244140625,76.171875,0.009868664569634703,37.109375,0.028339470468999723,0.48717948717948717
07.03,6,7,L6I,1000.0,300000,0.244140625,80.56640625,0.006262682721734204,41.748046875,0.020702190290811613,0.5181818181818182
07.03,7,0,L23E,1000.0,300000,0.244140625,78.61328125,0.006567516175984671,41.9921875,0.02357873627011947,0.5341614906832298
07.03,7,1,L23I,1000.0,300000,0.244140625,82.275390625,0.005416456877893806,43.45703125,0.021739477540530024,0.5281899109792285
07.03,7,2,L4E,1000.0,300000,0.244140625,77.392578125,0.03764234943304491,42.96875,0.10935548389835595,0.555205047318612
07.03,7,3,L4I,1000.0,300000,0.244140625,78.61328125,0.012299711323661783,37.109375,0.04463632775220163,0.4720496894409938
07.03,7,4,L5E,1000.0,300000,0.244140625,82.51953125,0.011654194797539126,37.841796875,0.04920987201335262,0.45857988165680474
07.03,7,5,L5I,1000.0,300000,0.244140625,79.833984375,0.0034403666305926044,43.212890625,0.01016683473098284,0.5412844036697247
07.03,7,6,L6E,1000.0,300000,0.244140625,78.857421875,0.006040723122954839,39.306640625,0.018729731561978963,0.4984520123839009
07.03,7,7,L6I,1000.0,300000,0.244140625,79.1015625,0.008371142433358632,42.236328125,0.028722501401902908,0.5339506172839507
07.03,8,0,L23E,1000.0,300000,0.244140625,75.68359375,0.00587929706520587,40.771484375,0.017285520511694647,0.5387096774193548
07.03,8,1,L23I,1000.0,300000,0.244140625,79.345703125,0.005489349273621409,36.62109375,0.01930280817916802,0.46153846153846156
07.03,8,2,L4E,1000.0,300000,0.244140625,78.369140625,0.028436490782795778,39.306640625,0.10280026046671026,0.5015576323987538
07.03,8,3,L4I,1000.0,300000,0.244140625,78.125,0.010521157737750104,41.748046875,0.03500987076966632,0.534375
07.03,8,4,L5E,1000.0,300000,0.244140625,79.833984375,0.01234513219781587,36.376953125,0.048927844153129535,0.45565749235474007
07.03,8,5,L5I,1000.0,300000,0.244140625,78.857421875,0.003146883624326328,39.55078125,0.010136488343629846,0.5015479876160991
07.03,8,6,L6E,1000.0,300000,0.244140625,82.03125,0.0061719224046163515,39.306640625,0.025238633536413525,0.4791666666666667
07.03,8,7,L6I,1000.0,300000,0.244140625,80.56640625,0.006683770399655688,39.0625,0.026153975311174138,0.48484848484848486
07.03,9,0,L23E,1000.0,300000,0.244140625,80.322265625,0.0013719934659998916,36.1328125,0.005489109902903438,0.44984802431610943
07.03,9,1,L23I,1000.0,300000,0.244140625,77.63671875,0.0031745664690416247,41.015625,0.009016823760086721,0.5283018867924528
07.03,9,2,L4E,1000.0,300000,0.244140625,77.63671875,0.01858760942039064,41.50390625,0.06055532290535669,0.5345911949685535
07.03,9,3,L4I,1000.0,300000,0.244140625,77.880859375,0.00823559312225994,40.771484375,0.022739953197325823,0.5235109717868338
07.03,9,4,L5E,1000.0,300000,0.244140625,83.251953125,0.011377127712371945,41.259765625,0.04101549622780974,0.49560117302052786
07.03,9,5,L5I,1000.0,300000,0.244140625,79.833984375,0.0018371770232985603,42.724609375,0.006290288257721538,0.5351681957186545
07.03,9,6,L6E,1000.0,300000,0.244140625,83.251953125,0.008567222441134024,40.0390625,0.03283243791805455,0.4809384164222874
07.03,9,7,L6I,1000.0,300000,0.244140625,76.904296875,0.0061352956414163435,41.9921875,0.01833323232339371,0.546031746031746
07.8,0,0,L23E,1000.0,300000,0.244140625,80.56640625,0.005745843638261942,36.376953125,0.02243843811845074,0.45151515151515154
07.8,0,1,L23I,1000.0,300000,0.244140625,81.54296875,0.0057998162342004726,40.771484375,0.021065885017686144,0.5
07.8,0,2,L4E,1000.0,300000,0.244140625,81.787109375,0.03241575885875896,41.50390625,0.11022562756873343,0.5074626865671642
07.8,0,3,L4I,1000.0,300000,0.244140625,76.904296875,0.012046065955105894,38.330078125,0.039355184156558545,0.4984126984126984
07.8,0,4,L5E,1000.0,300000,0.244140625,80.810546875,0.012255107373335315,43.45703125,0.041686930360805195,0.5377643504531722
07.8,0,5,L5I,1000.0,300000,0.244140625,77.63671875,0.0037044633766142292,41.50390625,0.010749655194607414,0.5345911949685535
07.8,0,6,L6E,1000.0,300000,0.244140625,77.392578125,0.006061495608790699,36.62109375,0.02238812747894612,0.47318611987381703
07.8,0,7,L6I,1000.0,300000,0.244140625,75.927734375,0.010129526522481771,37.841796875,0.031869175694923355,0.4983922829581994
07.8,1,0,L23E,1000.0,300000,0.244140625,79.58984375,0.007280181600477291,41.9921875,0.023193293769815226,0.5276073619631901
07.8,1,1,L23I,1000.0,300000,0.244140625,76.66015625,0.007129290050626541,43.212890625,0.022114191116209256,0.5636942675159236
07.8,1,2,L4E,1000.0,300000,0.244140625,80.322265625,0.03321584343209584,39.0625,0.12712397881883447,0.48632218844984804
07.8,1,3,L4I,1000.0,300000,0.244140625,81.0546875,0.01118458516849095,37.353515625,0.045566643014588744,0.4608433734939759
07.8,1,4,L5E,1000.0,300000,0.244140625,80.078125,0.015391467441368826,37.841796875,0.0487192865721036,0.4725609756097561
07.8,1,5,L5I,1000.0,300000,0.244140625,80.810546875,0.003343850671063052,42.48046875,0.0113926601834823,0.525679758308157
07.8,1,6,L6E,1000.0,300000,0.244140625,77.880859375,0.006578119203180912,40.52734375,0.019539182538262603,0.5203761755485894
07.8,1,7,L6I,1000.0,300000,0.244140625,82.03125,0.007050698305881869,36.865234375,0.032002100427471356,0.4494047619047619
07.8,2,0,L23E,1000.0,300000,0.244140625,83.984375,0.00390106854449958,37.109375,0.017840242829399215,0.4418604651162791
07.8,2,1,L23I,1000.0,300000,0.244140625,77.392578125,0.00576851491013493,37.353515625,0.01762646709165909,0.48264984227129337
07.8,2,2,L4E,1000.0,300000,0.244140625,77.1484375,0.033005123050683594,39.0625,0.10182778925926339,0.5063291139240507
07.8,2,3,L4I,1000.0,300000,0.244140625,77.1484375,0.010956209165781362,42.96875,0.03436847467906308,0.5569620253164557
07.8,2,4,L5E,1000.0,300000,0.244140625,82.275390625,0.011408289314436004,41.259765625,0.04387572048016409,0.5014836795252225
07.8,2,5,L5I,1000.0,300000,0.244140625,77.880859375,0.0030064339297912737,43.701171875,0.009209265835300058,0.5611285266457681
07.8,2,6,L6E,1000.0,300000,0.244140625,79.58984375,0.006776293118284555,36.376953125,0.02395994176515383,0.4570552147239264
07.8,2,7,L6I,1000.0,300000,0.244140625,83.740234375,0.0058320437130628035,40.0390625,0.025178600829075717,0.478134110787172
07.8,3,0,L23E,1000.0,300000,0.244140625,78.61328125,0.00429633069252156,37.841796875,0.01494153629688577,0.4813664596273292
07.8,3,1,L23I,1000.0,300000,0.244140625,76.416015625,0.005426978398590802,38.330078125,0.016196170084148843,0.5015974440894568
07.8,3,2,L4E,1000.0,300000,0.244140625,81.787109375,0.024577514623415564,41.015625,0.08729597033945379,0.5014925373134328
07.8,3,3,L4I,1000.0,300000,0.244140625,77.392578125,0.010640710291281072,41.015625,0.03315315945213109,0.5299684542586751
07.8,3,4,L5E,1000.0,300000,0.244140625,76.904296875,0.015352178940057122,43.9453125,0.04299886700635377,0.5714285714285714
07.8,3,5,L5I,1000.0,300000,0.244140625,80.56640625,0.0024296250929932172,36.62109375,0.009835338837754679,0.45454545454545453
07.8,3,6,L6E,1000.0,300000,0.244140625,81.298828125,0.007064742865067037,35.888671875,0.027863622953260926,0.44144144144144143
07.8,3,7,L6I,1000.0,300000,0.244140625,78.369140625,0.0072265306124803825,41.259765625,0.022857948588924405,0.5264797507788161
07.8,4,0,L23E,1000.0,300000,0.244140625,76.904296875,0.006317470045067579,36.865234375,0.020669263173728455,0.4793650793650794
07.8,4,1,L23I,1000.0,300000,0.244140625,83.0078125,0.005056575745297064,40.0390625,0.017567184841527805,0.4823529411764706
07.8,4,2,L4E,1000.0,300000,0.244140625,78.61328125,0.03352490034161598,40.0390625,0.11124712085889546,0.5093167701863354
07.8,4,3,L4I,1000.0,300000,0.244140625,81.0546875,0.009661120122526068,39.306640625,0.04285151821036052,0.48493975903614456
07.8,4,4,L5E,1000.0,300000,0.244140625,78.369140625,0.014201003736806836,41.015625,0.04542982428837313,0.5233644859813084
07.8,4,5,L5I,1000.0,300000,0.244140625,82.275390625,0.0027789635076610297,43.212890625,0.010418677181013651,0.5252225519287834
07.8,4,6,L6E,1000.0,300000,0.244140625,77.392578125,0.0070603097647409015,42.48046875,0.019077262888144327,0.5488958990536278
07.8,4,7,L6I,1000.0,300000,0.244140625,83.251953125,0.006884950306144737,37.109375,0.0290933472158826,0.44574780058651026
07.8,5,0,L23E,1000.0,300000,0.244140625,78.125,0.0052304797534564115,37.353515625,0.01887840205458493,0.478125
07.8,5,1,L23I,1000.0,300000,0.244140625,76.904296875,0.006118086460131801,40.52734375,0.018701806554958445,0.526984126984127
07.8,5,2,L4E,1000.0,300000,0.244140625,78.369140625,0.031666491298994605,38.57421875,0.11165139493487852,0.49221183800623053
07.8,5,3,L4I,1000.0,300000,0.244140625,78.857421875,0.011547232181772615,38.0859375,0.03715633580703067,0.48297213622291024
07.8,5,4,L5E,1000.0,300000,0.244140625,75.927734375,0.013932991024127503,40.0390625,0.04553299380347772,0.5273311897106109
07.8,5,5,L5I,1000.0,300000,0.244140625,75.927734375,0.0033954407621028275,35.888671875,0.01157753610294757,0.47266881028938906
07.8,5,6,L6E,1000.0,300000,0.244140625,78.369140625,0.007019913374961534,41.748046875,0.022261165707397005,0.5327102803738317
07.8,5,7,L6I,1000.0,300000,0.244140625,78.857421875,0.0076953147158261796,36.62109375,0.027296836918539805,0.46439628482972134
07.8,6,0,L23E,1000.0,300000,0.244140625,76.66015625,0.007288026325095706,41.015625,0.020896283664582196,0.535031847133758
07.8,6,1,L23I,1000.0,300000,0.244140625,83.740234375,0.00447753235043545,41.9921875,0.020585153698169847,0.5014577259475219
07.8,6,2,L4E,1000.0,300000,0.244140625,77.880859375,0.03380097460582989,40.771484375,0.11902707410555172,0.5235109717868338
07.8,6,3,L4I,1000.0,300000,0.244140625,79.1015625,0.012274442713180293,40.0390625,0.040357412344719915,0.5061728395061729
07.8,6,4,L5E,1000.0,300000,0.244140625,77.1484375,0.01598326186698977,36.376953125,0.049109905462260614,0.47151898734177217
07.8,6,5,L5I,1000.0,300000,0.244140625,81.298828125,0.0029891290697815487,40.283203125,0.011527271220238782,0.4954954954954955
07.8,6,6,L6E,1000.0,300000,0.244140625,82.51953125,0.00521667397227872,43.701171875,0.020029610999940214,0.5295857988165681
07.8,6,7,L6I,1000.0,300000,0.244140625,78.125,0.008731304205352685,37.353515625,0.029340434195091945,0.478125
07.8,7,0,L23E,1000.0,300000,0.244140625,82.275390625,0.0040785721344041796,38.57421875,0.015461658587883913,0.4688427299703264
07.8,7,1,L23I,1000.0,300000,0.244140625,77.880859375,0.004731743111096328,40.0390625,0.01764868204434912,0.5141065830721003
07.8,7,2,L4E,1000.0,300000,0.244140625,77.1484375,0.03285294294296576,37.841796875,0.09584415276305895,0.49050632911392406
07.8,7,3,L4I,1000.0,300000,0.244140625,77.392578125,0.010644648693826987,40.283203125,0.032026153156403496,0.5205047318611987
07.8,7,4,L5E,1000.0,300000,0.244140625,82.763671875,0.011611323283003542,38.57421875,0.04320069017311015,0.46607669616519176
07.8,7,5,L5I,1000.0,300000,0.244140625,77.392578125,0.003078114122115592,42.236328125,0.008476756572448181,0.5457413249211357
07.8,7,6,L6E,1000.0,300000,0.244140625,77.1484375,0.008047001798166028,43.45703125,0.025217987970600875,0.5632911392405063
07.8,7,7,L6I,1000.0,300000,0.244140625,77.392578125,0.008302721454240889,36.62109375,0.024712640429377167,0.47318611987381703
07.8,8,0,L23E,1000.0,300000,0.244140625,80.078125,0.0028299242176598248,41.748046875,0.00847453247256947,0.5213414634146342
07.8,8,1,L23I,1000.0,300000,0.244140625,76.904296875,0.0039915766839966746,37.59765625,0.013092165962690298,0.4888888888888889
07.8,8,2,L4E,1000.0,300000,0.244140625,82.51953125,0.01950187725323257,36.376953125,0.08252781333677112,0.4408284023668639
07.8,8,3,L4I,1000.0,300000,0.244140625,80.322265625,0.007538984239994806,42.48046875,0.024984934160329365,0.5288753799392097
07.8,8,4,L5E,1000.0,300000,0.244140625,78.61328125,0.012555503329522282,38.57421875,0.040819872413088876,0.4906832298136646
07.8,8,5,L5I,1000.0,300000,0.244140625,83.251953125,0.0019793738904189903,41.259765625,0.007967731460614958,0.49560117302052786
07.8,8,6,L6E,1000.0,300000,0.244140625,81.0546875,0.007915620233104957,42.724609375,0.028476599396457216,0.5271084337349398
07.8,8,7,L6I,1000.0,300000,0.244140625,83.251953125,0.004430689243352294,40.283203125,0.019773609823301452,0.4838709677419355
07.8,9,0,L23E,1000.0,300000,0.244140625,76.66015625,0.003635817355372431,40.0390625,0.010821704844325018,0.5222929936305732
07.8,9,1,L23I,1000.0,300000,0.244140625,78.369140625,0.004373491283221008,41.9921875,0.013669980420052028,0.5358255451713395
07.8,9,2,L4E,1000.0,300000,0.244140625,79.345703125,0.026870503721262935,37.353515625,0.08583567761172896,0.4707692307692308
07.8,9,3,L4I,1000.0,300000,0.244140625,81.298828125,0.008119373572493737,36.1328125,0.03247791490244783,0.4444444444444444
07.8,9,4,L5E,1000.0,300000,0.244140625,75.927734375,0.013209099269658773,39.0625,0.042071083227415526,0.5144694533762058
07.8,9,5,L5I,1000.0,300000,0.244140625,79.58984375,0.002432630619079473,37.353515625,0.009122925786674634,0.46932515337423314
07.8,9,6,L6E,1000.0,300000,0.244140625,76.416015625,0.009038532282955139,40.0390625,0.026211402674358376,0.5239616613418531
07.8,9,7,L6I,1000.0,300000,0.244140625,75.927734375,0.007581914257559807,36.62109375,0.023076531498599142,0.48231511254019294
07.29,0,0,L23E,1000.0,300000,0.244140625,83.0078125,0.0026255413736297794,38.330078125,0.010299154085087983,0.46176470588235297
07.29,0,1,L23I,1000.0,300000,0.244140625,77.1484375,0.004203219949628775,36.376953125,0.013217697429095347,0.47151898734177217
07.29,0,2,L4E,1000.0,300000,0.244140625,77.392578125,0.023735663197001957,41.259765625,0.0779822028825042,0.5331230283911672
07.29,0,3,L4I,1000.0,300000,0.244140625,80.078125,0.007898113046127921,38.330078125,0.028886884012661564,0.47865853658536583
07.29,0,4,L5E,1000.0,300000,0.244140625,76.904296875,0.013422635014015239,41.259765625,0.04406725028343352,0.5365079365079365
07.29,0,5,L5I,1000.0,300000,0.244140625,80.078125,0.0024095280712775726,38.818359375,0.009085053091865313,0.4847560975609756
07.29,0,6,L6E,1000.0,300000,0.244140625,81.0546875,0.007755329710399959,41.015625,0.02764873440770762,0.5060240963855421
07.29,0,7,L6I,1000.0,300000,0.244140625,78.857421875,0.0067821508735961536,39.55078125,0.022882183021142193,0.5015479876160991
07.29,1,0,L23E,1000.0,300000,0.244140625,77.392578125,0.006346664231265865,40.771484375,0.020067514147603514,0.526813880126183
07.29,1,1,L23I,1000.0,300000,0.244140625,78.61328125,0.006566375232140095,39.0625,0.020436023872967918,0.4968944099378882
07.29,1,2,L4E,1000.0,300000,0.244140625,75.68359375,0.03556815504875819,40.52734375,0.1100666405619527,0.535483870967742
07.29,1,3,L4I,1000.0,300000,0.244140625,77.392578125,0.010736620575184399,41.015625,0.034390355911018924,0.5299684542586751
07.29,1,4,L5E,1000.0,300000,0.244140625,79.345703125,0.013777381800965577,39.306640625,0.04732459036047271,0.49538461538461537
07.29,1,5,L5I,1000.0,300000,0.244140625,79.58984375,0.002896897952445834,38.330078125,0.010702654806327495,0.4815950920245399
07.29,1,6,L6E,1000.0,300000,0.244140625,81.54296875,0.00585160885481942,39.0625,0.023398480802289796,0.47904191616766467
07.29,1,7,L6I,1000.0,300000,0.244140625,75.68359375,0.008434321550473902,36.1328125,0.029173091704249057,0.4774193548387097
07.29,2,0,L23E,1000.0,300000,0.244140625,76.416015625,0.0041759365366305454,36.865234375,0.012509482528113295,0.48242811501597443
07.29,2,1,L23I,1000.0,300000,0.244140625,83.251953125,0.00413846839177398,39.794921875,0.015480119045020469,0.4780058651026393
07.29,2,2,L4E,1000.0,300000,0.244140625,79.1015625,0.025725751755415832,37.109375,0.09555198663799151,0.4691358024691358
07.29,2,3,L4I,1000.0,300000,0.244140625,76.416015625,0.010963925786126509,41.50390625,0.029922134060875048,0.5431309904153354
07.29,2,4,L5E,1000.0,300000,0.244140625,76.416015625,0.01579909490222207,42.236328125,0.04027930237639827,0.5527156549520766
07.29,2,5,L5I,1000.0,300000,0.244140625,77.880859375,0.0026051990655801345,40.52734375,0.008882748031158134,0.5203761755485894
07.29,2,6,L6E,1000.0,300000,0.244140625,80.322265625,0.008320971809442702,42.48046875,0.025991004440305058,0.5288753799392097
07.29,2,7,L6I,1000.0,300000,0.244140625,80.56640625,0.006294731553397505,38.57421875,0.024954545786324864,0.47878787878787876
07.29,3,0,L23E,1000.0,300000,0.244140625,75.927734375,0.010994894284870545,35.888671875,0.03145289628020011,0.47266881028938906
07.29,3,1,L23I,1000.0,300000,0.244140625,79.1015625,0.007958668961889358,35.888671875,0.02826379437783951,0.4537037037037037
07.29,3,2,L4E,1000.0,300000,0.244140625,76.171875,0.04510800949950242,39.306640625,0.15247202839831733,0.5160256410256411
07.29,3,3,L4I,1000.0,300000,0.244140625,76.66015625,0.015346906691248049,43.45703125,0.04429283996241497,0.5668789808917197
07.29,3,4,L5E,1000.0,300000,0.244140625,75.68359375,0.016594776952399103,40.283203125,0.04950924904443113,0.532258064516129
07.29,3,5,L5I,1000.0,300000,0.244140625,80.56640625,0.003847354167534806,36.376953125,0.01606641782130043,0.45151515151515154
07.29,3,6,L6E,1000.0,300000,0.244140625,83.251953125,0.003952153480119724,36.1328125,0.01772994207144738,0.4340175953079179
07.29,3,7,L6I,1000.0,300000,0.244140625,80.322265625,0.009103455139802886,37.841796875,0.03356874199289667,0.47112462006079026
07.29,4,0,L23E,1000.0,300000,0.244140625,82.763671875,0.0005396499947608252,37.59765625,0.0019851030650781232,0.45427728613569324
07.29,4,1,L23I,1000.0,300000,0.244140625,77.880859375,0.0023925482134397077,37.59765625,0.00740604599535294,0.4827586206896552
07.29,4,2,L4E,1000.0,300000,0.244140625,78.61328125,0.013795071100265472,43.45703125,0.040819781373114455,0.5527950310559007
07.29,4,3,L4I,1000.0,300000,0.244140625,77.63671875,0.00550279345988123,41.9921875,0.01974290802451806,0.5408805031446541
07.29,4,4,L5E,1000.0,300000,0.244140625,83.740234375,0.009704701155325358,41.259765625,0.041740992698540695,0.49271137026239065
07.29,4,5,L5I,1000.0,300000,0.244140625,77.1484375,0.0018135958598031248,40.52734375,0.00545757533439651,0.5253164556962026
07.29,4,6,L6E,1000.0,300000,0.244140625,79.1015625,0.010868708564573747,41.015625,0.0331994184094278,0.5185185185185185
07.29,4,7,L6I,1000.0,300000,0.244140625,79.833984375,0.004734977710575687,42.724609375,0.014745044202855795,0.5351681957186545
07.29,5,0,L23E,1000.0,300000,0.244140625,77.1484375,0.0027913666856025357,41.015625,0.008047406939950104,0.5316455696202531
07.29,5,1,L23I,1000.0,300000,0.244140625,76.904296875,0.003703494126042068,37.353515625,0.012874850770343985,0.4857142857142857
07.29,5,2,L4E,1000.0,300000,0.244140625,76.171875,0.023414134255315067,38.818359375,0.07486238099413545,0.5096153846153846
07.29,5,3,L4I,1000.0,300000,0.244140625,79.345703125,0.007856702795538816,39.794921875,0.027578567569832513,0.5015384615384615
07.29,5,4,L5E,1000.0,300000,0.244140625,78.61328125,0.012880330448669819,39.55078125,0.04183232755614148,0.5031055900621118
07.29,5,5,L5I,1000.0,300000,0.244140625,76.904296875,0.0024580757126238533,36.865234375,0.007755251442952278,0.4793650793650794
07.29,5,6,L6E,1000.0,300000,0.244140625,80.078125,0.008439669598599979,37.109375,0.02844637882842217,0.4634146341463415
07.29,5,7,L6I,1000.0,300000,0.244140625,80.078125,0.005659765205554136,36.376953125,0.022994141642247175,0.45426829268292684
07.29,6,0,L23E,1000.0,300000,0.244140625,83.251953125,0.0029479806001078837,43.45703125,0.009833745604163557,0.5219941348973607
07.29,6,1,L23I,1000.0,300000,0.244140625,77.1484375,0.004757876291946696,36.376953125,0.016779296297656128,0.47151898734177217
07.29,6,2,L4E,1000.0,300000,0.244140625,76.416015625,0.027957425291584927,40.52734375,0.08516244089209862,0.5303514376996805
07.29,6,3,L4I,1000.0,300000,0.244140625,80.078125,0.008856406732545704,38.0859375,0.033014032951707295,0.47560975609756095
07.29,6,4,L5E,1000.0,300000,0.244140625,79.833984375,0.011779609910227622,41.015625,0.0416500745195802,0.5137614678899083
07.29,6,5,L5I,1000.0,300000,0.244140625,81.0546875,0.002238355216721134,37.841796875,0.008985592077461128,0.46686746987951805
07.29,6,6,L6E,1000.0,300000,0.244140625,77.1484375,0.008825993598774303,41.50390625,0.025591365836639374,0.5379746835443038
07.29,6,7,L6I,1000.0,300000,0.244140625,81.54296875,0.006811254850392192,42.96875,0.023686689086477714,0.5269461077844312
07.29,7,0,L23E,1000.0,300000,0.244140625,80.322265625,0.0006252727882138339,39.0625,0.0020771719493120878,0.48632218844984804
07.29,7,1,L23I,1000.0,300000,0.244140625,77.63671875,0.0024595944504480203,40.52734375,0.006847649356191781,0.5220125786163522
07.29,7,2,L4E,1000.0,300000,0.244140625,78.125,0.013608356989531901,35.64453125,0.04760884761496871,0.45625
07.29,7,3,L4I,1000.0,300000,0.244140625,77.1484375,0.006736313262180033,36.1328125,0.02180476628725253,0.46835443037974683
07.29,7,4,L5E,1000.0,300000,0.244140625,79.1015625,0.01285074067417135,39.55078125,0.04295048510758553,0.5
07.29,7,5,L5I,1000.0,300000,0.244140625,81.54296875,0.001661711343912744,36.1328125,0.005605275593023362,0.4431137724550898
07.29,7,6,L6E,1000.0,300000,0.244140625,77.880859375,0.010756982667723692,39.306640625,0.03482382815228088,0.5047021943573667
07.29,7,7,L6I,1000.0,300000,0.244140625,80.078125,0.0045837159996998215,41.748046875,0.01609186097108538,0.5213414634146342
07.29,8,0,L23E,1000.0,300000,0.244140625,79.1015625,0.005508361701245464,36.376953125,0.019900779956467277,0.45987654320987653
07.29,8,1,L23I,1000.0,300000,0.244140625,76.904296875,0.007037377306170447,43.212890625,0.019108509737159208,0.5619047619047619
07.29,8,2,L4E,1000.0,300000,0.244140625,77.63671875,0.035766523181143324,35.64453125,0.12181211886764519,0.4591194968553459
07.29,8,3,L4I,1000.0,300000,0.244140625,76.416015625,0.012131637166225444,35.888671875,0.04163520512285643,0.4696485623003195
07.29,8,4,L5E,1000.0,300000,0.244140625,79.833984375,0.01330049150866038,37.841796875,0.04698233141071811,0.4740061162079511
07.29,8,5,L5I,1000.0,300000,0.244140625,76.66015625,0.0037636732460167594,40.52734375,0.010891659503666006,0.5286624203821656
07.29,8,6,L6E,1000.0,300000,0.244140625,79.1015625,0.006748520799736173,40.0390625,0.02128714227931385,0.5061728395061729
07.29,8,7,L6I,1000.0,300000,0.244140625,76.66015625,0.009223158278489449,41.259765625,0.028441763892899825,0.5382165605095541
07.29,9,0,L23E,1000.0,300000,0.244140625,75.68359375,0.006992651751004475,38.0859375,0.024019799075538993,0.5032258064516129
07.29,9,1,L23I,1000.0,300000,0.244140625,76.171875,0.007284175895842427,39.55078125,0.021588556696513488,0.5192307692307693
07.29,9,2,L4E,1000.0,300000,0.244140625,81.298828125,0.03250155291900842,42.236328125,0.11532394567980644,0.5195195195195195
07.29,9,3,L4I,1000.0,300000,0.244140625,78.125,0.011653344051550545,36.1328125,0.03877233243548297,0.4625
07.29,9,4,L5E,1000.0,300000,0.244140625,76.66015625,0.014448217596558023,38.57421875,0.04383375189297745,0.5031847133757962
07.29,9,5,L5I,1000.0,300000,0.244140625,79.58984375,0.0030367307747037856,36.1328125,0.011873065512589721,0.4539877300613497
07.29,9,6,L6E,1000.0,300000,0.244140625,79.345703125,0.00601951572193983,37.353515625,0.020188600157521826,0.4707692307692308
07.29,9,7,L6I,1000.0,300000,0.244140625,76.416015625,0.009455336596936833,44.189453125,0.02497061531919881,0.5782747603833865
07.54,0,0,L23E,1000.0,300000,0.244140625,80.078125,0.0024902921217378926,42.724609375,0.009096679404670637,0.5335365853658537
07.54,0,1,L23I,1000.0,300000,0.244140625,77.392578125,0.003803489390856302,38.330078125,0.012454335623671443,0.4952681388012618
07.54,0,2,L4E,1000.0,300000,0.244140625,75.927734375,0.024677444448373352,39.55078125,0.07308204360052971,0.5209003215434084
07.54,0,3,L4I,1000.0,300000,0.244140625,79.833984375,0.007993914127863008,36.865234375,0.031942424778965625,0.4617737003058104
07.54,0,4,L5E,1000.0,300000,0.244140625,76.66015625,0.013921541439003484,36.865234375,0.046466656746911084,0.48089171974522293
07.54,0,5,L5I,1000.0,300000,0.244140625,77.880859375,0.002483076510027549,41.748046875,0.007289129859300731,0.5360501567398119
07.54,0,6,L6E,1000.0,300000,0.244140625,78.369140625,0.009084307861748422,44.189453125,0.027464626999547898,0.5638629283489096
07.54,0,7,L6I,1000.0,300000,0.244140625,77.880859375,0.006205093049082909,37.59765625,0.024436431312954802,0.4827586206896552
07.54,1,0,L23E,1000.0,300000,0.244140625,81.54296875,0.006552456674459829,35.64453125,0.027932772399107537,0.437125748502994
07.54,1,1,L23I,1000.0,300000,0.244140625,80.078125,0.006604252518429564,37.109375,0.02457276435654399,0.4634146341463415
07.54,1,2,L4E,1000.0,300000,0.244140625,76.171875,0.040885087637895,36.865234375,0.12324994071327672,0.483974358974359
07.54,1,3,L4I,1000.0,300000,0.244140625,80.322265625,0.011472233842438392,37.109375,0.04352841296814882,0.46200607902735563
07.54,1,4,L5E,1000.0,300000,0.244140625,80.56640625,0.013306493524856248,37.59765625,0.05075856425599745,0.4666666666666667
07.54,1,5,L5I,1000.0,300000,0.244140625,77.63671875,0.003862795651702383,36.865234375,0.012144113756541224,0.4748427672955975
07.54,1,6,L6E,1000.0,300000,0.244140625,82.03125,0.005280200430044243,40.0390625,0.019102844716503867,0.4880952380952381
07.54,1,7,L6I,1000.0,300000,0.244140625,75.439453125,0.00999249813848583,38.57421875,0.032975209251117354,0.511326860841424
07.54,2,0,L23E,1000.0,300000,0.244140625,79.58984375,0.007544280376281614,41.50390625,0.023094706251986168,0.5214723926380368
07.54,2,1,L23I,1000.0,300000,0.244140625,77.1484375,0.00702047863974521,37.841796875,0.023256869221117606,0.49050632911392406
07.54,2,2,L4E,1000.0,300000,0.244140625,77.1484375,0.04375223503567229,41.015625,0.11993595396345537,0.5316455696202531
07.54,2,3,L4I,1000.0,300000,0.244140625,79.833984375,0.011539953471943353,38.818359375,0.041901176694950894,0.48623853211009177
07.54,2,4,L5E,1000.0,300000,0.244140625,82.763671875,0.011738533179252157,40.771484375,0.04814472426054812,0.49262536873156343
07.54,2,5,L5I,1000.0,300000,0.244140625,78.369140625,0.0032980436703627866,42.724609375,0.01206815217201377,0.5451713395638629
07.54,2,6,L6E,1000.0,300000,0.244140625,76.904296875,0.006276710216508406,37.841796875,0.0199131481025014,0.49206349206349204
07.54,2,7,L6I,1000.0,300000,0.244140625,78.369140625,0.009453039696718974,41.9921875,0.02939476604221996,0.5358255451713395
07.54,3,0,L23E,1000.0,300000,0.244140625,81.54296875,0.003354100415146184,39.55078125,0.012172430426267124,0.48502994011976047
07.54,3,1,L23I,1000.0,300000,0.244140625,80.56640625,0.004343289428722827,37.353515625,0.015554103574812192,0.4636363636363636
07.54,3,2,L4E,1000.0,300000,0.244140625,77.392578125,0.026287890139511817,37.59765625,0.09499223782065289,0.48580441640378547
07.54,3,3,L4I,1000.0,300000,0.244140625,78.857421875,0.009818896073218982,40.283203125,0.031869734198382266,0.5108359133126935
07.54,3,4,L5E,1000.0,300000,0.244140625,77.392578125,0.014528419563441525,41.9921875,0.042946735805028266,0.5425867507886435
07.54,3,5,L5I,1000.0,300000,0.244140625,77.1484375,0.002852383607532672,37.109375,0.009437779122101973,0.4810126582278481
07.54,3,6,L6E,1000.0,300000,0.244140625,80.56640625,0.006909864020988441,39.0625,0.027976537920654906,0.48484848484848486
07.54,3,7,L6I,1000.0,300000,0.244140625,75.927734375,0.008338586750952596,38.0859375,0.02343418356512621,0.5016077170418006
07.54,4,0,L23E,1000.0,300000,0.244140625,76.416015625,0.004946050912440871,36.1328125,0.019125187973051114,0.4728434504792332
07.54,4,1,L23I,1000.0,300000,0.244140625,75.927734375,0.0065943749788261825,41.50390625,0.01872337904110419,0.5466237942122186
07.54,4,2,L4E,1000.0,300000,0.244140625,76.66015625,0.03633568361223478,42.96875,0.10101730040329297,0.5605095541401274
07.54,4,3,L4I,1000.0,300000,0.244140625,79.1015625,0.010903436431283308,37.59765625,0.03671694407299549,0.47530864197530864
07.54,4,4,L5E,1000.0,300000,0.244140625,77.880859375,0.014255072032612079,41.259765625,0.043308407998892344,0.5297805642633229
07.54,4,5,L5I,1000.0,300000,0.244140625,78.125,0.0033263646714264497,40.52734375,0.010545110553468242,0.51875
07.54,4,6,L6E,1000.0,300000,0.244140625,80.078125,0.0068203824061280355,40.283203125,0.02200284085082124,0.5030487804878049
07.54,4,7,L6I,1000.0,300000,0.244140625,76.416015625,0.008357453326981124,38.0859375,0.026915186005940433,0.4984025559105431
07.54,5,0,L23E,1000.0,300000,0.244140625,78.857421875,0.0060341215510451756,35.888671875,0.021178731150414905,0.4551083591331269
07.54,5,1,L23I,1000.0,300000,0.244140625,81.54296875,0.005558454137102505,40.771484375,0.02169187530002825,0.5
07.54,5,2,L4E,1000.0,300000,0.244140625,80.56640625,0.03140048545483007,37.353515625,0.10966848388769072,0.4636363636363636
07.54,5,3,L4I,1000.0,300000,0.244140625,76.904296875,0.012073016630374465,39.0625,0.039945312523402915,0.5079365079365079
07.54,5,4,L5E,1000.0,300000,0.244140625,83.251953125,0.012700506247261054,41.748046875,0.04440054723716506,0.501466275659824
07.54,5,5,L5I,1000.0,300000,0.244140625,80.56640625,0.002989836274799704,37.59765625,0.011770489409590175,0.4666666666666667
07.54,5,6,L6E,1000.0,300000,0.244140625,78.61328125,0.0061799134053850706,37.59765625,0.02590111278918072,0.4782608695652174
07.54,5,7,L6I,1000.0,300000,0.244140625,79.1015625,0.008505719163829606,36.865234375,0.03152960623911632,0.4660493827160494
07.54,6,0,L23E,1000.0,300000,0.244140625,80.078125,0.007500369929858869,40.771484375,0.02776613757735773,0.5091463414634146
07.54,6,1,L23I,1000.0,300000,0.244140625,78.857421875,0.00898070654599414,40.283203125,0.024318363541519287,0.5108359133126935
07.54,6,2,L4E,1000.0,300000,0.244140625,78.369140625,0.04069193785455747,42.96875,0.1284140692809375,0.5482866043613707
07.54,6,3,L4I,1000.0,300000,0.244140625,75.927734375,0.015002379328717497,39.0625,0.04530873556179359,0.5144694533762058
07.54,6,4,L5E,1000.0,300000,0.244140625,79.345703125,0.014655922300969165,39.794921875,0.05283019529035583,0.5015384615384615
07.54,6,5,L5I,1000.0,300000,0.244140625,77.880859375,0.003845277430342003,39.794921875,0.012740335012485442,0.5109717868338558
07.54,6,6,L6E,1000.0,300000,0.244140625,81.298828125,0.004569233239157666,38.0859375,0.02003649477319961,0.46846846846846846
07.54,6,7,L6I,1000.0,300000,0.244140625,81.298828125,0.008106731752516869,39.55078125,0.03330711014363962,0.4864864864864865
07.54,7,0,L23E,1000.0,300000,0.244140625,83.251953125,0.0013009183691326098,39.794921875,0.00516260699706788,0.4780058651026393
07.54,7,1,L23I,1000.0,300000,0.244140625,77.880859375,0.003142950144571551,39.306640625,0.009944737795725092,0.5047021943573667
07.54,7,2,L4E,1000.0,300000,0.244140625,79.1015625,0.01742679988809428,38.0859375,0.05732153332621465,0.48148148148148145
07.54,7,3,L4I,1000.0,300000,0.244140625,81.0546875,0.00635830274001321,39.55078125,0.02359153869572603,0.4879518072289157
07.54,7,4,L5E,1000.0,300000,0.244140625,81.0546875,0.011220963340657076,39.0625,0.043441083903837635,0.4819277108433735
07.54,7,5,L5I,1000.0,300000,0.244140625,77.63671875,0.002144143744764677,42.96875,0.006395464406338705,0.5534591194968553
07.54,7,6,L6E,1000.0,300000,0.244140625,75.68359375,0.011500912839679356,37.109375,0.03787826222608987,0.49032258064516127
07.54,7,7,L6I,1000.0,300000,0.244140625,75.927734375,0.006698321349261194,35.888671875,0.02153016654315805,0.47266881028938906
07.54,8,0,L23E,1000.0,300000,0.244140625,78.857421875,0.007673033251389278,39.55078125,0.028277354404243102,0.5015479876160991
07.54,8,1,L23I,1000.0,300000,0.244140625,78.61328125,0.00704538725860745,43.45703125,0.022779857739014444,0.5527950310559007
07.54,8,2,L4E,1000.0,300000,0.244140625,80.078125,0.03699851652837157,39.55078125,0.13407581573154373,0.49390243902439024
07.54,8,3,L4I,1000.0,300000,0.244140625,78.369140625,0.012688961344472172,37.841796875,0.0475164546560359,0.48286604361370716
07.54,8,4,L5E,1000.0,300000,0.244140625,78.61328125,0.015665653651866118,36.1328125,0.049685556969985833,0.45962732919254656
07.54,8,5,L5I,1000.0,300000,0.244140625,75.927734375,0.004115601070760533,37.353515625,0.013039549317493765,0.4919614147909968
07.54,8,6,L6E,1000.0,300000,0.244140625,79.58984375,0.005228499211943696,37.841796875,0.017626799265986842,0.4754601226993865
07.54,8,7,L6I,1000.0,300000,0.244140625,80.322265625,0.00870944548873965,41.015625,0.029676994283417586,0.5106382978723404
07.54,9,0,L23E,1000.0,300000,0.244140625,75.927734375,0.007330994273902402,39.0625,0.02155607700463199,0.5144694533762058
07.54,9,1,L23I,1000.0,300000,0.244140625,81.0546875,0.005814399545105515,43.212890625,0.019374917503356785,0.5331325301204819
07.54,9,2,L4E,1000.0,300000,0.244140625,77.392578125,0.033525756563611044,43.701171875,0.11189444787223046,0.5646687697160884
07.54,9,3,L4I,1000.0,300000,0.244140625,75.68359375,0.011568442749095952,41.748046875,0.038271910034456874,0.5516129032258065
07.54,9,4,L5E,1000.0,300000,0.244140625,75.927734375,0.014968867219816186,36.865234375,0.049026213115612255,0.4855305466237942
07.54,9,5,L5I,1000.0,300000,0.244140625,83.251953125,0.0027007144107122003,40.283203125,0.011635881905804557,0.4838709677419355
07.54,9,6,L6E,1000.0,300000,0.244140625,77.63671875,0.0071942429768991605,37.841796875,0.022726370648370752,0.48742138364779874
07.54,9,7,L6I,1000.0,300000,0.244140625,76.66015625,0.00963077622884294,36.62109375,0.03204309954348702,0.47770700636942676
08.05,0,0,L23E,1000.0,300000,0.244140625,80.56640625,0.0038570664866511136,43.212890625,0.013715856945862233,0.5363636363636364
08.05,0,1,L23I,1000.0,300000,0.244140625,77.392578125,0.004786161025324694,39.55078125,0.016309796245096455,0.5110410094637224
08.05,0,2,L4E,1000.0,300000,0.244140625,78.125,0.025906685964367605,41.259765625,0.09030649557000098,0.528125
08.05,0,3,L4I,1000.0,300000,0.244140625,75.68359375,0.011194623620891336,41.259765625,0.03042808209109476,0.5451612903225806
08.05,0,4,L5E,1000.0,300000,0.244140625,76.904296875,0.014085271423351692,39.0625,0.047747639185127,0.5079365079365079
08.05,0,5,L5I,1000.0,300000,0.244140625,82.51953125,0.002287242969982256,42.724609375,0.008777531141174482,0.5177514792899408
08.05,0,6,L6E,1000.0,300000,0.244140625,75.927734375,0.00933597352950093,37.109375,0.02645482063183213,0.4887459807073955
08.05,0,7,L6I,1000.0,300000,0.244140625,77.63671875,0.0072684804961074215,39.794921875,0.02514722824105577,0.5125786163522013
08.05,1,0,L23E,1000.0,300000,0.244140625,79.1015625,0.009345942026440613,41.9921875,0.030531981201825837,0.5308641975308642
08.05,1,1,L23I,1000.0,300000,0.244140625,79.833984375,0.007637139292231569,38.57421875,0.027446461790200043,0.4831804281345566
08.05,1,2,L4E,1000.0,300000,0.244140625,77.63671875,0.043957554095564795,37.59765625,0.1690584910905707,0.48427672955974843
08.05,1,3,L4I,1000.0,300000,0.244140625,77.880859375,0.014342428385531288,38.818359375,0.05248745473108187,0.49843260188087773
08.05,1,4,L5E,1000.0,300000,0.244140625,76.171875,0.017310860777825895,37.841796875,0.054783919112781,0.4967948717948718
08.05,1,5,L5I,1000.0,300000,0.244140625,81.787109375,0.0038119119085979866,36.865234375,0.01569508163426264,0.4507462686567164
08.05,1,6,L6E,1000.0,300000,0.244140625,78.857421875,0.0044061861042731425,39.55078125,0.015413610951059715,0.5015479876160991
08.05,1,7,L6I,1000.0,300000,0.244140625,75.439453125,0.013187674801311106,40.52734375,0.035422010838577496,0.5372168284789643
08.05,2,0,L23E,1000.0,300000,0.244140625,78.857421875,0.005117929527245953,40.283203125,0.015990400088266656,0.5108359133126935
08.05,2,1,L23I,1000.0,300000,0.244140625,81.787109375,0.004752423463049016,40.283203125,0.018218867220638937,0.4925373134328358
08.05,2,2,L4E,1000.0,300000,0.244140625,82.03125,0.027192028333924072,38.0859375,0.10200993472344949,0.4642857142857143
08.05,2,3,L4I,1000.0,300000,0.244140625,77.392578125,0.010968630860003797,36.376953125,0.03561989031010064,0.47003154574132494
08.05,2,4,L5E,1000.0,300000,0.244140625,77.63671875,0.014669555031319038,39.0625,0.046407836468059994,0.5031446540880503
08.05,2,5,L5I,1000.0,300000,0.244140625,77.63671875,0.0031759122223886513,40.283203125,0.010099050622201008,0.5188679245283019
08.05,2,6,L6E,1000.0,300000,0.244140625,78.125,0.0082093712469184,40.0390625,0.02457589567054681,0.5125
08.05,2,7,L6I,1000.0,300000,0.244140625,76.904296875,0.007583013708989044,39.794921875,0.02899210163753074,0.5174603174603175
08.05,3,0,L23E,1000.0,300000,0.244140625,77.63671875,0.0056592451514241165,38.330078125,0.01664076580546469,0.4937106918238994
08.05,3,1,L23I,1000.0,300000,0.244140625,77.1484375,0.005853007708696268,42.236328125,0.017790527127304966,0.5474683544303798
08.05,3,2,L4E,1000.0,300000,0.244140625,75.927734375,0.037970064969233844,39.55078125,0.11255582706611564,0.5209003215434084
08.05,3,3,L4I,1000.0,300000,0.244140625,79.833984375,0.010110936887445035,44.189453125,0.03371102620512868,0.5535168195718655
08.05,3,4,L5E,1000.0,300000,0.244140625,76.171875,0.015183617702508841,36.62109375,0.051641087904726816,0.4807692307692308
08.05,3,5,L5I,1000.0,300000,0.244140625,79.1015625,0.003002327783165591,41.748046875,0.009413709842458585,0.5277777777777778
08.05,3,6,L6E,1000.0,300000,0.244140625,81.787109375,0.006367277765452053,38.330078125,0.02506105565104157,0.46865671641791046
08.05,3,7,L6I,1000.0,300000,0.244140625,78.125,0.007693395494374605,41.50390625,0.02452684407588343,0.53125
08.05,4,0,L23E,1000.0,300000,0.244140625,82.03125,0.008720136662945454,44.43359375,0.03335516729343047,0.5416666666666666
08.05,4,1,L23I,1000.0,300000,0.244140625,78.125,0.010011515912717192,42.724609375,0.027775301436293615,0.546875
08.05,4,2,L4E,1000.0,300000,0.244140625,77.63671875,0.049201600328196336,41.259765625,0.15143397309418652,0.5314465408805031
08.05,4,3,L4I,1000.0,300000,0.244140625,79.58984375,0.014788228559811035,42.236328125,0.049756536230914285,0.5306748466257669
08.05,4,4,L5E,1000.0,300000,0.244140625,75.68359375,0.0183198736029511,42.724609375,0.04945573575688818,0.5645161290322581
08.05,4,5,L5I,1000.0,300000,0.244140625,77.392578125,0.0049713416523138425,41.259765625,0.014289131046439692,0.5331230283911672
08.05,4,6,L6E,1000.0,300000,0.244140625,78.369140625,0.004485856314982162,40.771484375,0.015423232396216683,0.5202492211838006
08.05,4,7,L6I,1000.0,300000,0.244140625,76.66015625,0.011251608687936107,40.52734375,0.037145503752085404,0.5286624203821656
08.05,5,0,L23E,1000.0,300000,0.244140625,78.125,0.003961620323889488,41.50390625,0.011604316319035739,0.53125
08.05,5,1,L23I,1000.0,300000,0.244140625,83.0078125,0.003993545768208876,41.9921875,0.016278104923233238,0.5058823529411764
08.05,5,2,L4E,1000.0,300000,0.244140625,76.171875,0.028662496397818593,38.57421875,0.09389957464364833,0.5064102564102564
08.05,5,3,L4I,1000.0,300000,0.244140625,82.763671875,0.008377306005891084,37.59765625,0.031217122320079605,0.45427728613569324
08.05,5,4,L5E,1000.0,300000,0.244140625,77.1484375,0.01599773810709373,42.724609375,0.0428301709548597,0.5537974683544303
08.05,5,5,L5I,1000.0,300000,0.244140625,78.857421875,0.0027161477299676566,41.015625,0.008450984975603884,0.5201238390092879
08.05,5,6,L6E,1000.0,300000,0.244140625,79.58984375,0.00831385360721412,39.0625,0.027539865531806224,0.49079754601226994
08.05,5,7,L6I,1000.0,300000,0.244140625,79.833984375,0.00679326261367718,37.59765625,0.024267125871315562,0.4709480122324159
08.05,6,0,L23E,1000.0,300000,0.244140625,78.369140625,0.008164876668876529,39.306640625,0.026245421529317976,0.5015576323987538
08.05,6,1,L23I,1000.0,300000,0.244140625,78.125,0.007445737772431408,37.841796875,0.025385179712244577,0.484375
08.05,6,2,L4E,1000.0,300000,0.244140625,80.810546875,0.03522822838190401,41.015625,0.12990236703039246,0.5075528700906344
08.05,6,3,L4I,1000.0,300000,0.244140625,83.0078125,0.010706166898869838,40.52734375,0.04297629582952434,0.48823529411764705
08.05,6,4,L5E,1000.0,300000,0.244140625,75.927734375,0.015594908053645148,39.0625,0.04755911125159442,0.5144694533762058
08.05,6,5,L5I,1000.0,300000,0.244140625,77.880859375,0.003430688026497506,43.701171875,0.011710300572633722,0.5611285266457681
08.05,6,6,L6E,1000.0,300000,0.244140625,82.51953125,0.0046337763922409585,39.55078125,0.01870572933255483,0.47928994082840237
08.05,6,7,L6I,1000.0,300000,0.244140625,77.63671875,0.009369985558873355,37.109375,0.03133230229110914,0.4779874213836478
08.05,7,0,L23E,1000.0,300000,0.244140625,76.66015625,0.005667630483478443,40.0390625,0.016497586779113997,0.5222929936305732
08.05,7,1,L23I,1000.0,300000,0.244140625,78.61328125,0.005306688375619417,37.59765625,0.01822236126688601,0.4782608695652174
08.05,7,2,L4E,1000.0,300000,0.244140625,77.63671875,0.03152723878381137,40.771484375,0.09748200774035244,0.5251572327044025
08.05,7,3,L4I,1000.0,300000,0.244140625,78.61328125,0.011000768977746055,42.48046875,0.03162807491464188,0.5403726708074534
08.05,7,4,L5E,1000.0,300000,0.244140625,77.392578125,0.01421934046360446,42.724609375,0.04114822143476411,0.5520504731861199
08.05,7,5,L5I,1000.0,300000,0.244140625,79.1015625,0.002685439888102353,41.259765625,0.009613994753180212,0.5216049382716049
08.05,7,6,L6E,1000.0,300000,0.244140625,81.298828125,0.006158510214064931,36.62109375,0.022255893435382028,0.45045045045045046
08.05,7,7,L6I,1000.0,300000,0.244140625,79.58984375,0.007996583693695351,39.55078125,0.024454669841185883,0.49693251533742333
08.05,8,0,L23E,1000.0,300000,0.244140625,78.125,0.008050357032243553,36.376953125,0.02917676687943226,0.465625
08.05,8,1,L23I,1000.0,300000,0.244140625,77.63671875,0.008239690564556083,43.9453125,0.02155837043969947,0.5660377358490566
08.05,8,2,L4E,1000.0,300000,0.244140625,83.0078125,0.034800083939323746,37.353515625,0.13512456959307925,0.45
08.05,8,3,L4I,1000.0,300000,0.244140625,75.927734375,0.014400432370479086,36.1328125,0.04806772084183614,0.4758842443729904
08.05,8,4,L5E,1000.0,300000,0.244140625,82.51953125,0.011962489025651486,37.353515625,0.04921298072402354,0.4526627218934911
08.05,8,5,L5I,1000.0,300000,0.244140625,78.61328125,0.003527428021432624,37.59765625,0.0135200478293047,0.4782608695652174
08.05,8,6,L6E,1000.0,300000,0.244140625,78.125,0.005448967281055691,40.0390625,0.017951219716246844,0.5125
08.05,8,7,L6I,1000.0,300000,0.244140625,77.392578125,0.009316868390975485,37.841796875,0.03358864409186145,0.4889589905362776
08.05,9,0,L23E,1000.0,300000,0.244140625,76.171875,0.006137078986468206,40.771484375,0.01792287167189744,0.5352564102564102
08.05,9,1,L23I,1000.0,300000,0.244140625,79.345703125,0.005850681816386508,37.109375,0.018743994682451266,0.4676923076923077
08.05,9,2,L4E,1000.0,300000,0.244140625,75.439453125,0.03549644472089311,38.330078125,0.1015371299334929,0.5080906148867314
08.05,9,3,L4I,1000.0,300000,0.244140625,76.171875,0.01247238693157296,40.283203125,0.03420746182796204,0.5288461538461539
08.05,9,4,L5E,1000.0,300000,0.244140625,78.369140625,0.01373266780712873,41.748046875,0.0452036399495286,0.5327102803738317
08.05,9,5,L5I,1000.0,300000,0.244140625,75.439453125,0.0033596860521875604,38.818359375,0.011287571869193698,0.5145631067961165
08.05,9,6,L6E,1000.0,300000,0.244140625,83.251953125,0.006286877382664035,41.015625,0.023646844865275837,0.49266862170087977
08.05,9,7,L6I,1000.0,300000,0.244140625,77.1484375,0.008924592077675085,37.109375,0.02967842219416246,0.4810126582278481
08.31,0,0,L23E,1000.0,300000,0.244140625,76.66015625,0.008954216606123874,38.0859375,0.03148902803655754,0.4968152866242038
08.31,0,1,L23I,1000.0,300000,0.244140625,79.345703125,0.006685812494832153,38.57421875,0.024964153066746715,0.48615384615384616
08.31,0,2,L4E,1000.0,300000,0.244140625,80.56640625,0.03755329850163127,39.0625,0.13015963201867883,0.48484848484848486
08.31,0,3,L4I,1000.0,300000,0.244140625,82.763671875,0.011306050078558207,41.259765625,0.04384146549371767,0.49852507374631266
08.31,0,4,L5E,1000.0,300000,0.244140625,83.984375,0.013344910333402698,42.48046875,0.047182017785101595,0.5058139534883721
08.31,0,5,L5I,1000.0,300000,0.244140625,80.810546875,0.0033736753386432628,36.865234375,0.013912905514653563,0.4561933534743202
08.31,0,6,L6E,1000.0,300000,0.244140625,79.833984375,0.004803295188947028,38.330078125,0.017855395930410318,0.4801223241590214
08.31,0,7,L6I,1000.0,300000,0.244140625,76.416015625,0.01134941549305579,41.259765625,0.027971912306133637,0.5399361022364217
08.31,1,0,L23E,1000.0,300000,0.244140625,77.880859375,0.005522077866658901,36.376953125,0.017811966420521422,0.4670846394984326
08.31,1,1,L23I,1000.0,300000,0.244140625,80.322265625,0.004512190218551334,43.212890625,0.015669026111231436,0.5379939209726444
08.31,1,2,L4E,1000.0,300000,0.244140625,76.66015625,0.03309485851283526,40.0390625,0.09417324217403188,0.5222929936305732
08.31,1,3,L4I,1000.0,300000,0.244140625,76.904296875,0.013331536942022576,35.64453125,0.03845087346630985,0.4634920634920635
08.31,1,4,L5E,1000.0,300000,0.244140625,77.392578125,0.013171940516683474,43.212890625,0.04172617857533062,0.5583596214511041
08.31,1,5,L5I,1000.0,300000,0.244140625,78.369140625,0.003011390912264356,40.52734375,0.010058173539965675,0.5171339563862928
08.31,1,6,L6E,1000.0,300000,0.244140625,79.345703125,0.006803725063181255,37.59765625,0.024971077696617862,0.47384615384615386
08.31,1,7,L6I,1000.0,300000,0.244140625,81.54296875,0.0058353189373270215,39.794921875,0.025105947431838128,0.4880239520958084
08.31,2,0,L23E,1000.0,300000,0.244140625,77.1484375,0.01451550307830505,42.236328125,0.04350094459435427,0.5474683544303798
08.31,2,1,L23I,1000.0,300000,0.244140625,75.439453125,0.013836462958943854,41.50390625,0.03597739064872949,0.5501618122977346
08.31,2,2,L4E,1000.0,300000,0.244140625,81.0546875,0.04909327235377654,39.55078125,0.17845559554422652,0.4879518072289157
08.31,2,3,L4I,1000.0,300000,0.244140625,76.904296875,0.017771574933846988,40.771484375,0.057297337400172975,0.5301587301587302
08.31,2,4,L5E,1000.0,300000,0.244140625,78.125,0.015804273188636923,36.376953125,0.06410479461474529,0.465625
08.31,2,5,L5I,1000.0,300000,0.244140625,79.58984375,0.005451746186118626,39.794921875,0.019152031204281116,0.5
08.31,2,6,L6E,1000.0,300000,0.244140625,82.763671875,0.0028418676142039604,38.330078125,0.011525323410278869,0.4631268436578171
08.31,2,7,L6I,1000.0,300000,0.244140625,77.392578125,0.012693160198674053,39.0625,0.04295287503482159,0.5047318611987381
08.31,3,0,L23E,1000.0,300000,0.244140625,75.68359375,0.00811520022121819,42.48046875,0.023841250809182365,0.5612903225806452
08.31,3,1,L23I,1000.0,300000,0.244140625,81.298828125,0.0065086611683206974,38.57421875,0.022969646262781772,0.4744744744744745
08.31,3,2,L4E,1000.0,300000,0.244140625,78.369140625,0.039832624996327566,39.306640625,0.12537394469354426,0.5015576323987538
08.31,3,3,L4I,1000.0,300000,0.244140625,80.322265625,0.0107281239829498,38.0859375,0.04147870640038722,0.47416413373860183
08.31,3,4,L5E,1000.0,300000,0.244140625,82.275390625,0.011184761396060096,38.818359375,0.0515668529525134,0.47181008902077154
08.31,3,5,L5I,1000.0,300000,0.244140625,79.345703125,0.0034408352012938576,39.306640625,0.012088639468398344,0.49538461538461537
08.31,3,6,L6E,1000.0,300000,0.244140625,83.0078125,0.005151427874571644,43.45703125,0.019243197110505195,0.5235294117647059
08.31,3,7,L6I,1000.0,300000,0.244140625,75.927734375,0.00961278150322702,39.55078125,0.028478882038862157,0.5209003215434084
08.31,4,0,L23E,1000.0,300000,0.244140625,76.904296875,0.008000590021316667,36.865234375,0.02745422540797271,0.4793650793650794
08.31,4,1,L23I,1000.0,300000,0.244140625,81.0546875,0.005817417472350669,42.96875,0.022949374567567245,0.5301204819277109
08.31,4,2,L4E,1000.0,300000,0.244140625,80.322265625,0.035769730259087744,37.109375,0.13459979103166758,0.46200607902735563
08.31,4,3,L4I,1000.0,300000,0.244140625,79.58984375,0.011327439754311492,40.771484375,0.04233183334978189,0.5122699386503068
08.31,4,4,L5E,1000.0,300000,0.244140625,77.1484375,0.015928025653282163,37.59765625,0.049874991301048985,0.4873417721518987
08.31,4,5,L5I,1000.0,300000,0.244140625,79.833984375,0.0035404251077663994,41.9921875,0.012008341304190415,0.5259938837920489
08.31,4,6,L6E,1000.0,300000,0.244140625,80.810546875,0.005642283246590065,36.865234375,0.022016414230825006,0.4561933534743202
08.31,4,7,L6I,1000.0,300000,0.244140625,82.51953125,0.007691856505608528,42.236328125,0.029993943556924058,0.5118343195266272
08.31,5,0,L23E,1000.0,300000,0.244140625,75.927734375,0.00942738221993549,36.1328125,0.03023851317901915,0.4758842443729904
08.31,5,1,L23I,1000.0,300000,0.244140625,75.927734375,0.009006381514028081,39.306640625,0.0235637835825536,0.5176848874598071
08.31,5,2,L4E,1000.0,300000,0.244140625,77.63671875,0.046745234068945124,35.64453125,0.14416482890475396,0.4591194968553459
08.31,5,3,L4I,1000.0,300000,0.244140625,79.1015625,0.012390912847566549,38.818359375,0.04658468719977102,0.49074074074074076
08.31,5,4,L5E,1000.0,300000,0.244140625,82.275390625,0.012004137953704513,37.59765625,0.04993700568723313,0.456973293768546
08.31,5,5,L5I,1000.0,300000,0.244140625,80.56640625,0.003466028171427406,39.0625,0.01328434997799349,0.48484848484848486
08.31,5,6,L6E,1000.0,300000,0.244140625,75.927734375,0.005952234655171586,39.306640625,0.01843128679241235,0.5176848874598071
08.31,5,7,L6I,1000.0,300000,0.244140625,75.68359375,0.010267587767865249,40.771484375,0.03349010834005229,0.5387096774193548
08.31,6,0,L23E,1000.0,300000,0.244140625,82.03125,0.00933783078517273,36.62109375,0.040033739567723055,0.44642857142857145
08.31,6,1,L23I,1000.0,300000,0.244140625,76.171875,0.010509519254148229,42.236328125,0.029132271815402427,0.5544871794871795
08.31,6,2,L4E,1000.0,300000,0.244140625,76.904296875,0.05195925608353558,41.259765625,0.16322394442043592,0.5365079365079365
08.31,6,3,L4I,1000.0,300000,0.244140625,81.298828125,0.012945669702178026,38.57421875,0.05156549481296593,0.4744744744744745
08.31,6,4,L5E,1000.0,300000,0.244140625,79.58984375,0.0160356114136043,35.64453125,0.06430006655052628,0.44785276073619634
08.31,6,5,L5I,1000.0,300000,0.244140625,76.904296875,0.004648162219141468,41.9921875,0.014246704683912393,0.546031746031746
08.31,6,6,L6E,1000.0,300000,0.244140625,79.833984375,0.004114529340122355,43.212890625,0.01338671443526316,0.5412844036697247
08.31,6,7,L6I,1000.0,300000,0.244140625,83.740234375,0.008227900395117305,40.283203125,0.03558797041138155,0.48104956268221577
08.31,7,0,L23E,1000.0,300000,0.244140625,81.54296875,0.005388798861725808,37.109375,0.020877130129731854,0.4550898203592814
08.31,7,1,L23I,1000.0,300000,0.244140625,75.927734375,0.006640745260760283,39.55078125,0.019846980317203628,0.5209003215434084
08.31,7,2,L4E,1000.0,300000,0.244140625,76.171875,0.03740066194329327,40.0390625,0.12354687870921399,0.5256410256410257
08.31,7,3,L4I,1000.0,300000,0.244140625,83.0078125,0.009906358433068668,38.330078125,0.038662956848667954,0.46176470588235297
08.31,7,4,L5E,1000.0,300000,0.244140625,79.833984375,0.013943368418207923,36.865234375,0.04848850226836539,0.4617737003058104
08.31,7,5,L5I,1000.0,300000,0.244140625,80.56640625,0.002977486301995208,41.259765625,0.011195626895065829,0.5121212121212121
08.31,7,6,L6E,1000.0,300000,0.244140625,79.345703125,0.006514560727609294,39.55078125,0.02192993937047862,0.49846153846153846
08.31,7,7,L6I,1000.0,300000,0.244140625,83.251953125,0.006964409413946549,41.9921875,0.026547997015509948,0.5043988269794721
08.31,8,0,L23E,1000.0,300000,0.244140625,83.251953125,0.005056561921204101,35.64453125,0.019681214199345636,0.4281524926686217
08.31,8,1,L23I,1000.0,300000,0.244140625,78.125,0.005773951811480386,41.015625,0.019162654089868166,0.525
08.31,8,2,L4E,1000.0,300000,0.244140625,80.810546875,0.03117790177189247,41.015625,0.11302887635588572,0.5075528700906344
08.31,8,3,L4I,1000.0,300000,0.244140625,78.369140625,0.013021972679300636,40.52734375,0.03991450859542404,0.5171339563862928
08.31,8,4,L5E,1000.0,300000,0.244140625,75.927734375,0.0179220418605849,42.48046875,0.04211557276095083,0.5594855305466238
08.31,8,5,L5I,1000.0,300000,0.244140625,80.810546875,0.00297259076065318,41.9921875,0.009864926614105709,0.5196374622356495
08.31,8,6,L6E,1000.0,300000,0.244140625,77.1484375,0.006933221767759673,38.57421875,0.021335053123421613,0.5
08.31,8,7,L6I,1000.0,300000,0.244140625,76.416015625,0.009241597285506505,37.841796875,0.02738418768857366,0.4952076677316294
08.31,9,0,L23E,1000.0,300000,0.244140625,77.1484375,0.003938571057551601,38.57421875,0.011364245467732428,0.5
08.31,9,1,L23I,1000.0,300000,0.244140625,81.0546875,0.0038744878460388794,37.109375,0.015805516223261047,0.4578313253012048
08.31,9,2,L4E,1000.0,300000,0.244140625,78.125,0.02700523793396976,37.841796875,0.085152327982746,0.484375
08.31,9,3,L4I,1000.0,300000,0.244140625,83.251953125,0.007843769446014332,43.212890625,0.030459089854606432,0.5190615835777126
08.31,9,4,L5E,1000.0,300000,0.244140625,75.927734375,0.013146153014039213,36.376953125,0.048099095609400164,0.4790996784565916
08.31,9,5,L5I,1000.0,300000,0.244140625,77.392578125,0.0027056357739537215,37.59765625,0.010027289656519386,0.48580441640378547
08.31,9,6,L6E,1000.0,300000,0.244140625,80.322265625,0.007898477731345247,39.55078125,0.029609631739867158,0.49240121580547114
08.31,9,7,L6I,1000.0,300000,0.244140625,78.857421875,0.006757387241921709,37.841796875,0.023468881017024892,0.47987616099071206
08.56,0,0,L23E,1000.0,300000,0.244140625,78.857421875,0.010248907100078624,36.62109375,0.03308882326649629,0.46439628482972134
08.56,0,1,L23I,1000.0,300000,0.244140625,80.322265625,0.007203164066104486,39.794921875,0.027414464995899168,0.49544072948328266
08.56,0,2,L4E,1000.0,300000,0.244140625,77.880859375,0.046248470948032416,39.794921875,0.1396973303397638,0.5109717868338558
08.56,0,3,L4I,1000.0,300000,0.244140625,80.322265625,0.013748946084454166,42.236328125,0.04336723769392707,0.5258358662613982
08.56,0,4,L5E,1000.0,300000,0.244140625,77.63671875,0.016830018988202966,40.52734375,0.05176657925281073,0.5220125786163522
08.56,0,5,L5I,1000.0,300000,0.244140625,78.857421875,0.003808675083138356,36.62109375,0.01540358994408121,0.46439628482972134
08.56,0,6,L6E,1000.0,300000,0.244140625,76.66015625,0.005206753897839915,42.236328125,0.016281289594519098,0.5509554140127388
08.56,0,7,L6I,1000.0,300000,0.244140625,78.369140625,0.010576649054401002,41.9921875,0.034535942684913876,0.5358255451713395
08.56,1,0,L23E,1000.0,300000,0.244140625,78.369140625,0.010697236983622082,41.748046875,0.040437924648925566,0.5327102803738317
08.56,1,1,L23I,1000.0,300000,0.244140625,76.66015625,0.009613960199894618,39.55078125,0.02896499948582964,0.5159235668789809
08.56,1,2,L4E,1000.0,300000,0.244140625,78.61328125,0.04784678909553957,37.59765625,0.16447139968194063,0.4782608695652174
08.56,1,3,L4I,1000.0,300000,0.244140625,76.171875,0.018945053931588525,38.330078125,0.05201108888794408,0.5032051282051282
08.56,1,4,L5E,1000.0,300000,0.244140625,77.63671875,0.016280699746790892,40.0390625,0.05269967573160504,0.5157232704402516
08.56,1,5,L5I,1000.0,300000,0.244140625,76.904296875,0.004535125176332839,36.376953125,0.014989946790820661,0.473015873015873
08.56,1,6,L6E,1000.0,300000,0.244140625,79.1015625,0.004051546310308136,44.43359375,0.013802706599080235,0.5617283950617284
08.56,1,7,L6I,1000.0,300000,0.244140625,76.416015625,0.011677353116828035,40.0390625,0.03429110004994206,0.5239616613418531
08.56,2,0,L23E,1000.0,300000,0.244140625,80.810546875,0.009844118993659827,38.0859375,0.0338416899659002,0.47129909365558914
08.56,2,1,L23I,1000.0,300000,0.244140625,79.345703125,0.008822755036062639,40.52734375,0.03019774927887144,0.5107692307692308
08.56,2,2,L4E,1000.0,300000,0.244140625,78.125,0.0430555626325201,39.0625,0.15131942286185066,0.5
08.56,2,3,L4I,1000.0,300000,0.244140625,79.345703125,0.01394587440024021,36.1328125,0.04840764337165257,0.4553846153846154
08.56,2,4,L5E,1000.0,300000,0.244140625,79.345703125,0.015328516210872148,41.50390625,0.05361600475812588,0.5230769230769231
08.56,2,5,L5I,1000.0,300000,0.244140625,76.416015625,0.004653433823995667,38.330078125,0.01331057975462291,0.5015974440894568
08.56,2,6,L6E,1000.0,300000,0.244140625,79.833984375,0.004307735506542676,36.376953125,0.016203172566908453,0.45565749235474007
08.56,2,7,L6I,1000.0,300000,0.244140625,79.1015625,0.010461492386377752,41.015625,0.03071484508961495,0.5185185185185185
08.56,3,0,L23E,1000.0,300000,0.244140625,76.904296875,0.009565611822346042,38.0859375,0.030505690091187917,0.49523809523809526
08.56,3,1,L23I,1000.0,300000,0.244140625,83.251953125,0.007083074970957034,39.306640625,0.027266462485466065,0.47214076246334313
08.56,3,2,L4E,1000.0,300000,0.244140625,77.880859375,0.042945662617442225,41.50390625,0.13786704461550375,0.5329153605015674
08.56,3,3,L4I,1000.0,300000,0.244140625,80.322265625,0.011649202937760651,40.52734375,0.047075519580453466,0.5045592705167173
08.56,3,4,L5E,1000.0,300000,0.244140625,79.1015625,0.014814562511066583,41.015625,0.048072828442760666,0.5185185185185185
08.56,3,5,L5I,1000.0,300000,0.244140625,80.56640625,0.003647369708473779,38.330078125,0.014279597558488092,0.47575757575757577
08.56,3,6,L6E,1000.0,300000,0.244140625,77.1484375,0.0051823952333890835,37.59765625,0.01654775587836518,0.4873417721518987
08.56,3,7,L6I,1000.0,300000,0.244140625,83.0078125,0.008459899007613661,37.353515625,0.03247896376257609,0.45
08.56,4,0,L23E,1000.0,300000,0.244140625,76.171875,0.013251137771183356,41.259765625,0.03946670193276327,0.5416666666666666
08.56,4,1,L23I,1000.0,300000,0.244140625,76.66015625,0.010981109574028133,41.259765625,0.032432655780296665,0.5382165605095541
08.56,4,2,L4E,1000.0,300000,0.244140625,77.880859375,0.0500301574342215,43.701171875,0.1542905095670622,0.5611285266457681
08.56,4,3,L4I,1000.0,300000,0.244140625,81.787109375,0.013343426595437533,42.236328125,0.05568205458136516,0.5164179104477612
08.56,4,4,L5E,1000.0,300000,0.244140625,80.56640625,0.017639711036242078,40.0390625,0.054354316497102415,0.49696969696969695
08.56,4,5,L5I,1000.0,300000,0.244140625,77.1484375,0.004433721308453883,41.259765625,0.013999930468008287,0.5348101265822784
08.56,4,6,L6E,1000.0,300000,0.244140625,76.416015625,0.004257721166565505,36.865234375,0.013978417022423948,0.48242811501597443
08.56,4,7,L6I,1000.0,300000,0.244140625,78.61328125,0.010578158360554231,40.283203125,0.03674940831348317,0.5124223602484472
08.56,5,0,L23E,1000.0,300000,0.244140625,80.078125,0.007152583823532335,38.330078125,0.02533158317792646,0.47865853658536583
08.56,5,1,L23I,1000.0,300000,0.244140625,81.298828125,0.006518745504325442,36.62109375,0.02419457292222215,0.45045045045045046
08.56,5,2,L4E,1000.0,300000,0.244140625,82.763671875,0.02927831182576386,38.0859375,0.12565843771200705,0.46017699115044247
08.56,5,3,L4I,1000.0,300000,0.244140625,77.392578125,0.01251026568349707,42.48046875,0.04048579833526531,0.5488958990536278
08.56,5,4,L5E,1000.0,300000,0.244140625,76.171875,0.014690834664525032,43.701171875,0.04539144097961187,0.5737179487179487
08.56,5,5,L5I,1000.0,300000,0.244140625,79.833984375,0.003555194670193942,41.9921875,0.011470159680926788,0.5259938837920489
08.56,5,6,L6E,1000.0,300000,0.244140625,83.0078125,0.005160722755083598,43.212890625,0.0167613468440257,0.5205882352941177
08.56,5,7,L6I,1000.0,300000,0.244140625,79.58984375,0.008651850715776193,40.771484375,0.029368620655158443,0.5122699386503068
08.56,6,0,L23E,1000.0,300000,0.244140625,83.740234375,0.008460983104670344,41.259765625,0.03221565208254952,0.49271137026239065
08.56,6,1,L23I,1000.0,300000,0.244140625,78.857421875,0.008562350069124147,35.888671875,0.02947354654037461,0.4551083591331269
08.56,6,2,L4E,1000.0,300000,0.244140625,81.298828125,0.03948230640174992,39.306640625,0.13452310741221704,0.48348348348348347
08.56,6,3,L4I,1000.0,300000,0.244140625,76.904296875,0.014990275397949981,39.306640625,0.04599866605604733,0.5111111111111111
08.56,6,4,L5E,1000.0,300000,0.244140625,80.322265625,0.014485995824655339,36.865234375,0.05350261521558578,0.45896656534954405
08.56,6,5,L5I,1000.0,300000,0.244140625,77.63671875,0.004551718608226082,36.1328125,0.014511729507616917,0.46540880503144655
08.56,6,6,L6E,1000.0,300000,0.244140625,82.03125,0.0038539734673427744,35.888671875,0.01667384576408686,0.4375
08.56,6,7,L6I,1000.0,300000,0.244140625,81.54296875,0.008870174176513677,41.015625,0.03433368248079337,0.5029940119760479
08.56,7,0,L23E,1000.0,300000,0.244140625,83.251953125,0.00817847332898137,40.283203125,0.03127974666935137,0.4838709677419355
08.56,7,1,L23I,1000.0,300000,0.244140625,81.54296875,0.007175076317679447,41.015625,0.0262129376439571,0.5029940119760479
08.56,7,2,L4E,1000.0,300000,0.244140625,76.904296875,0.04415115986910459,40.0390625,0.1387717321205011,0.5206349206349207
08.56,7,3,L4I,1000.0,300000,0.244140625,76.416015625,0.014620281091356336,39.0625,0.04500641393732485,0.5111821086261981
08.56,7,4,L5E,1000.0,300000,0.244140625,78.125,0.01655207079047449,41.259765625,0.051736172604471664,0.528125
08.56,7,5,L5I,1000.0,300000,0.244140625,78.61328125,0.004205248421802099,38.818359375,0.013684092560119218,0.4937888198757764
08.56,7,6,L6E,1000.0,300000,0.244140625,76.171875,0.005523667643580299,41.259765625,0.016708338947115868,0.5416666666666666
08.56,7,7,L6I,1000.0,300000,0.244140625,80.56640625,0.009411396607141454,40.52734375,0.03288839060345927,0.503030303030303
08.56,8,0,L23E,1000.0,300000,0.244140625,81.787109375,0.008522195368075849,41.259765625,0.028354822440074437,0.5044776119402985
08.56,8,1,L23I,1000.0,300000,0.244140625,76.904296875,0.009562811252499753,39.0625,0.027613857456976917,0.5079365079365079
08.56,8,2,L4E,1000.0,300000,0.244140625,77.392578125,0.04414107452817127,42.96875,0.13774624518223386,0.555205047318612
08.56,8,3,L4I,1000.0,300000,0.244140625,80.078125,0.013675198710855074,35.888671875,0.05400830903864142,0.4481707317073171
08.56,8,4,L5E,1000.0,300000,0.244140625,78.857421875,0.015520666655549657,42.96875,0.04942067294150036,0.544891640866873
08.56,8,5,L5I,1000.0,300000,0.244140625,78.61328125,0.003856696016381652,37.841796875,0.014253749120045706,0.4813664596273292
08.56,8,6,L6E,1000.0,300000,0.244140625,81.298828125,0.003921176728586166,37.841796875,0.015052235312935956,0.46546546546546547
08.56,8,7,L6I,1000.0,300000,0.244140625,77.63671875,0.011238414623183698,40.771484375,0.0312950806014731,0.5251572327044025
08.56,9,0,L23E,1000.0,300000,0.244140625,83.251953125,0.008505879173545285,42.48046875,0.031689889969068505,0.5102639296187683
08.56,9,1,L23I,1000.0,300000,0.244140625,82.03125,0.008249972062710898,41.9921875,0.028878412338112395,0.5119047619047619
08.56,9,2,L4E,1000.0,300000,0.244140625,81.54296875,0.04259647067476009,42.236328125,0.14369338425921513,0.5179640718562875
08.56,9,3,L4I,1000.0,300000,0.244140625,77.880859375,0.015143601918893863,38.818359375,0.05246247728512356,0.49843260188087773
08.56,9,4,L5E,1000.0,300000,0.244140625,79.58984375,0.01484733461339262,41.015625,0.05095087763473607,0.5153374233128835
08.56,9,5,L5I,1000.0,300000,0.244140625,80.322265625,0.004064418333291098,40.283203125,0.014324865400515934,0.5015197568389058
08.56,9,6,L6E,1000.0,300000,0.244140625,83.251953125,0.0032261705638532436,39.55078125,0.014269432910554844,0.4750733137829912
08.56,9,7,L6I,1000.0,300000,0.244140625,79.1015625,0.01057171597998606,37.109375,0.03957683812734716,0.4691358024691358
08.81,0,0,L23E,1000.0,300000,0.244140625,76.904296875,0.011299226851673567,37.109375,0.039636630433841476,0.48253968253968255
08.81,0,1,L23I,1000.0,300000,0.244140625,77.880859375,0.010051745694435382,37.109375,0.036273365550398215,0.47648902821316613
08.81,0,2,L4E,1000.0,300000,0.244140625,76.66015625,0.05221686643260163,41.50390625,0.16604851803192985,0.5414012738853503
08.81,0,3,L4I,1000.0,300000,0.244140625,76.416015625,0.01897210249771535,38.57421875,0.055673378424915446,0.5047923322683706
08.81,0,4,L5E,1000.0,300000,0.244140625,76.66015625,0.017392670621329504,37.353515625,0.054422125582458264,0.4872611464968153
08.81,0,5,L5I,1000.0,300000,0.244140625,82.03125,0.004321429044663152,39.794921875,0.016060160767926872,0.4851190476190476
08.81,0,6,L6E,1000.0,300000,0.244140625,80.078125,0.0036072520351568206,39.306640625,0.012263564657335998,0.49085365853658536
08.81,0,7,L6I,1000.0,300000,0.244140625,77.63671875,0.013444619487104398,40.283203125,0.04219540829510444,0.5188679245283019
08.81,1,0,L23E,1000.0,300000,0.244140625,76.416015625,0.00949362136295855,42.96875,0.027087946579303076,0.5623003194888179
08.81,1,1,L23I,1000.0,300000,0.244140625,81.298828125,0.0063792163594842575,36.865234375,0.025900608710726553,0.45345345345345345
08.81,1,2,L4E,1000.0,300000,0.244140625,80.322265625,0.03891260418728314,38.330078125,0.14547403592106276,0.47720364741641336
08.81,1,3,L4I,1000.0,300000,0.244140625,79.833984375,0.012000758345847885,38.330078125,0.04463560753183935,0.4801223241590214
08.81,1,4,L5E,1000.0,300000,0.244140625,77.880859375,0.015180015323263187,39.55078125,0.05063684691412315,0.5078369905956113
08.81,1,5,L5I,1000.0,300000,0.244140625,77.1484375,0.004113648856161292,40.52734375,0.013364360488558732,0.5253164556962026
08.81,1,6,L6E,1000.0,300000,0.244140625,80.56640625,0.004360282910958641,43.45703125,0.016744247734216202,0.5393939393939394
08.81,1,7,L6I,1000.0,300000,0.244140625,80.56640625,0.008316406320349216,41.9921875,0.0319502323821634,0.5212121212121212
08.81,2,0,L23E,1000.0,300000,0.244140625,77.392578125,0.008574291040429857,44.43359375,0.02384914280850254,0.5741324921135647
08.81,2,1,L23I,1000.0,300000,0.244140625,79.833984375,0.007194254842992765,41.748046875,0.024052904671248886,0.5229357798165137
08.81,2,2,L4E,1000.0,300000,0.244140625,78.369140625,0.04420393425254458,40.0390625,0.13737906007879286,0.5109034267912772
08.81,2,3,L4I,1000.0,300000,0.244140625,77.392578125,0.014295782886016295,36.62109375,0.051851308267199296,0.47318611987381703
08.81,2,4,L5E,1000.0,300000,0.244140625,75.927734375,0.01651279425502914,38.330078125,0.05137347544812923,0.5048231511254019
08.81,2,5,L5I,1000.0,300000,0.244140625,80.078125,0.003596873830025785,36.865234375,0.013953684884147432,0.4603658536585366
08.81,2,6,L6E,1000.0,300000,0.244140625,79.345703125,0.005254733350157658,42.724609375,0.015313466453770611,0.5384615384615384
08.81,2,7,L6I,1000.0,300000,0.244140625,76.904296875,0.01003948048496806,39.0625,0.030923202411967114,0.5079365079365079
08.81,3,0,L23E,1000.0,300000,0.244140625,83.251953125,0.0062264095130668586,36.1328125,0.02348291169707288,0.4340175953079179
08.81,3,1,L23I,1000.0,300000,0.244140625,76.416015625,0.006776631450255503,39.55078125,0.021703187251458495,0.5175718849840255
08.81,3,2,L4E,1000.0,300000,0.244140625,79.345703125,0.031313305337400545,38.57421875,0.10860751446812669,0.48615384615384616
08.81,3,3,L4I,1000.0,300000,0.244140625,77.880859375,0.01186223482360596,38.818359375,0.038832374069089286,0.49843260188087773
08.81,3,4,L5E,1000.0,300000,0.244140625,77.1484375,0.01648602604616617,41.50390625,0.04273722896509277,0.5379746835443038
08.81,3,5,L5I,1000.0,300000,0.244140625,78.125,0.0034660927807625805,37.59765625,0.012333246510389912,0.48125
08.81,3,6,L6E,1000.0,300000,0.244140625,78.857421875,0.00574920855401331,37.109375,0.021902308801547678,0.47058823529411764
08.81,3,7,L6I,1000.0,300000,0.244140625,75.927734375,0.008910359391814891,40.283203125,0.028995532560665036,0.5305466237942122
08.81,4,0,L23E,1000.0,300000,0.244140625,78.61328125,0.013605332456758743,41.259765625,0.04523387747871403,0.5248447204968945
08.81,4,1,L23I,1000.0,300000,0.244140625,82.03125,0.00957374788110578,43.212890625,0.035711899064840694,0.5267857142857143
08.81,4,2,L4E,1000.0,300000,0.244140625,77.392578125,0.058680456057967414,35.888671875,0.19856546198180586,0.4637223974763407
08.81,4,3,L4I,1000.0,300000,0.244140625,77.880859375,0.01775674492506191,43.45703125,0.0536281360256688,0.5579937304075235
08.81,4,4,L5E,1000.0,300000,0.244140625,78.61328125,0.019291130608096535,35.64453125,0.06031791196037133,0.453416149068323
08.81,4,5,L5I,1000.0,300000,0.244140625,83.251953125,0.0043651159948625545,36.62109375,0.01748858153817724,0.4398826979472141
08.81,4,6,L6E,1000.0,300000,0.244140625,83.251953125,0.0028377818394237364,40.0390625,0.010237010739693759,0.4809384164222874
08.81,4,7,L6I,1000.0,300000,0.244140625,79.1015625,0.011860423359631105,43.9453125,0.040405701825704896,0.5555555555555556
08.81,5,0,L23E,1000.0,300000,0.244140625,80.810546875,0.008119992537473891,37.841796875,0.03350638621410527,0.46827794561933533
08.81,5,1,L23I,1000.0,300000,0.244140625,76.171875,0.008727677588972492,38.57421875,0.025511387314622727,0.5064102564102564
08.81,5,2,L4E,1000.0,300000,0.244140625,81.54296875,0.03697046500014781,41.015625,0.13770641571318215,0.5029940119760479
08.81,5,3,L4I,1000.0,300000,0.244140625,75.927734375,0.013933076310456744,40.0390625,0.04653302979162781,0.5273311897106109
08.81,5,4,L5E,1000.0,300000,0.244140625,76.416015625,0.016668529718339976,38.330078125,0.0528997576909037,0.5015974440894568
08.81,5,5,L5I,1000.0,300000,0.244140625,81.787109375,0.0035103924230817777,43.45703125,0.012785113027597692,0.5313432835820896
08.81,5,6,L6E,1000.0,300000,0.244140625,81.298828125,0.004589944512496349,39.794921875,0.016380661434338847,0.4894894894894895
08.81,5,7,L6I,1000.0,300000,0.244140625,76.171875,0.010164285479389792,41.50390625,0.029089947170615,0.5448717948717948
08.81,6,0,L23E,1000.0,300000,0.244140625,80.078125,0.010469062180108594,35.888671875,0.04411706103614162,0.4481707317073171
08.81,6,1,L23I,1000.0,300000,0.244140625,80.810546875,0.008508846956844148,36.62109375,0.03574925837468527,0.45317220543806647
08.81,6,2,L4E,1000.0,300000,0.244140625,82.03125,0.040388534811562696,40.771484375,0.16840154239163455,0.49702380952380953
08.81,6,3,L4I,1000.0,300000,0.244140625,79.345703125,0.015120453868895562,38.0859375,0.05443645538055029,0.48
08.81,6,4,L5E,1000.0,300000,0.244140625,81.787109375,0.014533092898799093,40.52734375,0.049375088536136806,0.4955223880597015
08.81,6,5,L5I,1000.0,300000,0.244140625,77.392578125,0.005269384857489501,37.59765625,0.0170191916408985,0.48580441640378547
08.81,6,6,L6E,1000.0,300000,0.244140625,81.298828125,0.0035318211873132323,40.771484375,0.013625944444793864,0.5015015015015015
08.81,6,7,L6I,1000.0,300000,0.244140625,77.880859375,0.011276990769322436,41.748046875,0.035004068009174966,0.5360501567398119
08.81,7,0,L23E,1000.0,300000,0.244140625,77.880859375,0.008942248052660876,37.109375,0.03055215778388414,0.47648902821316613
08.81,7,1,L23I,1000.0,300000,0.244140625,80.078125,0.007275198227280789,36.1328125,0.027683154369276295,0.45121951219512196
08.81,7,2,L4E,1000.0,300000,0.244140625,77.1484375,0.04214054373212105,38.330078125,0.1445656471486426,0.49683544303797467
08.81,7,3,L4I,1000.0,300000,0.244140625,77.392578125,0.0137776526034912,42.96875,0.044411835770424686,0.555205047318612
08.81,7,4,L5E,1000.0,300000,0.244140625,79.1015625,0.013482527749353792,37.841796875,0.05357478535932063,0.4783950617283951
08.81,7,5,L5I,1000.0,300000,0.244140625,77.63671875,0.004065281085392176,41.015625,0.013127789966450872,0.5283018867924528
08.81,7,6,L6E,1000.0,300000,0.244140625,77.1484375,0.0059031943911581715,36.62109375,0.02019456795282894,0.47468354430379744
08.81,7,7,L6I,1000.0,300000,0.244140625,76.66015625,0.010511970724388872,42.236328125,0.029254923418475368,0.5509554140127388
08.81,8,0,L23E,1000.0,300000,0.244140625,79.58984375,0.004924887017718911,37.353515625,0.021837275608852867,0.46932515337423314
08.81,8,1,L23I,1000.0,300000,0.244140625,76.66015625,0.006867952398788366,36.1328125,0.02164492470437197,0.4713375796178344
08.81,8,2,L4E,1000.0,300000,0.244140625,79.345703125,0.03503256682733784,43.701171875,0.1043585107999203,0.5507692307692308
08.81,8,3,L4I,1000.0,300000,0.244140625,80.810546875,0.01051738504892491,42.236328125,0.035086911097395465,0.5226586102719033
08.81,8,4,L5E,1000.0,300000,0.244140625,78.857421875,0.014015392684426831,41.259765625,0.04436508834508108,0.5232198142414861
08.81,8,5,L5I,1000.0,300000,0.244140625,76.904296875,0.003511186389537801,38.57421875,0.0110120937202672,0.5015873015873016
08.81,8,6,L6E,1000.0,300000,0.244140625,83.984375,0.004898484438268437,42.48046875,0.021112648126990936,0.5058139534883721
08.81,8,7,L6I,1000.0,300000,0.244140625,77.392578125,0.008099911452303177,39.0625,0.027812804867763153,0.5047318611987381
08.81,9,0,L23E,1000.0,300000,0.244140625,75.439453125,0.010982824463463376,42.236328125,0.03052967683365718,0.5598705501618123
08.81,9,1,L23I,1000.0,300000,0.244140625,79.58984375,0.007556564220467939,37.841796875,0.02800353605377211,0.4754601226993865
08.81,9,2,L4E,1000.0,300000,0.244140625,76.416015625,0.051976537534068175,42.48046875,0.14762421801942016,0.5559105431309904
08.81,9,3,L4I,1000.0,300000,0.244140625,83.251953125,0.012408841790321267,39.55078125,0.04895702869340325,0.4750733137829912
08.81,9,4,L5E,1000.0,300000,0.244140625,76.171875,0.017363724146841193,40.0390625,0.05361720748923768,0.5256410256410257
08.81,9,5,L5I,1000.0,300000,0.244140625,80.078125,0.003582068551370378,41.259765625,0.014164706709788866,0.5152439024390244
08.81,9,6,L6E,1000.0,300000,0.244140625,83.251953125,0.003536241307369183,41.9921875,0.015150795283192232,0.5043988269794721
08.81,9,7,L6I,1000.0,300000,0.244140625,76.416015625,0.010594566655700546,42.724609375,0.03268926003955118,0.5591054313099042
09.07,0,0,L23E,1000.0,300000,0.244140625,81.0546875,0.008341027063200829,36.62109375,0.03424438644715743,0.45180722891566266
09.07,0,1,L23I,1000.0,300000,0.244140625,80.810546875,0.007584450897266594,39.0625,0.025716787350445046,0.48338368580060426
09.07,0,2,L4E,1000.0,300000,0.244140625,77.392578125,0.03994719068842471,40.0390625,0.1378721906489711,0.5173501577287066
09.07,0,3,L4I,1000.0,300000,0.244140625,77.880859375,0.01587896670302285,39.55078125,0.04819153493132231,0.5078369905956113
09.07,0,4,L5E,1000.0,300000,0.244140625,79.1015625,0.013636979195434317,38.0859375,0.053478994003317376,0.48148148148148145
09.07,0,5,L5I,1000.0,300000,0.244140625,76.904296875,0.004774743071757254,41.9921875,0.012828535600759906,0.546031746031746
09.07,0,6,L6E,1000.0,300000,0.244140625,79.1015625,0.004885362689418835,43.9453125,0.01495390855465851,0.5555555555555556
09.07,0,7,L6I,1000.0,300000,0.244140625,79.58984375,0.009533413897112236,41.259765625,0.032395977699389,0.5184049079754601
09.07,1,0,L23E,1000.0,300000,0.244140625,77.1484375,0.010013037597931504,40.52734375,0.028719132315945754,0.5253164556962026
09.07,1,1,L23I,1000.0,300000,0.244140625,78.369140625,0.0077209560540297765,38.0859375,0.02678054264368571,0.48598130841121495
09.07,1,2,L4E,1000.0,300000,0.244140625,79.58984375,0.0414217722374875,41.50390625,0.13544192139122982,0.5214723926380368
09.07,1,3,L4I,1000.0,300000,0.244140625,77.63671875,0.015772559018382582,36.376953125,0.0489240147015021,0.46855345911949686
09.07,1,4,L5E,1000.0,300000,0.244140625,78.61328125,0.01331218228833185,38.330078125,0.050738269360281606,0.48757763975155277
09.07,1,5,L5I,1000.0,300000,0.244140625,80.078125,0.0035763414894579982,36.376953125,0.014300948638778734,0.45426829268292684
09.07,1,6,L6E,1000.0,300000,0.244140625,83.984375,0.003854016148610596,37.59765625,0.01753311105298941,0.4476744186046512
09.07,1,7,L6I,1000.0,300000,0.244140625,82.03125,0.008272519990233441,38.330078125,0.0322035604728738,0.46726190476190477
09.07,2,0,L23E,1000.0,300000,0.244140625,80.56640625,0.011267935405708878,36.376953125,0.04582692422433607,0.45151515151515154
09.07,2,1,L23I,1000.0,300000,0.244140625,76.66015625,0.011440517408622893,40.52734375,0.03389690814671007,0.5286624203821656
09.07,2,2,L4E,1000.0,300000,0.244140625,76.904296875,0.06162912616920803,35.64453125,0.1777126471071923,0.4634920634920635
09.07,2,3,L4I,1000.0,300000,0.244140625,81.0546875,0.013899466771545927,40.0390625,0.05590833022995183,0.4939759036144578
09.07,2,4,L5E,1000.0,300000,0.244140625,80.56640625,0.015537600194407794,43.45703125,0.046292369111539715,0.5393939393939394
09.07,2,5,L5I,1000.0,300000,0.244140625,81.54296875,0.004474799072861821,37.59765625,0.017169741009899316,0.46107784431137727
09.07,2,6,L6E,1000.0,300000,0.244140625,80.078125,0.0032737910725625335,39.0625,0.012195438802189982,0.4878048780487805
09.07,2,7,L6I,1000.0,300000,0.244140625,81.298828125,0.01081096064693762,43.45703125,0.03491044579131644,0.5345345345345346
09.07,3,0,L23E,1000.0,300000,0.244140625,84.228515625,0.0039863376633168,41.50390625,0.020513498733491925,0.4927536231884058
09.07,3,1,L23I,1000.0,300000,0.244140625,82.03125,0.005257733556929216,39.794921875,0.019218563092047457,0.4851190476190476
09.07,3,2,L4E,1000.0,300000,0.244140625,78.61328125,0.034024352548549554,38.0859375,0.11702604315963734,0.484472049689441
09.07,3,3,L4I,1000.0,300000,0.244140625,77.1484375,0.011706043238617308,39.0625,0.03668426703236963,0.5063291139240507
09.07,3,4,L5E,1000.0,300000,0.244140625,82.51953125,0.012464488473567131,41.50390625,0.04453622082789384,0.5029585798816568
09.07,3,5,L5I,1000.0,300000,0.244140625,77.1484375,0.003420197326221452,41.50390625,0.009972310419207368,0.5379746835443038
09.07,3,6,L6E,1000.0,300000,0.244140625,77.63671875,0.006838398909627947,37.841796875,0.024150243963064942,0.48742138364779874
09.07,3,7,L6I,1000.0,300000,0.244140625,77.880859375,0.008764989019633223,41.015625,0.025574760137632692,0.5266457680250783
09.07,4,0,L23E,1000.0,300000,0.244140625,77.63671875,0.009846816531105529,41.9921875,0.03444833149808786,0.5408805031446541
09.07,4,1,L23I,1000.0,300000,0.244140625,81.0546875,0.008019682615960966,41.50390625,0.028570141548226343,0.5120481927710844
09.07,4,2,L4E,1000.0,300000,0.244140625,83.0078125,0.03639179734368907,38.818359375,0.158695559577869,0.4676470588235294
09.07,4,3,L4I,1000.0,300000,0.244140625,78.61328125,0.013780590811150401,37.353515625,0.04636969651631974,0.4751552795031056
09.07,4,4,L5E,1000.0,300000,0.244140625,77.63671875,0.01588316471621765,43.45703125,0.04909012819280299,0.559748427672956
09.07,4,5,L5I,1000.0,300000,0.244140625,78.125,0.0045240270362809,38.330078125,0.015169005830996396,0.490625
09.07,4,6,L6E,1000.0,300000,0.244140625,77.880859375,0.004431494054171406,43.701171875,0.013825936186214739,0.5611285266457681
09.07,4,7,L6I,1000.0,300000,0.244140625,80.56640625,0.010256317065571374,37.59765625,0.03589321289452814,0.4666666666666667
09.07,5,0,L23E,1000.0,300000,0.244140625,78.369140625,0.010545947928143045,39.0625,0.04014761143996834,0.4984423676012461
09.07,5,1,L23I,1000.0,300000,0.244140625,76.171875,0.011228876900042147,36.62109375,0.02940676781157294,0.4807692307692308
09.07,5,2,L4E,1000.0,300000,0.244140625,76.904296875,0.05180933891533971,40.0390625,0.16405185855768212,0.5206349206349207
09.07,5,3,L4I,1000.0,300000,0.244140625,79.58984375,0.014571840492269901,36.376953125,0.052156274726715725,0.4570552147239264
09.07,5,4,L5E,1000.0,300000,0.244140625,77.1484375,0.016970146967793063,37.109375,0.054532408085103394,0.4810126582278481
09.07,5,5,L5I,1000.0,300000,0.244140625,79.833984375,0.004320630070712317,40.283203125,0.012965343064048597,0.5045871559633027
09.07,5,6,L6E,1000.0,300000,0.244140625,79.1015625,0.003866038748417958,42.724609375,0.015183298281436238,0.5401234567901234
09.07,5,7,L6I,1000.0,300000,0.244140625,76.416015625,0.011158967542957835,37.353515625,0.03897151153817918,0.48881789137380194
09.07,6,0,L23E,1000.0,300000,0.244140625,80.078125,0.009696634477636516,37.841796875,0.03670141207133927,0.4725609756097561
09.07,6,1,L23I,1000.0,300000,0.244140625,80.078125,0.008494127635257656,37.59765625,0.0322333557578007,0.4695121951219512
09.07,6,2,L4E,1000.0,300000,0.244140625,80.078125,0.04494885662942063,40.0390625,0.15748374004761326,0.5
09.07,6,3,L4I,1000.0,300000,0.244140625,77.880859375,0.01466488871048369,40.52734375,0.0505106909110578,0.5203761755485894
09.07,6,4,L5E,1000.0,300000,0.244140625,77.392578125,0.016417019081093165,42.236328125,0.05016765751555101,0.5457413249211357
09.07,6,5,L5I,1000.0,300000,0.244140625,75.68359375,0.0049352206121446055,41.748046875,0.015723333650252982,0.5516129032258065
09.07,6,6,L6E,1000.0,300000,0.244140625,78.369140625,0.004345863644381325,43.212890625,0.01265398889771012,0.5514018691588785
09.07,6,7,L6I,1000.0,300000,0.244140625,78.857421875,0.011123153247700121,39.306640625,0.03658626460586553,0.4984520123839009
09.07,7,0,L23E,1000.0,300000,0.244140625,76.171875,0.00892191692376653,40.0390625,0.030446850693161897,0.5256410256410257
09.07,7,1,L23I,1000.0,300000,0.244140625,75.68359375,0.00858365393016525,41.9921875,0.023686016842168194,0.5548387096774193
09.07,7,2,L4E,1000.0,300000,0.244140625,76.416015625,0.04840931714403085,41.748046875,0.13173313251474883,0.5463258785942492
09.07,7,3,L4I,1000.0,300000,0.244140625,79.1015625,0.01361091825635127,40.52734375,0.041755664979293325,0.5123456790123457
09.07,7,4,L5E,1000.0,300000,0.244140625,76.416015625,0.015339007592663571,35.888671875,0.047288978302337234,0.4696485623003195
09.07,7,5,L5I,1000.0,300000,0.244140625,81.787109375,0.0028864170653839535,37.841796875,0.014727076943404301,0.4626865671641791
09.07,7,6,L6E,1000.0,300000,0.244140625,79.833984375,0.004655024742396844,43.212890625,0.01668514545788197,0.5412844036697247
09.07,7,7,L6I,1000.0,300000,0.244140625,76.416015625,0.01104573489736412,42.96875,0.028692901071386986,0.5623003194888179
09.07,8,0,L23E,1000.0,300000,0.244140625,81.54296875,0.009385448457091458,38.330078125,0.037695608938367944,0.47005988023952094
09.07,8,1,L23I,1000.0,300000,0.244140625,83.251953125,0.007590441342866467,37.841796875,0.03325983796318315,0.45454545454545453
09.07,8,2,L4E,1000.0,300000,0.244140625,77.1484375,0.054763532284724616,38.0859375,0.16980948692860465,0.4936708860759494
09.07,8,3,L4I,1000.0,300000,0.244140625,76.171875,0.016376744097497026,43.212890625,0.05223206495776695,0.5673076923076923
09.07,8,4,L5E,1000.0,300000,0.244140625,81.54296875,0.014572585401867613,38.57421875,0.04945622855178445,0.47305389221556887
09.07,8,5,L5I,1000.0,300000,0.244140625,78.125,0.004860739066776511,40.0390625,0.01609117756150574,0.5125
09.07,8,6,L6E,1000.0,300000,0.244140625,81.787109375,0.003873965610163706,39.0625,0.014993983298281688,0.47761194029850745
09.07,8,7,L6I,1000.0,300000,0.244140625,82.275390625,0.00964651712594906,39.0625,0.036958844468306336,0.47477744807121663
09.07,9,0,L23E,1000.0,300000,0.244140625,79.345703125,0.009845079723830724,41.50390625,0.029623260536685868,0.5230769230769231
09.07,9,1,L23I,1000.0,300000,0.244140625,79.58984375,0.007071848412289185,41.9921875,0.026267559056585572,0.5276073619631901
09.07,9,2,L4E,1000.0,300000,0.244140625,80.078125,0.040164648424763534,43.9453125,0.13830614827833226,0.5487804878048781
09.07,9,3,L4I,1000.0,300000,0.244140625,79.1015625,0.014017262876699021,41.50390625,0.044710635920079435,0.5246913580246914
09.07,9,4,L5E,1000.0,300000,0.244140625,77.1484375,0.0161431514264608,43.701171875,0.0495136008966354,0.5664556962025317
09.07,9,5,L5I,1000.0,300000,0.244140625,78.857421875,0.004017078485839333,43.701171875,0.012379304728798697,0.5541795665634675
09.07,9,6,L6E,1000.0,300000,0.244140625,77.63671875,0.005262958106914669,41.50390625,0.017234014666798508,0.5345911949685535
09.07,9,7,L6I,1000.0,300000,0.244140625,76.66015625,0.009919403813542659,38.818359375,0.03285403723464392,0.5063694267515924
09.32,0,0,L23E,1000.0,300000,0.244140625,76.66015625,0.015903674293970226,43.9453125,0.041938170551767434,0.5732484076433121
09.32,0,1,L23I,1000.0,300000,0.244140625,81.0546875,0.009736439182959425,41.015625,0.03508414224747022,0.5060240963855421
09.32,0,2,L4E,1000.0,300000,0.244140625,81.787109375,0.04663317968318348,40.52734375,0.17316331848094974,0.4955223880597015
09.32,0,3,L4I,1000.0,300000,0.244140625,79.833984375,0.015243300033165992,41.748046875,0.05842300154777805,0.5229357798165137
09.32,0,4,L5E,1000.0,300000,0.244140625,78.125,0.016274560048369684,35.64453125,0.060018991149782076,0.45625
09.32,0,5,L5I,1000.0,300000,0.244140625,80.56640625,0.004078007620593983,38.818359375,0.01643441161437201,0.4818181818181818
09.32,0,6,L6E,1000.0,300000,0.244140625,78.857421875,0.0036042233623866534,40.283203125,0.013048440362673854,0.5108359133126935
09.32,0,7,L6I,1000.0,300000,0.244140625,78.369140625,0.01377740660551621,40.0390625,0.03913196350431934,0.5109034267912772
09.32,1,0,L23E,1000.0,300000,0.244140625,79.345703125,0.013129651338322352,36.376953125,0.043384997104419135,0.4584615384615385
09.32,1,1,L23I,1000.0,300000,0.244140625,78.369140625,0.009954037973787093,35.400390625,0.03519732312001357,0.4517133956386293
09.32,1,2,L4E,1000.0,300000,0.244140625,81.787109375,0.041282860047974254,38.57421875,0.17538866472417608,0.4716417910447761
09.32,1,3,L4I,1000.0,300000,0.244140625,78.369140625,0.014761921318694686,38.330078125,0.0545710012909912,0.48909657320872274
09.32,1,4,L5E,1000.0,300000,0.244140625,80.322265625,0.016509905221930136,37.841796875,0.05902188220537304,0.47112462006079026
09.32,1,5,L5I,1000.0,300000,0.244140625,75.439453125,0.005190542308425807,40.0390625,0.015294544735839546,0.5307443365695793
09.32,1,6,L6E,1000.0,300000,0.244140625,77.1484375,0.0041807564083990775,41.9921875,0.012643557314542288,0.5443037974683544
09.32,1,7,L6I,1000.0,300000,0.244140625,79.345703125,0.011032194713280465,40.283203125,0.036197136952349364,0.5076923076923077
09.32,2,0,L23E,1000.0,300000,0.244140625,79.58984375,0.009238715646047729,37.841796875,0.03565753419544986,0.4754601226993865
09.32,2,1,L23I,1000.0,300000,0.244140625,83.251953125,0.006472369236910495,41.748046875,0.027828600624894805,0.501466275659824
09.32,2,2,L4E,1000.0,300000,0.244140625,81.0546875,0.03999789259833504,39.0625,0.14095531217448373,0.4819277108433735
09.32,2,3,L4I,1000.0,300000,0.244140625,76.904296875,0.014399734507653889,41.015625,0.04904089367002268,0.5333333333333333
09.32,2,4,L5E,1000.0,300000,0.244140625,81.0546875,0.014854939408292796,43.45703125,0.04803669302459942,0.536144578313253
09.32,2,5,L5I,1000.0,300000,0.244140625,77.880859375,0.004413101594201691,37.109375,0.013576886447160905,0.47648902821316613
09.32,2,6,L6E,1000.0,300000,0.244140625,81.54296875,0.004258826257218783,39.0625,0.01568617721988155,0.47904191616766467
09.32,2,7,L6I,1000.0,300000,0.244140625,78.61328125,0.011344751755988858,38.818359375,0.03655845626561071,0.4937888198757764
09.32,3,0,L23E,1000.0,300000,0.244140625,76.171875,0.009655598075373565,41.748046875,0.028476847391410803,0.5480769230769231
09.32,3,1,L23I,1000.0,300000,0.244140625,77.392578125,0.008350330516832935,38.57421875,0.0268777842401809,0.49842271293375395
09.32,3,2,L4E,1000.0,300000,0.244140625,78.369140625,0.04736650490870317,41.748046875,0.13566690765444858,0.5327102803738317
09.32,3,3,L4I,1000.0,300000,0.244140625,76.904296875,0.01474952145816231,36.865234375,0.05210723049103074,0.4793650793650794
09.32,3,4,L5E,1000.0,300000,0.244140625,84.228515625,0.012263656631118426,40.283203125,0.048163311641777506,0.4782608695652174
09.32,3,5,L5I,1000.0,300000,0.244140625,75.927734375,0.004071564058503525,36.62109375,0.014125115128308195,0.48231511254019294
09.32,3,6,L6E,1000.0,300000,0.244140625,75.68359375,0.0053753905685428455,40.283203125,0.016060738883186862,0.532258064516129
09.32,3,7,L6I,1000.0,300000,0.244140625,76.904296875,0.010708771331446657,36.376953125,0.03307308690798688,0.473015873015873
09.32,4,0,L23E,1000.0,300000,0.244140625,77.392578125,0.006754309346124387,38.57421875,0.021410904442273285,0.49842271293375395
09.32,4,1,L23I,1000.0,300000,0.244140625,80.078125,0.006203222538631844,40.283203125,0.020642489350689575,0.5030487804878049
09.32,4,2,L4E,1000.0,300000,0.244140625,77.63671875,0.0341186471847385,40.0390625,0.11572319702819633,0.5157232704402516
09.32,4,3,L4I,1000.0,300000,0.244140625,79.345703125,0.012116411705488175,38.818359375,0.040623636842493496,0.48923076923076925
09.32,4,4,L5E,1000.0,300000,0.244140625,79.833984375,0.012587846239131518,40.52734375,0.0477869455525936,0.5076452599388379
09.32,4,5,L5I,1000.0,300000,0.244140625,78.857421875,0.003312883875561103,36.62109375,0.012044586421029894,0.46439628482972134
09.32,4,6,L6E,1000.0,300000,0.244140625,80.56640625,0.005295084035914716,43.701171875,0.02116999924595684,0.5424242424242425
09.32,4,7,L6I,1000.0,300000,0.244140625,77.63671875,0.008439237238014048,37.59765625,0.029668015861334354,0.48427672955974843
09.32,5,0,L23E,1000.0,300000,0.244140625,76.171875,0.008060316678335504,37.841796875,0.025883952055697303,0.4967948717948718
09.32,5,1,L23I,1000.0,300000,0.244140625,80.078125,0.0068334277227737805,37.109375,0.02445445951139961,0.4634146341463415
09.32,5,2,L4E,1000.0,300000,0.244140625,76.416015625,0.03821371242440813,41.748046875,0.11952563953161455,0.5463258785942492
09.32,5,3,L4I,1000.0,300000,0.244140625,78.61328125,0.012020886157902056,38.818359375,0.041239618954581295,0.4937888198757764
09.32,5,4,L5E,1000.0,300000,0.244140625,81.54296875,0.013556626739401764,39.794921875,0.04606114899368754,0.4880239520958084
09.32,5,5,L5I,1000.0,300000,0.244140625,77.880859375,0.0035452805933984624,43.212890625,0.011939980469061747,0.554858934169279
09.32,5,6,L6E,1000.0,300000,0.244140625,78.369140625,0.0057024205699104605,41.015625,0.018974559115222084,0.5233644859813084
09.32,5,7,L6I,1000.0,300000,0.244140625,75.68359375,0.010521238763360648,40.52734375,0.027216669477387132,0.535483870967742
09.32,6,0,L23E,1000.0,300000,0.244140625,82.763671875,0.013329673666474086,41.015625,0.04311627441185537,0.49557522123893805
09.32,6,1,L23I,1000.0,300000,0.244140625,77.1484375,0.01115465707300598,36.1328125,0.041094497097612016,0.46835443037974683
09.32,6,2,L4E,1000.0,300000,0.244140625,82.275390625,0.04750651456150681,37.109375,0.183619684046777,0.45103857566765576
09.32,6,3,L4I,1000.0,300000,0.244140625,79.345703125,0.015351189093243059,35.64453125,0.05554834068870527,0.4492307692307692
09.32,6,4,L5E,1000.0,300000,0.244140625,79.833984375,0.01664254770565672,36.1328125,0.054849926438183164,0.4525993883792049
09.32,6,5,L5I,1000.0,300000,0.244140625,79.345703125,0.004761569660884633,38.57421875,0.017680228519256415,0.48615384615384616
09.32,6,6,L6E,1000.0,300000,0.244140625,76.66015625,0.003940278439436882,36.376953125,0.012456046448845261,0.4745222929936306
09.32,6,7,L6I,1000.0,300000,0.244140625,83.251953125,0.010650095154878346,42.724609375,0.03958260339107523,0.5131964809384164
09.32,7,0,L23E,1000.0,300000,0.244140625,77.880859375,0.01458884184477271,44.43359375,0.042090087881848884,0.5705329153605015
09.32,7,1,L23I,1000.0,300000,0.244140625,77.392578125,0.011227136919611067,41.259765625,0.03815324265633968,0.5331230283911672
09.32,7,2,L4E,1000.0,300000,0.244140625,82.763671875,0.04358855778955689,37.841796875,0.19174134925032799,0.45722713864306785
09.32,7,3,L4I,1000.0,300000,0.244140625,77.1484375,0.018494267161334156,38.57421875,0.06645713750117063,0.5
09.32,7,4,L5E,1000.0,300000,0.244140625,77.63671875,0.01842415800719885,43.212890625,0.05329870292649826,0.5566037735849056
09.32,7,5,L5I,1000.0,300000,0.244140625,76.416015625,0.005824159852157642,36.62109375,0.017868430671474363,0.4792332268370607
09.32,7,6,L6E,1000.0,300000,0.244140625,76.416015625,0.003462431075625172,39.55078125,0.010258995922699854,0.5175718849840255
09.32,7,7,L6I,1000.0,300000,0.244140625,76.171875,0.015159770829258585,38.57421875,0.04224401663396186,0.5064102564102564
09.32,8,0,L23E,1000.0,300000,0.244140625,82.03125,0.006143854612139915,39.0625,0.024506109492835045,0.47619047619047616
09.32,8,1,L23I,1000.0,300000,0.244140625,79.345703125,0.0071887198226779385,37.109375,0.02269869418167144,0.4676923076923077
09.32,8,2,L4E,1000.0,300000,0.244140625,78.61328125,0.036212559018114036,38.57421875,0.11897010519928909,0.4906832298136646
09.32,8,3,L4I,1000.0,300000,0.244140625,83.0078125,0.010201895197333617,40.771484375,0.04018754267647608,0.49117647058823527
09.32,8,4,L5E,1000.0,300000,0.244140625,75.68359375,0.01651362486874284,39.55078125,0.046642684862711094,0.5225806451612903
09.32,8,5,L5I,1000.0,300000,0.244140625,76.66015625,0.003306863862232869,37.59765625,0.01125088027415273,0.49044585987261147
09.32,8,6,L6E,1000.0,300000,0.244140625,79.58984375,0.005429837138490017,38.818359375,0.020800068556266097,0.48773006134969327
09.32,8,7,L6I,1000.0,300000,0.244140625,76.171875,0.009948571394189675,37.353515625,0.028228034120895005,0.49038461538461536
09.32,9,0,L23E,1000.0,300000,0.244140625,76.416015625,0.010988153286732203,40.771484375,0.030958274377665237,0.5335463258785943
09.32,9,1,L23I,1000.0,300000,0.244140625,82.275390625,0.006991685948466868,39.794921875,0.027148641229570912,0.4836795252225519
09.32,9,2,L4E,1000.0,300000,0.244140625,81.298828125,0.0392452728926643,38.0859375,0.15581848801894482,0.46846846846846846
09.32,9,3,L4I,1000.0,300000,0.244140625,81.54296875,0.012036791956125547,40.283203125,0.04614655901056082,0.4940119760479042
09.32,9,4,L5E,1000.0,300000,0.244140625,76.904296875,0.01594677633675951,38.0859375,0.0539455739855166,0.49523809523809526
09.32,9,5,L5I,1000.0,300000,0.244140625,78.369140625,0.00428497394865814,42.96875,0.013635822609158205,0.5482866043613707
09.32,9,6,L6E,1000.0,300000,0.244140625,81.787109375,0.004223465569232555,40.283203125,0.016906803404741832,0.4925373134328358
09.32,9,7,L6I,1000.0,300000,0.244140625,80.078125,0.00905528488277735,42.236328125,0.03349015045860771,0.5274390243902439
09.58,0,0,L23E,1000.0,300000,0.244140625,76.66015625,0.013449803534922712,42.48046875,0.041641677960981845,0.554140127388535
09.58,0,1,L23I,1000.0,300000,0.244140625,79.833984375,0.010938032410808918,40.283203125,0.03580221183955891,0.5045871559633027
09.58,0,2,L4E,1000.0,300000,0.244140625,80.810546875,0.0513524491477236,43.212890625,0.1614132211697948,0.5347432024169184
09.58,0,3,L4I,1000.0,300000,0.244140625,78.369140625,0.016961995095785314,38.818359375,0.055753256117470694,0.4953271028037383
09.58,0,4,L5E,1000.0,300000,0.244140625,76.904296875,0.01881078095746067,36.376953125,0.0591651428369962,0.473015873015873
09.58,0,5,L5I,1000.0,300000,0.244140625,77.392578125,0.004898898650915849,41.015625,0.01670971448368714,0.5299684542586751
09.58,0,6,L6E,1000.0,300000,0.244140625,78.125,0.0038229082981954938,41.259765625,0.012691313521445749,0.528125
09.58,0,7,L6I,1000.0,300000,0.244140625,76.66015625,0.012917085537124368,40.283203125,0.03961713065021507,0.5254777070063694
09.58,1,0,L23E,1000.0,300000,0.244140625,75.927734375,0.011174449021637691,39.306640625,0.03205070546367899,0.5176848874598071
09.58,1,1,L23I,1000.0,300000,0.244140625,82.51953125,0.00669574841422417,37.353515625,0.02926894134336875,0.4526627218934911
09.58,1,2,L4E,1000.0,300000,0.244140625,82.03125,0.03803809817935892,41.259765625,0.1473506596104967,0.5029761904761905
09.58,1,3,L4I,1000.0,300000,0.244140625,81.298828125,0.014053110118867947,41.50390625,0.049703379692932245,0.5105105105105106
09.58,1,4,L5E,1000.0,300000,0.244140625,81.0546875,0.013448061235205169,37.353515625,0.053694172060576535,0.4608433734939759
09.58,1,5,L5I,1000.0,300000,0.244140625,82.03125,0.003464608281349882,43.45703125,0.013734349172465828,0.5297619047619048
09.58,1,6,L6E,1000.0,300000,0.244140625,77.880859375,0.0047837379256321306,36.376953125,0.01627401556814399,0.4670846394984326
09.58,1,7,L6I,1000.0,300000,0.244140625,79.833984375,0.010194800068375188,42.96875,0.03508352906098241,0.5382262996941896
09.58,2,0,L23E,1000.0,300000,0.244140625,76.416015625,0.012730474412417743,37.59765625,0.039535530536962446,0.49201277955271566
09.58,2,1,L23I,1000.0,300000,0.244140625,79.1015625,0.009092661052336842,40.771484375,0.03580985346708437,0.5154320987654321
09.58,2,2,L4E,1000.0,300000,0.244140625,77.392578125,0.05567187129335051,37.353515625,0.16849188570428733,0.48264984227129337
09.58,2,3,L4I,1000.0,300000,0.244140625,78.61328125,0.01709621075328812,38.57421875,0.05562412448548799,0.4906832298136646
09.58,2,4,L5E,1000.0,300000,0.244140625,75.927734375,0.017288399298925367,40.0390625,0.05344923280344584,0.5273311897106109
09.58,2,5,L5I,1000.0,300000,0.244140625,83.984375,0.0038759548049912174,42.724609375,0.0153451392134345,0.5087209302325582
09.58,2,6,L6E,1000.0,300000,0.244140625,78.369140625,0.00405525769671408,43.45703125,0.0123861223909841,0.5545171339563862
09.58,2,7,L6I,1000.0,300000,0.244140625,76.416015625,0.01282484755135001,41.9921875,0.03974638700172512,0.549520766773163
09.58,3,0,L23E,1000.0,300000,0.244140625,77.63671875,0.008438631261832757,39.0625,0.024846132543934578,0.5031446540880503
09.58,3,1,L23I,1000.0,300000,0.244140625,76.171875,0.007665118842922187,37.59765625,0.023557632584106265,0.4935897435897436
09.58,3,2,L4E,1000.0,300000,0.244140625,76.66015625,0.04328617205654594,41.259765625,0.11814429077105926,0.5382165605095541
09.58,3,3,L4I,1000.0,300000,0.244140625,80.078125,0.010505151494959534,39.306640625,0.038695575565020957,0.49085365853658536
09.58,3,4,L5E,1000.0,300000,0.244140625,78.369140625,0.014394040624610346,37.841796875,0.05154565808774075,0.48286604361370716
09.58,3,5,L5I,1000.0,300000,0.244140625,78.125,0.003362443701619796,37.109375,0.013009813772615848,0.475
09.58,3,6,L6E,1000.0,300000,0.244140625,75.927734375,0.006492030010007204,35.888671875,0.02013606970720789,0.47266881028938906
09.58,3,7,L6I,1000.0,300000,0.244140625,77.63671875,0.009693599670508438,38.57421875,0.030797814204595386,0.4968553459119497
09.58,4,0,L23E,1000.0,300000,0.244140625,84.228515625,0.006261103105038871,39.306640625,0.026576346402231537,0.4666666666666667
09.58,4,1,L23I,1000.0,300000,0.244140625,76.171875,0.008596509929720027,37.841796875,0.023994655302702284,0.4967948717948718
09.58,4,2,L4E,1000.0,300000,0.244140625,78.857421875,0.04353130909527575,40.283203125,0.1416014889417751,0.5108359133126935
09.58,4,3,L4I,1000.0,300000,0.244140625,82.51953125,0.01140496875535267,39.55078125,0.045710906963537766,0.47928994082840237
09.58,4,4,L5E,1000.0,300000,0.244140625,78.369140625,0.015279394040765724,39.794921875,0.0468139056115484,0.5077881619937694
09.58,4,5,L5I,1000.0,300000,0.244140625,76.66015625,0.004394914142161994,41.015625,0.012687713247163272,0.535031847133758
09.58,4,6,L6E,1000.0,300000,0.244140625,76.904296875,0.005954050039768558,36.62109375,0.019152598389319132,0.47619047619047616
09.58,4,7,L6I,1000.0,300000,0.244140625,75.439453125,0.011551243339552153,40.52734375,0.030945835577640583,0.5372168284789643
09.58,5,0,L23E,1000.0,300000,0.244140625,81.54296875,0.005829078699268952,39.55078125,0.023217555224333386,0.48502994011976047
09.58,5,1,L23I,1000.0,300000,0.244140625,78.369140625,0.006939161383108274,37.59765625,0.02488042760342796,0.4797507788161994
09.58,5,2,L4E,1000.0,300000,0.244140625,76.66015625,0.041382253486243165,40.52734375,0.1097611585428193,0.5286624203821656
09.58,5,3,L4I,1000.0,300000,0.244140625,77.63671875,0.011640171340368991,37.841796875,0.043744019068199046,0.48742138364779874
09.58,5,4,L5E,1000.0,300000,0.244140625,79.345703125,0.013348539216732352,38.330078125,0.048313602036844906,0.48307692307692307
09.58,5,5,L5I,1000.0,300000,0.244140625,76.904296875,0.0038413207487977856,41.259765625,0.01198171343653609,0.5365079365079365
09.58,5,6,L6E,1000.0,300000,0.244140625,81.0546875,0.005393876306643761,41.259765625,0.018677222726127336,0.5090361445783133
09.58,5,7,L6I,1000.0,300000,0.244140625,80.322265625,0.008071698410777298,42.48046875,0.02886010175594024,0.5288753799392097
09.58,6,0,L23E,1000.0,300000,0.244140625,77.392578125,0.0149530837311631,40.771484375,0.045980624254763174,0.526813880126183
09.58,6,1,L23I,1000.0,300000,0.244140625,82.763671875,0.010597933711494966,35.400390625,0.0546323650787592,0.4277286135693215
09.58,6,2,L4E,1000.0,300000,0.244140625,80.56640625,0.05254982511461158,37.59765625,0.21402532854807405,0.4666666666666667
09.58,6,3,L4I,1000.0,300000,0.244140625,78.857421875,0.01693432984404727,43.45703125,0.06375712942988612,0.5510835913312694
09.58,6,4,L5E,1000.0,300000,0.244140625,80.810546875,0.016175457149200177,41.9921875,0.05869772495616708,0.5196374622356495
09.58,6,5,L5I,1000.0,300000,0.244140625,81.298828125,0.004947352323417091,43.212890625,0.016439078707956724,0.5315315315315315
09.58,6,6,L6E,1000.0,300000,0.244140625,76.171875,0.003324469345035019,41.015625,0.00954383967381937,0.5384615384615384
09.58,6,7,L6I,1000.0,300000,0.244140625,78.125,0.012595224264104686,36.1328125,0.042549482414423634,0.4625
09.58,7,0,L23E,1000.0,300000,0.244140625,83.251953125,0.007282608333960594,44.43359375,0.03028692728294712,0.533724340175953
09.58,7,1,L23I,1000.0,300000,0.244140625,80.56640625,0.00775096113528665,43.9453125,0.026029444631530382,0.5454545454545454
09.58,7,2,L4E,1000.0,300000,0.244140625,76.171875,0.04959665878746811,36.865234375,0.1461701512550212,0.483974358974359
09.58,7,3,L4I,1000.0,300000,0.244140625,78.369140625,0.014143662781930022,40.283203125,0.044887470223415576,0.514018691588785
09.58,7,4,L5E,1000.0,300000,0.244140625,77.63671875,0.015669521310289446,40.0390625,0.05391181279934254,0.5157232704402516
09.58,7,5,L5I,1000.0,300000,0.244140625,82.763671875,0.003379556349109055,43.212890625,0.013010399680531073,0.5221238938053098
09.58,7,6,L6E,1000.0,300000,0.244140625,82.03125,0.003929712128910847,38.57421875,0.016521908189777376,0.47023809523809523
09.58,7,7,L6I,1000.0,300000,0.244140625,77.1484375,0.010165721442674268,37.109375,0.03576479169126999,0.4810126582278481
09.58,8,0,L23E,1000.0,300000,0.244140625,82.03125,0.00894189876685304,38.0859375,0.030916162147414328,0.4642857142857143
09.58,8,1,L23I,1000.0,300000,0.244140625,76.416015625,0.008720512492378507,42.48046875,0.026991169940929434,0.5559105431309904
09.58,8,2,L4E,1000.0,300000,0.244140625,81.54296875,0.035832497715171184,36.1328125,0.15984830887743945,0.4431137724550898
09.58,8,3,L4I,1000.0,300000,0.244140625,75.68359375,0.016687456112453716,36.376953125,0.04688074977861856,0.4806451612903226
09.58,8,4,L5E,1000.0,300000,0.244140625,79.345703125,0.01641286789666871,42.724609375,0.04745612418246457,0.5384615384615384
09.58,8,5,L5I,1000.0,300000,0.244140625,81.0546875,0.003931669475357399,40.0390625,0.013175671813728447,0.4939759036144578
09.58,8,6,L6E,1000.0,300000,0.244140625,82.51953125,0.004164066805282496,40.0390625,0.01650502898064933,0.48520710059171596
09.58,8,7,L6I,1000.0,300000,0.244140625,78.125,0.010033477644200739,35.64453125,0.037955515539477666,0.45625
09.58,9,0,L23E,1000.0,300000,0.244140625,79.833984375,0.012864059228359573,42.236328125,0.036533018967253805,0.5290519877675841
09.58,9,1,L23I,1000.0,300000,0.244140625,76.171875,0.010935284134591518,38.818359375,0.03452344737456095,0.5096153846153846
09.58,9,2,L4E,1000.0,300000,0.244140625,76.66015625,0.05426559798355653,41.015625,0.1543409507717269,0.535031847133758
09.58,9,3,L4I,1000.0,300000,0.244140625,76.171875,0.018392397401041104,39.0625,0.056165659647245646,0.5128205128205128
09.58,9,4,L5E,1000.0,300000,0.244140625,75.68359375,0.01892073992186857,39.55078125,0.050708536320003376,0.5225806451612903
09.58,9,5,L5I,1000.0,300000,0.244140625,80.810546875,0.003946608049922018,35.888671875,0.018117382587927236,0.44410876132930516
09.58,9,6,L6E,1000.0,300000,0.244140625,80.078125,0.0038884815604463166,41.259765625,0.012079580244457303,0.5152439024390244
09.58,9,7,L6I,1000.0,300000,0.244140625,79.1015625,0.010626390449762305,35.64453125,0.03995532491126452,0.4506172839506173
09.83,0,0,L23E,1000.0,300000,0.244140625,75.927734375,0.015885614511073568,37.59765625,0.03898404970587631,0.49517684887459806
09.83,0,1,L23I,1000.0,300000,0.244140625,83.251953125,0.00898217395796898,40.283203125,0.03465829982712759,0.4838709677419355
09.83,0,2,L4E,1000.0,300000,0.244140625,83.0078125,0.03813786574157085,39.55078125,0.15512616276777008,0.4764705882352941
09.83,0,3,L4I,1000.0,300000,0.244140625,78.857421875,0.015871389431504214,43.9453125,0.05040446092307828,0.5572755417956656
09.83,0,4,L5E,1000.0,300000,0.244140625,76.171875,0.016995965241223196,37.353515625,0.05956767517659785,0.49038461538461536
09.83,0,5,L5I,1000.0,300000,0.244140625,79.345703125,0.004314687086973551,37.109375,0.01640515312222132,0.4676923076923077
09.83,0,6,L6E,1000.0,300000,0.244140625,81.54296875,0.003506829761589781,39.306640625,0.013490323251152951,0.4820359281437126
09.83,0,7,L6I,1000.0,300000,0.244140625,76.171875,0.012304562601501772,39.306640625,0.03710693782556591,0.5160256410256411
09.83,1,0,L23E,1000.0,300000,0.244140625,79.58984375,0.011671409900358316,39.55078125,0.039648398252259,0.49693251533742333
09.83,1,1,L23I,1000.0,300000,0.244140625,82.275390625,0.008207998893405049,43.701171875,0.03245729912066119,0.5311572700296736
09.83,1,2,L4E,1000.0,300000,0.244140625,80.322265625,0.04731427576341374,42.48046875,0.1629230175627229,0.5288753799392097
09.83,1,3,L4I,1000.0,300000,0.244140625,75.439453125,0.01910020256836437,37.841796875,0.05595923862903816,0.5016181229773463
09.83,1,4,L5E,1000.0,300000,0.244140625,78.857421875,0.015112617433738523,41.259765625,0.050087611830253675,0.5232198142414861
09.83,1,5,L5I,1000.0,300000,0.244140625,80.56640625,0.004413489750082418,39.55078125,0.015603192813224503,0.4909090909090909
09.83,1,6,L6E,1000.0,300000,0.244140625,79.58984375,0.003802516789677446,41.259765625,0.011414761355631534,0.5184049079754601
09.83,1,7,L6I,1000.0,300000,0.244140625,79.345703125,0.011856645866311945,39.306640625,0.0385015585372383,0.49538461538461537
09.83,2,0,L23E,1000.0,300000,0.244140625,79.1015625,0.013880307931715574,37.841796875,0.048412583365017595,0.4783950617283951
09.83,2,1,L23I,1000.0,300000,0.244140625,76.904296875,0.012581387547726279,39.55078125,0.03738284200019612,0.5142857142857142
09.83,2,2,L4E,1000.0,300000,0.244140625,78.125,0.05627303878826958,37.353515625,0.19932207606951183,0.478125
09.83,2,3,L4I,1000.0,300000,0.244140625,79.1015625,0.01911708184865646,41.50390625,0.06099534550753735,0.5246913580246914
09.83,2,4,L5E,1000.0,300000,0.244140625,75.927734375,0.020637251047738645,38.57421875,0.0638775777341113,0.5080385852090032
09.83,2,5,L5I,1000.0,300000,0.244140625,78.369140625,0.0052199867638777365,38.0859375,0.018308417805831406,0.48598130841121495
09.83,2,6,L6E,1000.0,300000,0.244140625,77.1484375,0.003094161409970044,37.841796875,0.011526178863152992,0.49050632911392406
09.83,2,7,L6I,1000.0,300000,0.244140625,79.833984375,0.012337395422216806,41.748046875,0.038784348150640906,0.5229357798165137
09.83,3,0,L23E,1000.0,300000,0.244140625,76.171875,0.00992907564210733,37.109375,0.03429093621987021,0.48717948717948717
09.83,3,1,L23I,1000.0,300000,0.244140625,77.1484375,0.008325642498095184,39.794921875,0.025693975730870955,0.5158227848101266
09.83,3,2,L4E,1000.0,300000,0.244140625,78.125,0.04628394166737752,36.865234375,0.15787291447173868,0.471875
09.83,3,3,L4I,1000.0,300000,0.244140625,83.0078125,0.012333222809302722,37.109375,0.05133575227678525,0.4470588235294118
09.83,3,4,L5E,1000.0,300000,0.244140625,75.68359375,0.016769397748817215,38.0859375,0.0547132550194958,0.5032258064516129
09.83,3,5,L5I,1000.0,300000,0.244140625,77.880859375,0.004298233386930656,39.794921875,0.013440764525687746,0.5109717868338558
09.83,3,6,L6E,1000.0,300000,0.244140625,77.1484375,0.005021619523695433,41.259765625,0.0166689689580413,0.5348101265822784
09.83,3,7,L6I,1000.0,300000,0.244140625,82.51953125,0.008337651303910587,43.9453125,0.030078893962306084,0.5325443786982249
09.83,4,0,L23E,1000.0,300000,0.244140625,80.078125,0.012292027843760142,38.57421875,0.04106832138354798,0.4817073170731707
09.83,4,1,L23I,1000.0,300000,0.244140625,79.1015625,0.010954776263950613,41.748046875,0.03610211590532695,0.5277777777777778
09.83,4,2,L4E,1000.0,300000,0.244140625,80.322265625,0.05106689378856317,40.283203125,0.1697425139006654,0.5015197568389058
09.83,4,3,L4I,1000.0,300000,0.244140625,83.251953125,0.015079332790833374,40.52734375,0.06094048511825286,0.4868035190615836
09.83,4,4,L5E,1000.0,300000,0.244140625,80.078125,0.016203489418135646,39.794921875,0.05714501820470894,0.4969512195121951
09.83,4,5,L5I,1000.0,300000,0.244140625,77.1484375,0.005408443951055452,41.015625,0.015322311215079484,0.5316455696202531
09.83,4,6,L6E,1000.0,300000,0.244140625,76.904296875,0.003797639944412942,43.701171875,0.011578810982426184,0.5682539682539682
09.83,4,7,L6I,1000.0,300000,0.244140625,82.763671875,0.009888510037360276,40.52734375,0.0430337899320621,0.4896755162241888
09.83,5,0,L23E,1000.0,300000,0.244140625,83.984375,0.009999681335846533,36.62109375,0.04718845564732587,0.436046511627907
09.83,5,1,L23I,1000.0,300000,0.244140625,76.171875,0.011524785217540502,40.283203125,0.03225757180936067,0.5288461538461539
09.83,5,2,L4E,1000.0,300000,0.244140625,83.984375,0.04535577535593791,38.330078125,0.1671074908019209,0.4563953488372093
09.83,5,3,L4I,1000.0,300000,0.244140625,81.0546875,0.015251409038220937,42.96875,0.0487943923983832,0.5301204819277109
09.83,5,4,L5E,1000.0,300000,0.244140625,80.56640625,0.01645958005355906,41.9921875,0.05364188833569485,0.5212121212121212
09.83,5,5,L5I,1000.0,300000,0.244140625,76.171875,0.005547964504276253,41.748046875,0.014162950838310191,0.5480769230769231
09.83,5,6,L6E,1000.0,300000,0.244140625,77.1484375,0.0040397284967246296,39.794921875,0.013129917699814546,0.5158227848101266
09.83,5,7,L6I,1000.0,300000,0.244140625,77.1484375,0.012689359219807787,40.52734375,0.037161372324818545,0.5253164556962026
09.83,6,0,L23E,1000.0,300000,0.244140625,76.904296875,0.018479005335403975,40.0390625,0.054806419914192356,0.5206349206349207
09.83,6,1,L23I,1000.0,300000,0.244140625,79.58984375,0.013472707380117466,39.794921875,0.045023765432433374,0.5
09.83,6,2,L4E,1000.0,300000,0.244140625,79.1015625,0.06067312235358412,37.59765625,0.20779644076148646,0.47530864197530864
09.83,6,3,L4I,1000.0,300000,0.244140625,77.880859375,0.019295555752367896,37.59765625,0.06649625113683827,0.4827586206896552
09.83,6,4,L5E,1000.0,300000,0.244140625,77.63671875,0.018394494839579736,39.0625,0.06340059639357351,0.5031446540880503
09.83,6,5,L5I,1000.0,300000,0.244140625,80.078125,0.005182665086370973,35.888671875,0.023139772026890403,0.4481707317073171
09.83,6,6,L6E,1000.0,300000,0.244140625,80.078125,0.0028507594132658725,40.52734375,0.009542339874846853,0.5060975609756098
09.83,6,7,L6I,1000.0,300000,0.244140625,81.787109375,0.01242668442072016,41.748046875,0.04292905221401519,0.5104477611940299
09.83,7,0,L23E,1000.0,300000,0.244140625,80.322265625,0.011657672042395437,39.794921875,0.040485747430993195,0.49544072948328266
09.83,7,1,L23I,1000.0,300000,0.244140625,78.125,0.009303888829232934,35.64453125,0.03559039702212451,0.45625
09.83,7,2,L4E,1000.0,300000,0.244140625,76.416015625,0.06034614812907475,37.353515625,0.17263241557325265,0.48881789137380194
09.83,7,3,L4I,1000.0,300000,0.244140625,78.857421875,0.01612567533452495,37.353515625,0.054685957161779396,0.47368421052631576
09.83,7,4,L5E,1000.0,300000,0.244140625,78.369140625,0.015607177323554584,40.52734375,0.05463881222131235,0.5171339563862928
09.83,7,5,L5I,1000.0,300000,0.244140625,77.63671875,0.004676082798765732,41.259765625,0.016470621922723538,0.5314465408805031
09.83,7,6,L6E,1000.0,300000,0.244140625,79.1015625,0.00340675456653825,36.62109375,0.013471408708163704,0.46296296296296297
09.83,7,7,L6I,1000.0,300000,0.244140625,77.1484375,0.012157528464467559,43.9453125,0.03440489843591346,0.569620253164557
09.83,8,0,L23E,1000.0,300000,0.244140625,78.369140625,0.01236087364126544,41.50390625,0.036820195356960794,0.5295950155763239
09.83,8,1,L23I,1000.0,300000,0.244140625,78.125,0.00945355646513061,42.236328125,0.033861519653839184,0.540625
09.83,8,2,L4E,1000.0,300000,0.244140625,78.369140625,0.0534630766884696,36.62109375,0.16597584318148298,0.4672897196261682
09.83,8,3,L4I,1000.0,300000,0.244140625,76.904296875,0.016114101347643215,41.748046875,0.050949819814747194,0.5428571428571428
09.83,8,4,L5E,1000.0,300000,0.244140625,76.416015625,0.018117632161255132,35.888671875,0.05484297035931608,0.4696485623003195
09.83,8,5,L5I,1000.0,300000,0.244140625,82.275390625,0.004193030783350017,38.0859375,0.015515696632258389,0.4629080118694362
09.83,8,6,L6E,1000.0,300000,0.244140625,76.416015625,0.003805934858877589,43.212890625,0.01269422940345222,0.5654952076677316
09.83,8,7,L6I,1000.0,300000,0.244140625,75.68359375,0.012772628191553986,36.1328125,0.04091282500696334,0.4774193548387097
09.83,9,0,L23E,1000.0,300000,0.244140625,83.740234375,0.00969694121309093,36.1328125,0.04873635108686137,0.4314868804664723
09.83,9,1,L23I,1000.0,300000,0.244140625,76.66015625,0.010989049463812746,44.189453125,0.03191509686900174,0.5764331210191083
09.83,9,2,L4E,1000.0,300000,0.244140625,77.880859375,0.052056933824255344,42.48046875,0.16300611292641487,0.5454545454545454
09.83,9,3,L4I,1000.0,300000,0.244140625,78.61328125,0.015324529938596957,36.1328125,0.05850212049442374,0.45962732919254656
09.83,9,4,L5E,1000.0,300000,0.244140625,80.322265625,0.015649056633299623,38.818359375,0.0531386075921667,0.48328267477203646
09.83,9,5,L5I,1000.0,300000,0.244140625,79.58984375,0.004512910296426758,43.701171875,0.014241059552926932,0.549079754601227
09.83,9,6,L6E,1000.0,300000,0.244140625,79.833984375,0.0040369096803059895,39.55078125,0.011817894308237053,0.4954128440366973
09.83,9,7,L6I,1000.0,300000,0.244140625,77.392578125,0.011664777581485168,40.52734375,0.0396724892382197,0.5236593059936908
10.08,0,0,L23E,1000.0,300000,0.244140625,78.61328125,0.010839436016132546,43.701171875,0.03574470898660711,0.5559006211180124
10.08,0,1,L23I,1000.0,300000,0.244140625,75.68359375,0.010574429097728938,39.55078125,0.03089873547043167,0.5225806451612903
10.08,0,2,L4E,1000.0,300000,0.244140625,77.392578125,0.05519625574767235,36.1328125,0.1713032151902514,0.4668769716088328
10.08,0,3,L4I,1000.0,300000,0.244140625,77.392578125,0.016286793703069333,38.57421875,0.052147433512297545,0.49842271293375395
10.08,0,4,L5E,1000.0,300000,0.244140625,79.1015625,0.014962807769976836,39.0625,0.053517222005424546,0.49382716049382713
10.08,0,5,L5I,1000.0,300000,0.244140625,78.369140625,0.004730773524815566,35.64453125,0.015403843626305739,0.45482866043613707
10.08,0,6,L6E,1000.0,300000,0.244140625,78.369140625,0.003896774696465764,40.771484375,0.013102331594677457,0.5202492211838006
10.08,0,7,L6I,1000.0,300000,0.244140625,77.1484375,0.011344183055632198,42.236328125,0.03502802829301984,0.5474683544303798
10.08,1,0,L23E,1000.0,300000,0.244140625,76.66015625,0.009067833857084161,42.236328125,0.026156196526304368,0.5509554140127388
10.08,1,1,L23I,1000.0,300000,0.244140625,77.880859375,0.007286404850983144,41.015625,0.024605837955087414,0.5266457680250783
10.08,1,2,L4E,1000.0,300000,0.244140625,79.345703125,0.04221531311232136,41.259765625,0.13117566096972094,0.52
10.08,1,3,L4I,1000.0,300000,0.244140625,80.078125,0.013736820536318516,40.283203125,0.04277757486877325,0.5030487804878049
10.08,1,4,L5E,1000.0,300000,0.244140625,78.369140625,0.0141244251555884,42.724609375,0.052998853672401834,0.5451713395638629
10.08,1,5,L5I,1000.0,300000,0.244140625,81.54296875,0.0032765744963172317,36.865234375,0.014025964438839128,0.45209580838323354
10.08,1,6,L6E,1000.0,300000,0.244140625,75.927734375,0.005813590110709682,40.283203125,0.019333582303421103,0.5305466237942122
10.08,1,7,L6I,1000.0,300000,0.244140625,81.0546875,0.008978650672509862,37.353515625,0.03266125472845027,0.4608433734939759
10.08,2,0,L23E,1000.0,300000,0.244140625,79.58984375,0.013889265847966563,38.818359375,0.0498005352025453,0.48773006134969327
10.08,2,1,L23I,1000.0,300000,0.244140625,76.416015625,0.011958203926956842,40.283203125,0.03782815362910642,0.5271565495207667
10.08,2,2,L4E,1000.0,300000,0.244140625,82.763671875,0.05060620096651715,36.1328125,0.2015860125389277,0.4365781710914454
10.08,2,3,L4I,1000.0,300000,0.244140625,77.1484375,0.019430793041882704,40.771484375,0.05708638424721486,0.5284810126582279
10.08,2,4,L5E,1000.0,300000,0.244140625,83.251953125,0.015106753115614305,36.865234375,0.05780259119037777,0.44281524926686217
10.08,2,5,L5I,1000.0,300000,0.244140625,75.927734375,0.005693917744449687,41.748046875,0.016952937146711807,0.5498392282958199
10.08,2,6,L6E,1000.0,300000,0.244140625,83.0078125,0.002818303925510401,40.0390625,0.010109969793325643,0.4823529411764706
10.08,2,7,L6I,1000.0,300000,0.244140625,83.251953125,0.010385951805687077,41.9921875,0.03676208348028307,0.5043988269794721
10.08,3,0,L23E,1000.0,300000,0.244140625,77.880859375,0.014488701849149228,40.52734375,0.0480369613121421,0.5203761755485894
10.08,3,1,L23I,1000.0,300000,0.244140625,82.51953125,0.008667595319780843,39.306640625,0.043701623669099555,0.47633136094674555
10.08,3,2,L4E,1000.0,300000,0.244140625,80.078125,0.05119693792198551,37.59765625,0.1801297118501971,0.4695121951219512
10.08,3,3,L4I,1000.0,300000,0.244140625,78.857421875,0.018155233824792963,40.0390625,0.06873151597095463,0.5077399380804953
10.08,3,4,L5E,1000.0,300000,0.244140625,79.345703125,0.016044825504695805,39.794921875,0.055028697713459876,0.5015384615384615
10.08,3,5,L5I,1000.0,300000,0.244140625,77.63671875,0.004803911184349327,42.96875,0.016920033026212467,0.5534591194968553
10.08,3,6,L6E,1000.0,300000,0.244140625,82.03125,0.003017476848931549,43.701171875,0.010141473456595891,0.5327380952380952
10.08,3,7,L6I,1000.0,300000,0.244140625,82.51953125,0.0100568462359541,40.283203125,0.0399826649502901,0.4881656804733728
10.08,4,0,L23E,1000.0,300000,0.244140625,77.63671875,0.017003851285536196,41.9921875,0.05087528883315266,0.5408805031446541
10.08,4,1,L23I,1000.0,300000,0.244140625,79.58984375,0.010887918572122169,38.818359375,0.04157975114477166,0.48773006134969327
10.08,4,2,L4E,1000.0,300000,0.244140625,77.392578125,0.0678818995158771,41.015625,0.20660737502194057,0.5299684542586751
10.08,4,3,L4I,1000.0,300000,0.244140625,76.904296875,0.020289557603503032,40.283203125,0.05904531549599403,0.5238095238095238
10.08,4,4,L5E,1000.0,300000,0.244140625,83.740234375,0.015804090636356186,38.57421875,0.055703788896210374,0.4606413994169096
10.08,4,5,L5I,1000.0,300000,0.244140625,75.927734375,0.006431044280763588,38.330078125,0.017771299602781135,0.5048231511254019
10.08,4,6,L6E,1000.0,300000,0.244140625,76.904296875,0.003105390121717885,43.212890625,0.008712876758509687,0.5619047619047619
10.08,4,7,L6I,1000.0,300000,0.244140625,81.787109375,0.011822930152478041,38.57421875,0.049377415652268906,0.4716417910447761
10.08,5,0,L23E,1000.0,300000,0.244140625,75.927734375,0.00978649263163269,38.57421875,0.03125564820931464,0.5080385852090032
10.08,5,1,L23I,1000.0,300000,0.244140625,76.171875,0.007884056729555493,39.55078125,0.026319576721297012,0.5192307692307693
10.08,5,2,L4E,1000.0,300000,0.244140625,77.392578125,0.04207794834923012,42.236328125,0.13304587743315938,0.5457413249211357
10.08,5,3,L4I,1000.0,300000,0.244140625,82.03125,0.0127851291550825,39.306640625,0.04333672285300646,0.4791666666666667
10.08,5,4,L5E,1000.0,300000,0.244140625,81.298828125,0.013162484018582455,40.0390625,0.05261690209431007,0.4924924924924925
10.08,5,5,L5I,1000.0,300000,0.244140625,76.66015625,0.004554305884949616,36.376953125,0.013629482154880246,0.4745222929936306
10.08,5,6,L6E,1000.0,300000,0.244140625,78.125,0.005582227453993297,39.55078125,0.016413399103453522,0.50625
10.08,5,7,L6I,1000.0,300000,0.244140625,80.322265625,0.008589145473985949,43.45703125,0.029473966218713295,0.541033434650456
10.08,6,0,L23E,1000.0,300000,0.244140625,76.904296875,0.01115146932312946,39.0625,0.03864424054935793,0.5079365079365079
10.08,6,1,L23I,1000.0,300000,0.244140625,77.392578125,0.008583157072008853,39.306640625,0.030624284378435857,0.5078864353312302
10.08,6,2,L4E,1000.0,300000,0.244140625,81.0546875,0.04581597496834308,41.9921875,0.14939200413034903,0.5180722891566265
10.08,6,3,L4I,1000.0,300000,0.244140625,80.56640625,0.013971159025044274,35.888671875,0.055215599660990156,0.44545454545454544
10.08,6,4,L5E,1000.0,300000,0.244140625,77.1484375,0.017063209281287933,35.64453125,0.05387922481982897,0.4620253164556962
10.08,6,5,L5I,1000.0,300000,0.244140625,83.251953125,0.003768570584217643,39.0625,0.014994371185751174,0.46920821114369504
10.08,6,6,L6E,1000.0,300000,0.244140625,78.125,0.004381834009803767,38.0859375,0.01564768751129984,0.4875
10.08,6,7,L6I,1000.0,300000,0.244140625,78.125,0.010624180047083978,38.57421875,0.03694587712346042,0.49375
10.08,7,0,L23E,1000.0,300000,0.244140625,76.416015625,0.01773596870129613,36.865234375,0.05917028019992575,0.48242811501597443
10.08,7,1,L23I,1000.0,300000,0.244140625,77.1484375,0.014687779417492044,40.0390625,0.046092000056261545,0.5189873417721519
10.08,7,2,L4E,1000.0,300000,0.244140625,77.880859375,0.05920511994716691,35.888671875,0.2186329258840264,0.4608150470219436
10.08,7,3,L4I,1000.0,300000,0.244140625,79.58984375,0.02175054649516221,40.0390625,0.06482480788050801,0.5030674846625767
10.08,7,4,L5E,1000.0,300000,0.244140625,75.68359375,0.017657534430819997,39.306640625,0.059149335900139245,0.5193548387096775
10.08,7,5,L5I,1000.0,300000,0.244140625,81.54296875,0.005142519044554636,39.55078125,0.020172718820433953,0.48502994011976047
10.08,7,6,L6E,1000.0,300000,0.244140625,80.322265625,0.002740019870803469,39.0625,0.009520433983903806,0.48632218844984804
10.08,7,7,L6I,1000.0,300000,0.244140625,76.66015625,0.015454326212416474,40.283203125,0.04671112159697138,0.5254777070063694
10.08,8,0,L23E,1000.0,300000,0.244140625,83.0078125,0.007770961098049635,41.748046875,0.03409102299473327,0.5029411764705882
10.08,8,1,L23I,1000.0,300000,0.244140625,78.369140625,0.009959225822107322,37.59765625,0.030558869319016992,0.4797507788161994
10.08,8,2,L4E,1000.0,300000,0.244140625,81.54296875,0.04768145191961142,36.376953125,0.16137066026084512,0.44610778443113774
10.08,8,3,L4I,1000.0,300000,0.244140625,79.833984375,0.013143852950046393,40.771484375,0.04850224570188344,0.5107033639143731
10.08,8,4,L5E,1000.0,300000,0.244140625,83.984375,0.013318036096482827,42.724609375,0.05411112558098275,0.5087209302325582
10.08,8,5,L5I,1000.0,300000,0.244140625,76.66015625,0.004667397705763545,37.59765625,0.014529149028720533,0.49044585987261147
10.08,8,6,L6E,1000.0,300000,0.244140625,82.275390625,0.003770476492653869,42.724609375,0.013900117088858105,0.5192878338278932
10.08,8,7,L6I,1000.0,300000,0.244140625,77.1484375,0.011478622082092318,44.43359375,0.03235692344570234,0.5759493670886076
10.08,9,0,L23E,1000.0,300000,0.244140625,76.416015625,0.016454722977805168,37.59765625,0.04816597294716568,0.49201277955271566
10.08,9,1,L23I,1000.0,300000,0.244140625,76.416015625,0.012798186174845535,41.259765625,0.03849094715791516,0.5399361022364217
10.08,9,2,L4E,1000.0,300000,0.244140625,76.904296875,0.06178058310276405,37.109375,0.19106281655116406,0.48253968253968255
10.08,9,3,L4I,1000.0,300000,0.244140625,80.078125,0.018453547206868738,39.794921875,0.06639297712040966,0.4969512195121951
10.08,9,4,L5E,1000.0,300000,0.244140625,77.392578125,0.018965596621232927,39.0625,0.06043402931648775,0.5047318611987381
10.08,9,5,L5I,1000.0,300000,0.244140625,79.345703125,0.0050139991890214555,41.259765625,0.018109130022719744,0.52
10.08,9,6,L6E,1000.0,300000,0.244140625,81.0546875,0.002759197735709191,43.701171875,0.010682049880977632,0.5391566265060241
10.08,9,7,L6I,1000.0,300000,0.244140625,77.63671875,0.012701091092306585,39.0625,0.04526802174440763,0.5031446540880503
10.34,0,0,L23E,1000.0,300000,0.244140625,77.1484375,0.017323416082945495,43.701171875,0.04355945744092189,0.5664556962025317
10.34,0,1,L23I,1000.0,300000,0.244140625,77.63671875,0.011505413763135663,39.794921875,0.042592765696522636,0.5125786163522013
10.34,0,2,L4E,1000.0,300000,0.244140625,76.416015625,0.06312524887718635,39.0625,0.18011023777445243,0.5111821086261981
10.34,0,3,L4I,1000.0,300000,0.244140625,76.904296875,0.019352817286919125,38.57421875,0.06702742873923084,0.5015873015873016
10.34,0,4,L5E,1000.0,300000,0.244140625,76.66015625,0.017149740618129333,40.52734375,0.05873446250341783,0.5286624203821656
10.34,0,5,L5I,1000.0,300000,0.244140625,75.927734375,0.005994513702255658,38.330078125,0.017442505584889082,0.5048231511254019
10.34,0,6,L6E,1000.0,300000,0.244140625,83.251953125,0.002871841043931887,39.55078125,0.010634155956964047,0.4750733137829912
10.34,0,7,L6I,1000.0,300000,0.244140625,75.439453125,0.015394355840675793,40.771484375,0.04058591673359891,0.540453074433657
10.34,1,0,L23E,1000.0,300000,0.244140625,83.740234375,0.009123796952047188,38.0859375,0.040705528433902266,0.45481049562682213
10.34,1,1,L23I,1000.0,300000,0.244140625,77.880859375,0.008775162938595153,43.9453125,0.027701667648513416,0.5642633228840125
10.34,1,2,L4E,1000.0,300000,0.244140625,83.251953125,0.038705903427789325,41.9921875,0.159189330529794,0.5043988269794721
10.34,1,3,L4I,1000.0,300000,0.244140625,79.1015625,0.014542073750854612,40.283203125,0.052496884539065806,0.5092592592592593
10.34,1,4,L5E,1000.0,300000,0.244140625,83.0078125,0.014945056893018378,36.376953125,0.054665686634444814,0.43823529411764706
10.34,1,5,L5I,1000.0,300000,0.244140625,79.58984375,0.0039769818967977585,36.376953125,0.015568421408358454,0.4570552147239264
10.34,1,6,L6E,1000.0,300000,0.244140625,81.298828125,0.004140923478597513,42.48046875,0.013707487639544227,0.5225225225225225
10.34,1,7,L6I,1000.0,300000,0.244140625,83.49609375,0.008987939124386264,40.52734375,0.03602074797594268,0.4853801169590643
10.34,2,0,L23E,1000.0,300000,0.244140625,79.345703125,0.008744637931197993,38.57421875,0.030675760329181904,0.48615384615384616
10.34,2,1,L23I,1000.0,300000,0.244140625,76.904296875,0.008925652261158108,39.306640625,0.026115510377387206,0.5111111111111111
10.34,2,2,L4E,1000.0,300000,0.244140625,80.322265625,0.038485229089953034,40.283203125,0.1446375601507769,0.5015197568389058
10.34,2,3,L4I,1000.0,300000,0.244140625,80.56640625,0.011241735709037325,35.888671875,0.051457493555822215,0.44545454545454544
10.34,2,4,L5E,1000.0,300000,0.244140625,83.251953125,0.013899116209199905,40.0390625,0.045752084084654435,0.4809384164222874
10.34,2,5,L5I,1000.0,300000,0.244140625,75.68359375,0.004396792565390413,37.841796875,0.014042458000651487,0.5
10.34,2,6,L6E,1000.0,300000,0.244140625,76.171875,0.005824634939684043,36.1328125,0.017501079705608845,0.47435897435897434
10.34,2,7,L6I,1000.0,300000,0.244140625,83.251953125,0.008568089028704375,35.888671875,0.0329575494025504,0.4310850439882698
10.34,3,0,L23E,1000.0,300000,0.244140625,76.171875,0.013190659283322003,36.62109375,0.04112216863679449,0.4807692307692308
10.34,3,1,L23I,1000.0,300000,0.244140625,76.171875,0.010686887668953952,40.771484375,0.033679283470056644,0.5352564102564102
10.34,3,2,L4E,1000.0,300000,0.244140625,82.275390625,0.04483856642641044,35.888671875,0.17192062294142318,0.4362017804154303
10.34,3,3,L4I,1000.0,300000,0.244140625,76.416015625,0.016862686016129072,41.259765625,0.05563824438206455,0.5399361022364217
10.34,3,4,L5E,1000.0,300000,0.244140625,78.857421875,0.01627212451786496,40.283203125,0.05320448366802419,0.5108359133126935
10.34,3,5,L5I,1000.0,300000,0.244140625,76.904296875,0.004826100573359798,41.015625,0.01573756573749915,0.5333333333333333
10.34,3,6,L6E,1000.0,300000,0.244140625,78.369140625,0.0036167037028341925,41.015625,0.013505136653835494,0.5233644859813084
10.34,3,7,L6I,1000.0,300000,0.244140625,76.66015625,0.012515098360391023,35.64453125,0.04174387709222225,0.46496815286624205
10.34,4,0,L23E,1000.0,300000,0.244140625,83.251953125,0.011715434647865551,38.57421875,0.041758251903587645,0.4633431085043988
10.34,4,1,L23I,1000.0,300000,0.244140625,80.322265625,0.011087677905985223,43.45703125,0.03562783283179243,0.541033434650456
10.34,4,2,L4E,1000.0,300000,0.244140625,79.1015625,0.05138282063408643,40.0390625,0.1717953678444525,0.5061728395061729
10.34,4,3,L4I,1000.0,300000,0.244140625,78.61328125,0.016758610382806467,38.818359375,0.05246579309998802,0.4937888198757764
10.34,4,4,L5E,1000.0,300000,0.244140625,83.251953125,0.014115932972877799,42.48046875,0.05062817244257774,0.5102639296187683
10.34,4,5,L5I,1000.0,300000,0.244140625,80.810546875,0.0045027886425469945,41.748046875,0.01574164703489833,0.5166163141993958
10.34,4,6,L6E,1000.0,300000,0.244140625,79.1015625,0.0035243290064340934,41.748046875,0.011412247078944388,0.5277777777777778
10.34,4,7,L6I,1000.0,300000,0.244140625,75.927734375,0.01309717170968221,41.9921875,0.037305751856291904,0.5530546623794212
10.34,5,0,L23E,1000.0,300000,0.244140625,78.369140625,0.013627209444202655,39.306640625,0.0503869424765986,0.5015576323987538
10.34,5,1,L23I,1000.0,300000,0.244140625,76.904296875,0.011010440767111327,40.0390625,0.03563476439083134,0.5206349206349207
10.34,5,2,L4E,1000.0,300000,0.244140625,77.392578125,0.060983695637217554,39.0625,0.18762947980322456,0.5047318611987381
10.34,5,3,L4I,1000.0,300000,0.244140625,80.56640625,0.014319471101724063,35.400390625,0.06339071984860807,0.4393939393939394
10.34,5,4,L5E,1000.0,300000,0.244140625,82.763671875,0.01556329728304956,37.841796875,0.06340183241351106,0.45722713864306785
10.34,5,5,L5I,1000.0,300000,0.244140625,78.61328125,0.005467634583529151,36.865234375,0.01683949036837651,0.468944099378882
10.34,5,6,L6E,1000.0,300000,0.244140625,75.439453125,0.0033430573516739464,41.748046875,0.011812866989152045,0.5533980582524272
10.34,5,7,L6I,1000.0,300000,0.244140625,80.810546875,0.011507445545067298,38.330078125,0.04073164025185482,0.4743202416918429
10.34,6,0,L23E,1000.0,300000,0.244140625,78.369140625,0.0121237102394086,37.109375,0.04325138351322793,0.4735202492211838
10.34,6,1,L23I,1000.0,300000,0.244140625,81.54296875,0.008670176878187467,40.283203125,0.034682579849715664,0.4940119760479042
10.34,6,2,L4E,1000.0,300000,0.244140625,79.345703125,0.055640508337623996,38.818359375,0.18341848240274905,0.48923076923076925
10.34,6,3,L4I,1000.0,300000,0.244140625,78.857421875,0.01581925164460876,40.283203125,0.05096752128788756,0.5108359133126935
10.34,6,4,L5E,1000.0,300000,0.244140625,76.171875,0.017388185885120273,39.55078125,0.05649447241073715,0.5192307692307693
10.34,6,5,L5I,1000.0,300000,0.244140625,79.1015625,0.004337722796793155,43.701171875,0.01576351408755916,0.5524691358024691
10.34,6,6,L6E,1000.0,300000,0.244140625,77.880859375,0.003768150439948214,39.794921875,0.01312832636071166,0.5109717868338558
10.34,6,7,L6I,1000.0,300000,0.244140625,77.880859375,0.011798987851279693,37.59765625,0.04096345955651755,0.4827586206896552
10.34,7,0,L23E,1000.0,300000,0.244140625,77.1484375,0.009942410394553453,38.818359375,0.030147710346873104,0.5031645569620253
10.34,7,1,L23I,1000.0,300000,0.244140625,82.51953125,0.007176709288854818,38.330078125,0.028033172862373307,0.46449704142011833
10.34,7,2,L4E,1000.0,300000,0.244140625,77.1484375,0.04336264963373486,41.259765625,0.1414382761644683,0.5348101265822784
10.34,7,3,L4I,1000.0,300000,0.244140625,78.369140625,0.015468536665435934,41.9921875,0.0469099004621361,0.5358255451713395
10.34,7,4,L5E,1000.0,300000,0.244140625,76.904296875,0.016451609959771817,35.64453125,0.059807896660965934,0.4634920634920635
10.34,7,5,L5I,1000.0,300000,0.244140625,79.58984375,0.0037996408005824423,41.748046875,0.013507193541728043,0.5245398773006135
10.34,7,6,L6E,1000.0,300000,0.244140625,83.49609375,0.004101012089311387,39.0625,0.015706793105657983,0.4678362573099415
10.34,7,7,L6I,1000.0,300000,0.244140625,76.66015625,0.010605881214179557,39.306640625,0.034984629188467474,0.5127388535031847
10.34,8,0,L23E,1000.0,300000,0.244140625,81.54296875,0.012560011439769562,35.400390625,0.05244289375635378,0.4341317365269461
10.34,8,1,L23I,1000.0,300000,0.244140625,77.392578125,0.01390912309421953,38.0859375,0.040607235804357864,0.4921135646687697
10.34,8,2,L4E,1000.0,300000,0.244140625,80.56640625,0.0503639091055276,41.015625,0.2004061436722645,0.509090909090909
10.34,8,3,L4I,1000.0,300000,0.244140625,79.345703125,0.017827566136663496,42.724609375,0.0604228367591474,0.5384615384615384
10.34,8,4,L5E,1000.0,300000,0.244140625,83.251953125,0.014123815842939732,38.818359375,0.06028964997330024,0.4662756598240469
10.34,8,5,L5I,1000.0,300000,0.244140625,79.345703125,0.005876501543087964,35.888671875,0.018662787647351537,0.4523076923076923
10.34,8,6,L6E,1000.0,300000,0.244140625,77.1484375,0.0035429178345575928,36.62109375,0.010772154036111783,0.47468354430379744
10.34,8,7,L6I,1000.0,300000,0.244140625,77.880859375,0.01291193734832062,41.748046875,0.044348909836379506,0.5360501567398119
10.34,9,0,L23E,1000.0,300000,0.244140625,78.369140625,0.0146428786197958,38.330078125,0.04912432474620699,0.48909657320872274
10.34,9,1,L23I,1000.0,300000,0.244140625,76.171875,0.012635813523848894,39.306640625,0.04244639710920083,0.5160256410256411
10.34,9,2,L4E,1000.0,300000,0.244140625,77.880859375,0.05543339540006725,37.353515625,0.19305820750119226,0.47962382445141066
10.34,9,3,L4I,1000.0,300000,0.244140625,80.810546875,0.016864998703215017,40.52734375,0.067340475767575,0.5015105740181269
10.34,9,4,L5E,1000.0,300000,0.244140625,80.810546875,0.016054146813639755,40.771484375,0.05778691642700284,0.5045317220543807
10.34,9,5,L5I,1000.0,300000,0.244140625,78.61328125,0.005320744824265745,37.841796875,0.018711174423199355,0.4813664596273292
10.34,9,6,L6E,1000.0,300000,0.244140625,83.0078125,0.00262460477631139,39.55078125,0.01017831231155506,0.4764705882352941
10.34,9,7,L6I,1000.0,300000,0.244140625,76.171875,0.01361937449327,35.64453125,0.04317986083120777,0.46794871794871795
10.59,0,0,L23E,1000.0,300000,0.244140625,81.54296875,0.010382234573675677,37.109375,0.045189474697536376,0.4550898203592814
10.59,0,1,L23I,1000.0,300000,0.244140625,76.171875,0.010714364677385992,39.0625,0.0308447439044264,0.5128205128205128
10.59,0,2,L4E,1000.0,300000,0.244140625,75.439453125,0.05705387563237798,38.0859375,0.17953797589238313,0.5048543689320388
10.59,0,3,L4I,1000.0,300000,0.244140625,76.416015625,0.016986637045701643,37.59765625,0.0566835090109203,0.49201277955271566
10.59,0,4,L5E,1000.0,300000,0.244140625,78.61328125,0.016103704785777797,40.0390625,0.0511379510886123,0.5093167701863354
10.59,0,5,L5I,1000.0,300000,0.244140625,78.61328125,0.004677059872068715,42.48046875,0.015371232034264146,0.5403726708074534
10.59,0,6,L6E,1000.0,300000,0.244140625,77.880859375,0.004120892774150109,40.283203125,0.012885034297924867,0.5172413793103449
10.59,0,7,L6I,1000.0,300000,0.244140625,80.56640625,0.009495425224654224,37.59765625,0.03766475818012419,0.4666666666666667
10.59,1,0,L23E,1000.0,300000,0.244140625,83.251953125,0.010197959384163222,37.109375,0.03865295034453786,0.44574780058651026
10.59,1,1,L23I,1000.0,300000,0.244140625,81.298828125,0.008772594427695074,36.376953125,0.035857388182685475,0.44744744744744747
10.59,1,2,L4E,1000.0,300000,0.244140625,76.416015625,0.057142954052115856,39.0625,0.18115261700329116,0.5111821086261981
10.59,1,3,L4I,1000.0,300000,0.244140625,81.54296875,0.013665654516026911,42.48046875,0.05159554484709872,0.5209580838323353
10.59,1,4,L5E,1000.0,300000,0.244140625,81.0546875,0.014972431444258078,39.306640625,0.0625310394746079,0.48493975903614456
10.59,1,5,L5I,1000.0,300000,0.244140625,80.078125,0.004097269159166599,35.888671875,0.017360083752454,0.4481707317073171
10.59,1,6,L6E,1000.0,300000,0.244140625,76.171875,0.0038211333166525445,40.0390625,0.012747097742323387,0.5256410256410257
10.59,1,7,L6I,1000.0,300000,0.244140625,77.63671875,0.011937682603571975,36.376953125,0.043127986325501064,0.46855345911949686
10.59,2,0,L23E,1000.0,300000,0.244140625,76.66015625,0.021574532512186544,44.189453125,0.06158882391941395,0.5764331210191083
10.59,2,1,L23I,1000.0,300000,0.244140625,78.125,0.01673189792114357,38.330078125,0.058377418267115046,0.490625
10.59,2,2,L4E,1000.0,300000,0.244140625,75.927734375,0.07845904823746484,44.189453125,0.19690548843491865,0.5819935691318328
10.59,2,3,L4I,1000.0,300000,0.244140625,79.1015625,0.020064850465533548,42.48046875,0.06914850902931104,0.5370370370370371
10.59,2,4,L5E,1000.0,300000,0.244140625,83.251953125,0.020002107468937897,41.015625,0.0648474510467653,0.49266862170087977
10.59,2,5,L5I,1000.0,300000,0.244140625,80.322265625,0.006057908857606367,41.748046875,0.023103143390243934,0.5197568389057751
10.59,2,6,L6E,1000.0,300000,0.244140625,82.51953125,0.0021780300095280204,38.818359375,0.007676883572110558,0.47041420118343197
10.59,2,7,L6I,1000.0,300000,0.244140625,75.927734375,0.0186090526246213,42.48046875,0.04957219487716175,0.5594855305466238
10.59,3,0,L23E,1000.0,300000,0.244140625,77.880859375,0.01639757640776829,41.50390625,0.046926777967370166,0.5329153605015674
10.59,3,1,L23I,1000.0,300000,0.244140625,83.251953125,0.010329144578477566,37.109375,0.04924587616005483,0.44574780058651026
10.59,3,2,L4E,1000.0,300000,0.244140625,83.251953125,0.05078865654774356,38.818359375,0.21963684148810253,0.4662756598240469
10.59,3,3,L4I,1000.0,300000,0.244140625,81.54296875,0.017108002674838613,37.59765625,0.0730898472594234,0.46107784431137727
10.59,3,4,L5E,1000.0,300000,0.244140625,76.171875,0.02146142934001472,40.771484375,0.056079371382944034,0.5352564102564102
10.59,3,5,L5I,1000.0,300000,0.244140625,77.1484375,0.006127846604164769,41.259765625,0.017667460989621093,0.5348101265822784
10.59,3,6,L6E,1000.0,300000,0.244140625,80.56640625,0.002482092094220902,38.57421875,0.008935934990373175,0.47878787878787876
10.59,3,7,L6I,1000.0,300000,0.244140625,77.63671875,0.014095160090351996,39.306640625,0.04926398810058267,0.5062893081761006
10.59,4,0,L23E,1000.0,300000,0.244140625,78.857421875,0.013877455490133809,41.015625,0.04114797185195333,0.5201238390092879
10.59,4,1,L23I,1000.0,300000,0.244140625,77.880859375,0.011320441077263071,36.62109375,0.03908147355263757,0.4702194357366771
10.59,4,2,L4E,1000.0,300000,0.244140625,77.63671875,0.05353154909658566,39.0625,0.18274976350664035,0.5031446540880503
10.59,4,3,L4I,1000.0,300000,0.244140625,84.228515625,0.014523115824531266,40.283203125,0.06092564196729306,0.4782608695652174
10.59,4,4,L5E,1000.0,300000,0.244140625,77.1484375,0.018331236835936553,41.9921875,0.0582019973543348,0.5443037974683544
10.59,4,5,L5I,1000.0,300000,0.244140625,81.298828125,0.004203462066376986,40.283203125,0.016877173734023653,0.4954954954954955
10.59,4,6,L6E,1000.0,300000,0.244140625,79.58984375,0.0033111314705298357,39.0625,0.012084322227559011,0.49079754601226994
10.59,4,7,L6I,1000.0,300000,0.244140625,83.251953125,0.010656297958097114,35.888671875,0.045994359766674334,0.4310850439882698
10.59,5,0,L23E,1000.0,300000,0.244140625,80.078125,0.014492179845706646,40.0390625,0.05623522654185991,0.5
10.59,5,1,L23I,1000.0,300000,0.244140625,80.810546875,0.012130238131924176,36.62109375,0.06583423864030509,0.45317220543806647
10.59,5,2,L4E,1000.0,300000,0.244140625,76.416015625,0.07650743849023188,39.306640625,0.2425859497789743,0.5143769968051118
10.59,5,3,L4I,1000.0,300000,0.244140625,77.1484375,0.02233043720850481,40.0390625,0.06752724336982559,0.5189873417721519
10.59,5,4,L5E,1000.0,300000,0.244140625,79.58984375,0.01969479788783977,41.015625,0.06995061710822557,0.5153374233128835
10.59,5,5,L5I,1000.0,300000,0.244140625,76.904296875,0.006950140812063024,40.283203125,0.020292643063225736,0.5238095238095238
10.59,5,6,L6E,1000.0,300000,0.244140625,77.392578125,0.002364016018505405,40.52734375,0.0078594228108916,0.5236593059936908
10.59,5,7,L6I,1000.0,300000,0.244140625,79.345703125,0.01426321036261878,44.43359375,0.0441474726518577,0.56
10.59,6,0,L23E,1000.0,300000,0.244140625,79.833984375,0.01580782623300053,44.189453125,0.05154000957392232,0.5535168195718655
10.59,6,1,L23I,1000.0,300000,0.244140625,77.880859375,0.01361529235451379,40.0390625,0.050750783694393266,0.5141065830721003
10.59,6,2,L4E,1000.0,300000,0.244140625,78.61328125,0.06460904688850322,43.9453125,0.19672934168648115,0.5590062111801242
10.59,6,3,L4I,1000.0,300000,0.244140625,79.58984375,0.019952376797062667,37.59765625,0.07080006901655587,0.4723926380368098
10.59,6,4,L5E,1000.0,300000,0.244140625,79.345703125,0.019088163876011408,36.865234375,0.07400579106795072,0.4646153846153846
10.59,6,5,L5I,1000.0,300000,0.244140625,81.54296875,0.0055927915498312835,39.794921875,0.02030983298210857,0.4880239520958084
10.59,6,6,L6E,1000.0,300000,0.244140625,76.66015625,0.002840191823884134,42.48046875,0.007714783520107044,0.554140127388535
10.59,6,7,L6I,1000.0,300000,0.244140625,77.63671875,0.014604974431249727,37.353515625,0.04760668244693541,0.4811320754716981
10.59,7,0,L23E,1000.0,300000,0.244140625,84.228515625,0.012814106442804854,35.64453125,0.056146981019643716,0.42318840579710143
10.59,7,1,L23I,1000.0,300000,0.244140625,77.392578125,0.012726241703267662,42.96875,0.035939078797191486,0.555205047318612
10.59,7,2,L4E,1000.0,300000,0.244140625,77.63671875,0.061547565415790935,38.57421875,0.189963037438619,0.4968553459119497
10.59,7,3,L4I,1000.0,300000,0.244140625,75.68359375,0.01970543655834806,39.306640625,0.06182593265833548,0.5193548387096775
10.59,7,4,L5E,1000.0,300000,0.244140625,76.66015625,0.020392998210100897,37.353515625,0.05940115683996131,0.4872611464968153
10.59,7,5,L5I,1000.0,300000,0.244140625,78.61328125,0.005087525628091957,40.52734375,0.0174467099987608,0.515527950310559
10.59,7,6,L6E,1000.0,300000,0.244140625,75.68359375,0.00360892926110606,42.724609375,0.010363027336428195,0.5645161290322581
10.59,7,7,L6I,1000.0,300000,0.244140625,76.904296875,0.012897481535767448,36.62109375,0.042426523855190766,0.47619047619047616
10.59,8,0,L23E,1000.0,300000,0.244140625,76.904296875,0.018071341865655604,36.865234375,0.06131849173220513,0.4793650793650794
10.59,8,1,L23I,1000.0,300000,0.244140625,77.63671875,0.013092363097202808,39.55078125,0.045564608308340984,0.5094339622641509
10.59,8,2,L4E,1000.0,300000,0.244140625,80.078125,0.062482877650567904,37.841796875,0.2154832046493466,0.4725609756097561
10.59,8,3,L4I,1000.0,300000,0.244140625,79.58984375,0.020508804896278387,44.43359375,0.05503446498863039,0.558282208588957
10.59,8,4,L5E,1000.0,300000,0.244140625,77.63671875,0.018780606896520464,43.701171875,0.05801522118809975,0.5628930817610063
10.59,8,5,L5I,1000.0,300000,0.244140625,76.66015625,0.00668452610743497,38.818359375,0.018919090780328673,0.5063694267515924
10.59,8,6,L6E,1000.0,300000,0.244140625,80.078125,0.0026284409450717736,37.109375,0.010320872989867839,0.4634146341463415
10.59,8,7,L6I,1000.0,300000,0.244140625,78.61328125,0.01361586144729037,41.9921875,0.04139917036161347,0.5341614906832298
10.59,9,0,L23E,1000.0,300000,0.244140625,82.03125,0.01103837846215816,42.96875,0.0395512365774611,0.5238095238095238
10.59,9,1,L23I,1000.0,300000,0.244140625,78.369140625,0.011388881487725296,42.724609375,0.03750225296660871,0.5451713395638629
10.59,9,2,L4E,1000.0,300000,0.244140625,77.63671875,0.06502925275027521,42.236328125,0.18850418408816358,0.5440251572327044
10.59,9,3,L4I,1000.0,300000,0.244140625,82.763671875,0.014509537019352018,42.236328125,0.06069621834337788,0.5103244837758112
10.59,9,4,L5E,1000.0,300000,0.244140625,77.1484375,0.018044990419125356,39.55078125,0.0593619333007873,0.5126582278481012
10.59,9,5,L5I,1000.0,300000,0.244140625,76.66015625,0.005642513351031842,38.57421875,0.016959287406103002,0.5031847133757962
10.59,9,6,L6E,1000.0,300000,0.244140625,82.51953125,0.0025823590398598053,43.701171875,0.009867444557479078,0.5295857988165681
10.59,9,7,L6I,1000.0,300000,0.244140625,79.345703125,0.012147330669165518,36.1328125,0.04910938579691304,0.4553846153846154
10.85,0,0,L23E,1000.0,300000,0.244140625,78.61328125,0.01692264311978743,41.50390625,0.05494977843548867,0.5279503105590062
10.85,0,1,L23I,1000.0,300000,0.244140625,77.880859375,0.013465667691383812,40.0390625,0.044703803318407453,0.5141065830721003
10.85,0,2,L4E,1000.0,300000,0.244140625,77.63671875,0.06163318859416686,39.794921875,0.2209617718902411,0.5125786163522013
10.85,0,3,L4I,1000.0,300000,0.244140625,79.58984375,0.018467263612704017,40.0390625,0.06791751347511016,0.5030674846625767
10.85,0,4,L5E,1000.0,300000,0.244140625,78.125,0.01782781943398445,40.283203125,0.06525980659631439,0.515625
10.85,0,5,L5I,1000.0,300000,0.244140625,81.787109375,0.004954354445482179,35.64453125,0.020622425917895787,0.43582089552238806
10.85,0,6,L6E,1000.0,300000,0.244140625,83.740234375,0.0022700751464421057,39.306640625,0.009598017205346957,0.46938775510204084
10.85,0,7,L6I,1000.0,300000,0.244140625,77.1484375,0.014695205535616774,44.43359375,0.04471613888079027,0.5759493670886076
10.85,1,0,L23E,1000.0,300000,0.244140625,78.857421875,0.010784353712292917,41.748046875,0.034067428707072814,0.5294117647058824
10.85,1,1,L23I,1000.0,300000,0.244140625,77.1484375,0.010165153080069092,38.57421875,0.03224666060679764,0.5
10.85,1,2,L4E,1000.0,300000,0.244140625,76.416015625,0.05011485579074798,39.0625,0.15355997399924712,0.5111821086261981
10.85,1,3,L4I,1000.0,300000,0.244140625,75.439453125,0.019351862228051426,41.259765625,0.05466210122880754,0.5469255663430421
10.85,1,4,L5E,1000.0,300000,0.244140625,77.392578125,0.016806857202181627,41.015625,0.05018246302945858,0.5299684542586751
10.85,1,5,L5I,1000.0,300000,0.244140625,75.927734375,0.004903162336207087,42.236328125,0.014622637254614605,0.5562700964630225
10.85,1,6,L6E,1000.0,300000,0.244140625,78.369140625,0.004353538189080344,41.259765625,0.014963464753208231,0.5264797507788161
10.85,1,7,L6I,1000.0,300000,0.244140625,76.171875,0.012642082509859582,40.0390625,0.0360263484591676,0.5256410256410257
10.85,2,0,L23E,1000.0,300000,0.244140625,78.369140625,0.013608083332939284,37.353515625,0.05258304094972245,0.4766355140186916
10.85,2,1,L23I,1000.0,300000,0.244140625,76.66015625,0.012112827201181068,41.259765625,0.03860169975778189,0.5382165605095541
10.85,2,2,L4E,1000.0,300000,0.244140625,80.810546875,0.05453621942135022,38.0859375,0.19667805182865625,0.47129909365558914
10.85,2,3,L4I,1000.0,300000,0.244140625,75.927734375,0.022053049978379615,43.212890625,0.057831108294418794,0.5691318327974276
10.85,2,4,L5E,1000.0,300000,0.244140625,81.54296875,0.01780168509413271,38.57421875,0.06358146375642176,0.47305389221556887
10.85,2,5,L5I,1000.0,300000,0.244140625,81.0546875,0.00497355741872636,40.0390625,0.01892758386810398,0.4939759036144578
10.85,2,6,L6E,1000.0,300000,0.244140625,76.416015625,0.003242411738190695,39.55078125,0.010296483958532856,0.5175718849840255
10.85,2,7,L6I,1000.0,300000,0.244140625,82.03125,0.010242176478950746,39.306640625,0.04161517529296097,0.4791666666666667
10.85,3,0,L23E,1000.0,300000,0.244140625,76.416015625,0.015040084649969455,36.865234375,0.04947212469875087,0.48242811501597443
10.85,3,1,L23I,1000.0,300000,0.244140625,82.03125,0.00898667109283391,41.015625,0.034141211499125156,0.5
10.85,3,2,L4E,1000.0,300000,0.244140625,81.0546875,0.050531992863259045,40.771484375,0.17920465022758922,0.5030120481927711
10.85,3,3,L4I,1000.0,300000,0.244140625,76.66015625,0.019500331643629115,41.50390625,0.05973869055401693,0.5414012738853503
10.85,3,4,L5E,1000.0,300000,0.244140625,77.392578125,0.020079933924858052,41.015625,0.056039455700303546,0.5299684542586751
10.85,3,5,L5I,1000.0,300000,0.244140625,78.369140625,0.005144745694808776,37.353515625,0.019195896757914117,0.4766355140186916
10.85,3,6,L6E,1000.0,300000,0.244140625,77.392578125,0.0036734940984686037,41.748046875,0.011142152668882051,0.5394321766561514
10.85,3,7,L6I,1000.0,300000,0.244140625,79.58984375,0.010918401934766743,36.865234375,0.04519839593601855,0.46319018404907975
10.85,4,0,L23E,1000.0,300000,0.244140625,80.078125,0.014982457106354215,36.376953125,0.057984264203274793,0.45426829268292684
10.85,4,1,L23I,1000.0,300000,0.244140625,78.61328125,0.011350490920299376,36.1328125,0.04970157200292357,0.45962732919254656
10.85,4,2,L4E,1000.0,300000,0.244140625,76.66015625,0.06998090461180284,40.52734375,0.20873202464046062,0.5286624203821656
10.85,4,3,L4I,1000.0,300000,0.244140625,81.787109375,0.01785176728331206,41.9921875,0.06075652247475688,0.5134328358208955
10.85,4,4,L5E,1000.0,300000,0.244140625,76.66015625,0.020386155310540003,36.865234375,0.06541080420643829,0.48089171974522293
10.85,4,5,L5I,1000.0,300000,0.244140625,78.125,0.005917845740528621,41.9921875,0.01859502576249524,0.5375
10.85,4,6,L6E,1000.0,300000,0.244140625,76.416015625,0.0030613346581793545,41.259765625,0.008145086409025556,0.5399361022364217
10.85,4,7,L6I,1000.0,300000,0.244140625,83.0078125,0.010807037761216356,41.259765625,0.04690897170401534,0.4970588235294118
10.85,5,0,L23E,1000.0,300000,0.244140625,80.078125,0.014383247761480403,39.794921875,0.053740610526691324,0.4969512195121951
10.85,5,1,L23I,1000.0,300000,0.244140625,76.416015625,0.0134948152937862,37.109375,0.05458497747460072,0.48562300319488816
10.85,5,2,L4E,1000.0,300000,0.244140625,82.51953125,0.0543572267734431,36.376953125,0.2241552016459534,0.4408284023668639
10.85,5,3,L4I,1000.0,300000,0.244140625,75.68359375,0.022686692681610606,36.376953125,0.0701638331363989,0.4806451612903226
10.85,5,4,L5E,1000.0,300000,0.244140625,82.03125,0.015884610998927514,36.376953125,0.05976190802450146,0.44345238095238093
10.85,5,5,L5I,1000.0,300000,0.244140625,80.810546875,0.00500390969091512,40.0390625,0.01968773814662835,0.4954682779456193
10.85,5,6,L6E,1000.0,300000,0.244140625,81.54296875,0.0025385890886992493,36.1328125,0.009893745726560413,0.4431137724550898
10.85,5,7,L6I,1000.0,300000,0.244140625,78.857421875,0.01378165700950151,40.283203125,0.04559627740711426,0.5108359133126935
10.85,6,0,L23E,1000.0,300000,0.244140625,76.171875,0.013312528083456353,41.015625,0.04056048594201645,0.5384615384615384
10.85,6,1,L23I,1000.0,300000,0.244140625,81.787109375,0.00892301398564978,41.9921875,0.03215527371117185,0.5134328358208955
10.85,6,2,L4E,1000.0,300000,0.244140625,79.1015625,0.05393345829342535,41.259765625,0.1553228637800022,0.5216049382716049
10.85,6,3,L4I,1000.0,300000,0.244140625,78.857421875,0.016285719444423422,36.376953125,0.06207036534104375,0.4613003095975232
10.85,6,4,L5E,1000.0,300000,0.244140625,76.904296875,0.017879536600480184,42.48046875,0.05495281530254988,0.5523809523809524
10.85,6,5,L5I,1000.0,300000,0.244140625,81.298828125,0.0042676389202165425,36.62109375,0.0159417412416602,0.45045045045045046
10.85,6,6,L6E,1000.0,300000,0.244140625,76.416015625,0.003848701282456217,37.59765625,0.013326698794403149,0.49201277955271566
10.85,6,7,L6I,1000.0,300000,0.244140625,78.369140625,0.011783953402367495,41.259765625,0.03684177642947897,0.5264797507788161
10.85,7,0,L23E,1000.0,300000,0.244140625,78.61328125,0.015435124274721624,41.50390625,0.052930647766697064,0.5279503105590062
10.85,7,1,L23I,1000.0,300000,0.244140625,77.392578125,0.014243460146758213,38.57421875,0.050572001886857856,0.49842271293375395
10.85,7,2,L4E,1000.0,300000,0.244140625,77.63671875,0.06066669452976263,36.376953125,0.21664636416575025,0.46855345911949686
10.85,7,3,L4I,1000.0,300000,0.244140625,77.392578125,0.025928043528188525,41.9921875,0.06036005383665139,0.5425867507886435
10.85,7,4,L5E,1000.0,300000,0.244140625,82.763671875,0.014773500864820575,39.0625,0.0704572931119951,0.471976401179941
10.85,7,5,L5I,1000.0,300000,0.244140625,75.927734375,0.006561268922034222,42.96875,0.01774325708154644,0.5659163987138264
10.85,7,6,L6E,1000.0,300000,0.244140625,76.904296875,0.003339143683616528,43.212890625,0.008657358539348667,0.5619047619047619
10.85,7,7,L6I,1000.0,300000,0.244140625,77.392578125,0.014284210973410129,38.57421875,0.04605837560468948,0.49842271293375395
10.85,8,0,L23E,1000.0,300000,0.244140625,81.0546875,0.01441035472136411,37.841796875,0.05555963780150167,0.46686746987951805
10.85,8,1,L23I,1000.0,300000,0.244140625,82.763671875,0.00923260137815947,41.9921875,0.03737745565159984,0.5073746312684366
10.85,8,2,L4E,1000.0,300000,0.244140625,80.322265625,0.052830019821497216,40.771484375,0.18285599580496947,0.5075987841945289
10.85,8,3,L4I,1000.0,300000,0.244140625,78.369140625,0.020132476221087034,38.818359375,0.07283895206518932,0.4953271028037383
10.85,8,4,L5E,1000.0,300000,0.244140625,77.392578125,0.018035447662213638,38.57421875,0.056653225713253874,0.49842271293375395
10.85,8,5,L5I,1000.0,300000,0.244140625,82.275390625,0.005093714152973173,36.376953125,0.01942434347029719,0.4421364985163205
10.85,8,6,L6E,1000.0,300000,0.244140625,81.54296875,0.002601868165538913,42.236328125,0.009750420440734904,0.5179640718562875
10.85,8,7,L6I,1000.0,300000,0.244140625,82.275390625,0.011160226933888275,42.724609375,0.041340667720472464,0.5192878338278932
10.85,9,0,L23E,1000.0,300000,0.244140625,78.125,0.014354054934221401,42.96875,0.042479644195074426,0.55
10.85,9,1,L23I,1000.0,300000,0.244140625,80.078125,0.009274974656147735,41.50390625,0.03241728412881107,0.5182926829268293
10.85,9,2,L4E,1000.0,300000,0.244140625,77.392578125,0.059194373344602015,36.376953125,0.1714512514671758,0.47003154574132494
10.85,9,3,L4I,1000.0,300000,0.244140625,78.125,0.0168379815332311,42.236328125,0.05493657508173363,0.540625
10.85,9,4,L5E,1000.0,300000,0.244140625,79.345703125,0.016512322728605665,38.818359375,0.05819832868022393,0.48923076923076925
10.85,9,5,L5I,1000.0,300000,0.244140625,78.61328125,0.0050285079908448955,41.50390625,0.015419469907730653,0.5279503105590062
10.85,9,6,L6E,1000.0,300000,0.244140625,76.171875,0.004022658740058415,38.330078125,0.011695199770454707,0.5032051282051282
10.85,9,7,L6I,1000.0,300000,0.244140625,75.927734375,0.0131204507343329,40.283203125,0.040883714766814724,0.5305466237942122
11.1,0,0,L23E,1000.0,300000,0.244140625,75.927734375,0.017688661557168014,40.283203125,0.053412523727761736,0.5305466237942122
11.1,0,1,L23I,1000.0,300000,0.244140625,78.369140625,0.012085086507675796,38.330078125,0.04637934501170148,0.48909657320872274
11.1,0,2,L4E,1000.0,300000,0.244140625,77.880859375,0.07014993949880284,36.376953125,0.23940671568684824,0.4670846394984326
11.1,0,3,L4I,1000.0,300000,0.244140625,83.251953125,0.01835576445945944,35.888671875,0.07322906148909218,0.4310850439882698
11.1,0,4,L5E,1000.0,300000,0.244140625,78.369140625,0.018801564617946357,43.9453125,0.057003562796907374,0.5607476635514018
11.1,0,5,L5I,1000.0,300000,0.244140625,76.171875,0.006910670706240809,38.818359375,0.01895564616999844,0.5096153846153846
11.1,0,6,L6E,1000.0,300000,0.244140625,82.275390625,0.0024795031066911603,41.50390625,0.009653344301854667,0.5044510385756676
11.1,0,7,L6I,1000.0,300000,0.244140625,80.56640625,0.013776712493135577,36.865234375,0.04348885155686549,0.4575757575757576
11.1,1,0,L23E,1000.0,300000,0.244140625,78.857421875,0.012860123227004194,37.841796875,0.049907793434029436,0.47987616099071206
11.1,1,1,L23I,1000.0,300000,0.244140625,78.61328125,0.011013303394809116,37.109375,0.040939215338069504,0.4720496894409938
11.1,1,2,L4E,1000.0,300000,0.244140625,78.125,0.06267960589836737,39.55078125,0.20265751818539837,0.50625
11.1,1,3,L4I,1000.0,300000,0.244140625,76.171875,0.02349635784144018,41.015625,0.06021625332154765,0.5384615384615384
11.1,1,4,L5E,1000.0,300000,0.244140625,75.68359375,0.020688897565336282,36.62109375,0.056106627972020366,0.4838709677419355
11.1,1,5,L5I,1000.0,300000,0.244140625,77.1484375,0.0057292560032144,42.236328125,0.01741355364277756,0.5474683544303798
11.1,1,6,L6E,1000.0,300000,0.244140625,76.416015625,0.0037408115554631327,37.59765625,0.010969506154396636,0.49201277955271566
11.1,1,7,L6I,1000.0,300000,0.244140625,77.63671875,0.01262006454869665,35.888671875,0.04397879888969203,0.46226415094339623
11.1,2,0,L23E,1000.0,300000,0.244140625,78.125,0.016855427625475032,39.55078125,0.05399656405021985,0.50625
11.1,2,1,L23I,1000.0,300000,0.244140625,83.251953125,0.012168763753163305,43.212890625,0.044594433676891365,0.5190615835777126
11.1,2,2,L4E,1000.0,300000,0.244140625,80.322265625,0.059903669843408995,43.45703125,0.20028210905734134,0.541033434650456
11.1,2,3,L4I,1000.0,300000,0.244140625,78.369140625,0.02152477785170151,36.376953125,0.07631865290800714,0.46417445482866043
11.1,2,4,L5E,1000.0,300000,0.244140625,79.833984375,0.018340626235333706,41.259765625,0.05720656276394999,0.5168195718654435
11.1,2,5,L5I,1000.0,300000,0.244140625,77.1484375,0.00601664036063122,41.259765625,0.019274845139216637,0.5348101265822784
11.1,2,6,L6E,1000.0,300000,0.244140625,80.078125,0.0026774982778645885,38.330078125,0.009548575467542052,0.47865853658536583
11.1,2,7,L6I,1000.0,300000,0.244140625,81.0546875,0.012771383090704835,37.841796875,0.04759853450060999,0.46686746987951805
11.1,3,0,L23E,1000.0,300000,0.244140625,75.927734375,0.018119445325760406,39.794921875,0.04905272089486577,0.5241157556270096
11.1,3,1,L23I,1000.0,300000,0.244140625,79.833984375,0.011229095795861272,42.724609375,0.039702326407793864,0.5351681957186545
11.1,3,2,L4E,1000.0,300000,0.244140625,78.369140625,0.05393608727675642,43.45703125,0.1797445119168435,0.5545171339563862
11.1,3,3,L4I,1000.0,300000,0.244140625,77.1484375,0.019840374611134633,41.259765625,0.06014320627020989,0.5348101265822784
11.1,3,4,L5E,1000.0,300000,0.244140625,77.880859375,0.017277139933152257,41.015625,0.05770400261240751,0.5266457680250783
11.1,3,5,L5I,1000.0,300000,0.244140625,82.51953125,0.004558364259388331,41.50390625,0.01672948540691068,0.5029585798816568
11.1,3,6,L6E,1000.0,300000,0.244140625,80.078125,0.003178546848077627,41.748046875,0.009934693266220089,0.5213414634146342
11.1,3,7,L6I,1000.0,300000,0.244140625,77.880859375,0.012655657921467294,40.52734375,0.03985896390396358,0.5203761755485894
11.1,4,0,L23E,1000.0,300000,0.244140625,78.125,0.01162335029729653,39.306640625,0.04739791250082803,0.503125
11.1,4,1,L23I,1000.0,300000,0.244140625,76.171875,0.010683864736069644,38.818359375,0.03643868404264369,0.5096153846153846
11.1,4,2,L4E,1000.0,300000,0.244140625,77.1484375,0.055168936568327984,41.50390625,0.1755931920376684,0.5379746835443038
11.1,4,3,L4I,1000.0,300000,0.244140625,77.880859375,0.017539167199897045,43.45703125,0.055655669059713704,0.5579937304075235
11.1,4,4,L5E,1000.0,300000,0.244140625,77.1484375,0.017542967376027282,36.1328125,0.062204890052997924,0.46835443037974683
11.1,4,5,L5I,1000.0,300000,0.244140625,83.0078125,0.0039415647604473854,41.259765625,0.015522651300319911,0.4970588235294118
11.1,4,6,L6E,1000.0,300000,0.244140625,82.51953125,0.003059777887103828,43.212890625,0.00956282667577707,0.5236686390532544
11.1,4,7,L6I,1000.0,300000,0.244140625,75.927734375,0.01399974228119113,42.48046875,0.03957357271936396,0.5594855305466238
11.1,5,0,L23E,1000.0,300000,0.244140625,75.927734375,0.015614565043650643,37.841796875,0.048119051773118225,0.4983922829581994
11.1,5,1,L23I,1000.0,300000,0.244140625,76.416015625,0.012269038903342777,39.0625,0.03429104985113712,0.5111821086261981
11.1,5,2,L4E,1000.0,300000,0.244140625,76.416015625,0.05590778544894991,36.62109375,0.17890640993835738,0.4792332268370607
11.1,5,3,L4I,1000.0,300000,0.244140625,83.0078125,0.013848891410958193,41.748046875,0.05230795569761481,0.5029411764705882
11.1,5,4,L5E,1000.0,300000,0.244140625,77.63671875,0.0155786927673645,38.818359375,0.058154929213756035,0.5
11.1,5,5,L5I,1000.0,300000,0.244140625,77.1484375,0.005133757338920909,36.1328125,0.01626527830637768,0.46835443037974683
11.1,5,6,L6E,1000.0,300000,0.244140625,80.810546875,0.0031819047005445297,42.48046875,0.012119157839188106,0.525679758308157
11.1,5,7,L6I,1000.0,300000,0.244140625,80.56640625,0.010466755354862528,36.865234375,0.039647983070961845,0.4575757575757576
11.1,6,0,L23E,1000.0,300000,0.244140625,77.880859375,0.018592043603109964,41.259765625,0.05755911948063134,0.5297805642633229
11.1,6,1,L23I,1000.0,300000,0.244140625,81.298828125,0.01504767850946363,37.841796875,0.05442621226496319,0.46546546546546547
11.1,6,2,L4E,1000.0,300000,0.244140625,75.927734375,0.07502369220619069,38.57421875,0.23357458145840282,0.5080385852090032
11.1,6,3,L4I,1000.0,300000,0.244140625,77.880859375,0.023124403706352235,42.236328125,0.06902540616203125,0.542319749216301
11.1,6,4,L5E,1000.0,300000,0.244140625,83.251953125,0.015287899253390271,37.59765625,0.07813832448996387,0.45161290322580644
11.1,6,5,L5I,1000.0,300000,0.244140625,76.904296875,0.006874056538704277,40.0390625,0.01969813478042131,0.5206349206349207
11.1,6,6,L6E,1000.0,300000,0.244140625,78.857421875,0.002720137226571164,39.55078125,0.007526201579308174,0.5015479876160991
11.1,6,7,L6I,1000.0,300000,0.244140625,81.787109375,0.013473868468407878,41.259765625,0.04886440229522943,0.5044776119402985
11.1,7,0,L23E,1000.0,300000,0.244140625,81.0546875,0.01182024868803794,44.189453125,0.043621716044763593,0.5451807228915663
11.1,7,1,L23I,1000.0,300000,0.244140625,76.66015625,0.012614739728037066,38.330078125,0.03603475886835625,0.5
11.1,7,2,L4E,1000.0,300000,0.244140625,77.392578125,0.055593092917961405,41.9921875,0.17324746871408567,0.5425867507886435
11.1,7,3,L4I,1000.0,300000,0.244140625,78.369140625,0.017920660192107373,36.376953125,0.06401527531296869,0.46417445482866043
11.1,7,4,L5E,1000.0,300000,0.244140625,80.322265625,0.015995279539747147,40.283203125,0.0572967811740666,0.5015197568389058
11.1,7,5,L5I,1000.0,300000,0.244140625,78.125,0.005055842456496486,37.841796875,0.01763016271013361,0.484375
11.1,7,6,L6E,1000.0,300000,0.244140625,80.078125,0.002924760982930779,40.283203125,0.010281391064173662,0.5030487804878049
11.1,7,7,L6I,1000.0,300000,0.244140625,82.275390625,0.010549738358388273,37.353515625,0.04327659466281518,0.4540059347181009
11.1,8,0,L23E,1000.0,300000,0.244140625,80.810546875,0.01023033729473415,38.57421875,0.0398271190707806,0.4773413897280967
11.1,8,1,L23I,1000.0,300000,0.244140625,76.416015625,0.010722324283233048,40.283203125,0.034860084581091626,0.5271565495207667
11.1,8,2,L4E,1000.0,300000,0.244140625,77.1484375,0.05433213880178279,38.330078125,0.18447882778845856,0.49683544303797467
11.1,8,3,L4I,1000.0,300000,0.244140625,80.56640625,0.01443571317014858,43.45703125,0.0476175299498887,0.5393939393939394
11.1,8,4,L5E,1000.0,300000,0.244140625,75.68359375,0.0176910741995429,40.0390625,0.05424186109213891,0.5290322580645161
11.1,8,5,L5I,1000.0,300000,0.244140625,80.56640625,0.003938547675606373,42.96875,0.01396969379935556,0.5333333333333333
11.1,8,6,L6E,1000.0,300000,0.244140625,76.904296875,0.004150678242741649,41.259765625,0.012532340537268552,0.5365079365079365
11.1,8,7,L6I,1000.0,300000,0.244140625,77.63671875,0.011683565874713017,38.818359375,0.03792876496991979,0.5
11.1,9,0,L23E,1000.0,300000,0.244140625,75.68359375,0.0165159597310815,36.1328125,0.056044903970953776,0.4774193548387097
11.1,9,1,L23I,1000.0,300000,0.244140625,82.51953125,0.0108280067078413,39.794921875,0.0478353128109988,0.4822485207100592
11.1,9,2,L4E,1000.0,300000,0.244140625,80.56640625,0.0521153945593388,36.1328125,0.20249420061702258,0.4484848484848485
11.1,9,3,L4I,1000.0,300000,0.244140625,79.345703125,0.018353007347735893,37.59765625,0.07544811122778683,0.47384615384615386
11.1,9,4,L5E,1000.0,300000,0.244140625,79.345703125,0.018699447179872236,40.771484375,0.05411760313247661,0.5138461538461538
11.1,9,5,L5I,1000.0,300000,0.244140625,80.810546875,0.004699028660954417,41.015625,0.018940924480622925,0.5075528700906344
11.1,9,6,L6E,1000.0,300000,0.244140625,76.66015625,0.0030107481696191223,36.865234375,0.01015104853213071,0.48089171974522293
11.1,9,7,L6I,1000.0,300000,0.244140625,77.392578125,0.013518244620524943,38.818359375,0.04693387108333176,0.501577287066246
11.36,0,0,L23E,1000.0,300000,0.244140625,79.1015625,0.015317668167834003,36.376953125,0.055349353886288775,0.45987654320987653
11.36,0,1,L23I,1000.0,300000,0.244140625,75.439453125,0.013080005986174053,40.283203125,0.039455795857443,0.5339805825242718
11.36,0,2,L4E,1000.0,300000,0.244140625,77.880859375,0.06418728306155581,37.353515625,0.19799762576831215,0.47962382445141066
11.36,0,3,L4I,1000.0,300000,0.244140625,79.58984375,0.018190959479137403,37.109375,0.06321089467423609,0.4662576687116564
11.36,0,4,L5E,1000.0,300000,0.244140625,79.58984375,0.016558224632840093,41.015625,0.05773099796842354,0.5153374233128835
11.36,0,5,L5I,1000.0,300000,0.244140625,79.345703125,0.005213633231653901,37.841796875,0.02152573648834742,0.47692307692307695
11.36,0,6,L6E,1000.0,300000,0.244140625,78.369140625,0.0032726141036231327,43.212890625,0.00872248734243115,0.5514018691588785
11.36,0,7,L6I,1000.0,300000,0.244140625,79.833984375,0.012806067043688167,36.376953125,0.04577846589254984,0.45565749235474007
11.36,1,0,L23E,1000.0,300000,0.244140625,76.904296875,0.01391739645249025,37.109375,0.04432067987017348,0.48253968253968255
11.36,1,1,L23I,1000.0,300000,0.244140625,76.66015625,0.011299648421303042,43.212890625,0.03404123148235891,0.5636942675159236
11.36,1,2,L4E,1000.0,300000,0.244140625,76.416015625,0.05604245954830087,38.330078125,0.17514322550704264,0.5015974440894568
11.36,1,3,L4I,1000.0,300000,0.244140625,76.904296875,0.018005708160272936,40.0390625,0.05608111425162515,0.5206349206349207
11.36,1,4,L5E,1000.0,300000,0.244140625,78.61328125,0.017298063519221835,36.865234375,0.05809224601378235,0.468944099378882
11.36,1,5,L5I,1000.0,300000,0.244140625,78.125,0.004918899038993789,37.109375,0.015820334896994488,0.475
11.36,1,6,L6E,1000.0,300000,0.244140625,76.904296875,0.0036152933197931398,38.0859375,0.011652361433987072,0.49523809523809526
11.36,1,7,L6I,1000.0,300000,0.244140625,76.416015625,0.01280209379431149,37.109375,0.039319539524432,0.48562300319488816
11.36,2,0,L23E,1000.0,300000,0.244140625,78.125,0.012195273268795184,38.330078125,0.04040613364221256,0.490625
11.36,2,1,L23I,1000.0,300000,0.244140625,76.171875,0.012293638129836122,36.1328125,0.04042245320623432,0.47435897435897434
11.36,2,2,L4E,1000.0,300000,0.244140625,77.880859375,0.058802932664149446,37.109375,0.17927927590491483,0.47648902821316613
11.36,2,3,L4I,1000.0,300000,0.244140625,82.763671875,0.01408023474531551,38.0859375,0.05812101014954797,0.46017699115044247
11.36,2,4,L5E,1000.0,300000,0.244140625,76.66015625,0.017888043758397424,39.0625,0.048815626670999,0.5095541401273885
11.36,2,5,L5I,1000.0,300000,0.244140625,82.03125,0.004435974480018296,37.841796875,0.015755196451562356,0.46130952380952384
11.36,2,6,L6E,1000.0,300000,0.244140625,75.68359375,0.004277440198498759,40.52734375,0.011911580504554872,0.535483870967742
11.36,2,7,L6I,1000.0,300000,0.244140625,75.68359375,0.013768116808205343,40.771484375,0.03670484089438388,0.5387096774193548
11.36,3,0,L23E,1000.0,300000,0.244140625,79.1015625,0.01564971928065807,37.353515625,0.05057225675326741,0.4722222222222222
11.36,3,1,L23I,1000.0,300000,0.244140625,75.68359375,0.013689029903267834,38.0859375,0.040544380127860276,0.5032258064516129
11.36,3,2,L4E,1000.0,300000,0.244140625,78.857421875,0.059261377214452696,40.771484375,0.17992465247121778,0.5170278637770898
11.36,3,3,L4I,1000.0,300000,0.244140625,80.078125,0.017845539148396157,38.0859375,0.06476946586841908,0.47560975609756095
11.36,3,4,L5E,1000.0,300000,0.244140625,83.251953125,0.016368810201796275,43.212890625,0.05292808660626923,0.5190615835777126
11.36,3,5,L5I,1000.0,300000,0.244140625,77.392578125,0.005904994332337207,36.865234375,0.020040310137137075,0.47634069400630913
11.36,3,6,L6E,1000.0,300000,0.244140625,76.904296875,0.0030793401503965622,37.109375,0.010889255102393273,0.48253968253968255
11.36,3,7,L6I,1000.0,300000,0.244140625,77.880859375,0.013268228230099283,40.0390625,0.038070018873564856,0.5141065830721003
11.36,4,0,L23E,1000.0,300000,0.244140625,76.66015625,0.0174731953071937,39.55078125,0.04392564607325442,0.5159235668789809
11.36,4,1,L23I,1000.0,300000,0.244140625,79.345703125,0.010883599732120794,41.259765625,0.041724380752025746,0.52
11.36,4,2,L4E,1000.0,300000,0.244140625,76.66015625,0.06795295399023663,35.64453125,0.20417268653277335,0.46496815286624205
11.36,4,3,L4I,1000.0,300000,0.244140625,78.369140625,0.01947386370352976,37.353515625,0.07012499285950839,0.4766355140186916
11.36,4,4,L5E,1000.0,300000,0.244140625,76.904296875,0.019849717144566046,36.62109375,0.06301051714460139,0.47619047619047616
11.36,4,5,L5I,1000.0,300000,0.244140625,78.125,0.005912180559351949,36.865234375,0.019389974303619772,0.471875
11.36,4,6,L6E,1000.0,300000,0.244140625,79.1015625,0.002929388463905694,40.0390625,0.010044574275660125,0.5061728395061729
11.36,4,7,L6I,1000.0,300000,0.244140625,81.787109375,0.011288835438836443,39.55078125,0.04365312755545145,0.4835820895522388
11.36,5,0,L23E,1000.0,300000,0.244140625,75.68359375,0.018850935717883776,38.57421875,0.057564721147071944,0.5096774193548387
11.36,5,1,L23I,1000.0,300000,0.244140625,75.439453125,0.015892299789188408,36.62109375,0.05167269650469262,0.4854368932038835
11.36,5,2,L4E,1000.0,300000,0.244140625,76.66015625,0.06855999963627589,40.0390625,0.20202364111887772,0.5222929936305732
11.36,5,3,L4I,1000.0,300000,0.244140625,76.66015625,0.021777404603624203,41.259765625,0.0643328292995442,0.5382165605095541
11.36,5,4,L5E,1000.0,300000,0.244140625,77.63671875,0.01992629635407392,42.96875,0.05717313896547587,0.5534591194968553
11.36,5,5,L5I,1000.0,300000,0.244140625,83.740234375,0.004703710550617353,41.50390625,0.01876200919732173,0.4956268221574344
11.36,5,6,L6E,1000.0,300000,0.244140625,80.56640625,0.0026076980900636526,38.818359375,0.009765629863207724,0.4818181818181818
11.36,5,7,L6I,1000.0,300000,0.244140625,76.904296875,0.014351178663356915,41.259765625,0.04597242032510406,0.5365079365079365
11.36,6,0,L23E,1000.0,300000,0.244140625,79.345703125,0.010479263394048704,39.0625,0.0363973102299912,0.49230769230769234
11.36,6,1,L23I,1000.0,300000,0.244140625,77.880859375,0.008052273022427245,41.9921875,0.02851979756220726,0.5391849529780565
11.36,6,2,L4E,1000.0,300000,0.244140625,76.171875,0.049064893401284795,37.353515625,0.16400750017681892,0.49038461538461536
11.36,6,3,L4I,1000.0,300000,0.244140625,76.416015625,0.017804804654726194,40.283203125,0.048061928730427896,0.5271565495207667
11.36,6,4,L5E,1000.0,300000,0.244140625,76.416015625,0.018046040281998906,37.353515625,0.048931583126888306,0.48881789137380194
11.36,6,5,L5I,1000.0,300000,0.244140625,82.763671875,0.0035774599394186326,36.865234375,0.015874617831691713,0.44542772861356933
11.36,6,6,L6E,1000.0,300000,0.244140625,80.078125,0.003968648415676394,36.376953125,0.015982284576166673,0.45426829268292684
11.36,6,7,L6I,1000.0,300000,0.244140625,79.833984375,0.010257230211947271,38.0859375,0.03647218892025774,0.47706422018348627
11.36,7,0,L23E,1000.0,300000,0.244140625,79.345703125,0.016391132825190505,38.0859375,0.059291087967541865,0.48
11.36,7,1,L23I,1000.0,300000,0.244140625,77.63671875,0.013846102861796227,41.015625,0.048001994001808934,0.5283018867924528
11.36,7,2,L4E,1000.0,300000,0.244140625,79.833984375,0.06670568811857933,38.0859375,0.22614099290110148,0.47706422018348627
11.36,7,3,L4I,1000.0,300000,0.244140625,77.880859375,0.019818498846394524,40.0390625,0.06555984163199452,0.5141065830721003
11.36,7,4,L5E,1000.0,300000,0.244140625,79.1015625,0.018575979738760587,43.212890625,0.058738370415335035,0.5462962962962963
11.36,7,5,L5I,1000.0,300000,0.244140625,80.810546875,0.005368302422823457,40.283203125,0.019171439735558796,0.4984894259818731
11.36,7,6,L6E,1000.0,300000,0.244140625,77.392578125,0.00260737394817122,42.236328125,0.007685064865428462,0.5457413249211357
11.36,7,7,L6I,1000.0,300000,0.244140625,77.63671875,0.014514889959468643,42.236328125,0.04267517717510631,0.5440251572327044
11.36,8,0,L23E,1000.0,300000,0.244140625,75.68359375,0.014048100142782205,35.64453125,0.047184195768976395,0.47096774193548385
11.36,8,1,L23I,1000.0,300000,0.244140625,75.68359375,0.011512334745201807,40.283203125,0.03474022566795809,0.532258064516129
11.36,8,2,L4E,1000.0,300000,0.244140625,78.125,0.05275188078213199,36.1328125,0.1748456541951303,0.4625
11.36,8,3,L4I,1000.0,300000,0.244140625,76.416015625,0.0193785164849559,37.59765625,0.05712535043355743,0.49201277955271566
11.36,8,4,L5E,1000.0,300000,0.244140625,77.63671875,0.0171724395676166,37.109375,0.058101615170104634,0.4779874213836478
11.36,8,5,L5I,1000.0,300000,0.244140625,78.369140625,0.004652429088325317,42.96875,0.015605316144299672,0.5482866043613707
11.36,8,6,L6E,1000.0,300000,0.244140625,75.927734375,0.004026188523055177,43.45703125,0.012126750485917161,0.572347266881029
11.36,8,7,L6I,1000.0,300000,0.244140625,79.58984375,0.011549473733235019,36.865234375,0.040478721301389124,0.46319018404907975
11.36,9,0,L23E,1000.0,300000,0.244140625,80.078125,0.017812243078676696,36.865234375,0.07997524656264925,0.4603658536585366
11.36,9,1,L23I,1000.0,300000,0.244140625,76.66015625,0.015607278069980572,35.64453125,0.07143942449320291,0.46496815286624205
11.36,9,2,L4E,1000.0,300000,0.244140625,76.171875,0.06946890093720849,44.43359375,0.19795942798896385,0.5833333333333334
11.36,9,3,L4I,1000.0,300000,0.244140625,82.763671875,0.017436550544975143,43.45703125,0.06257432366903055,0.5250737463126843
11.36,9,4,L5E,1000.0,300000,0.244140625,79.833984375,0.02129823133143722,37.841796875,0.06986239398603808,0.4740061162079511
11.36,9,5,L5I,1000.0,300000,0.244140625,76.66015625,0.0066369687455104355,40.52734375,0.020782482951596327,0.5286624203821656
11.36,9,6,L6E,1000.0,300000,0.244140625,78.125,0.002737740619693056,40.0390625,0.008772745297680965,0.5125
11.36,9,7,L6I,1000.0,300000,0.244140625,79.345703125,0.01398419782439677,37.841796875,0.05648754500281492,0.47692307692307695
11.61,0,0,L23E,1000.0,300000,0.244140625,76.66015625,0.015636586364030904,44.43359375,0.04732520793435887,0.5796178343949044
11.61,0,1,L23I,1000.0,300000,0.244140625,75.68359375,0.014557795618776681,36.1328125,0.047760133667655115,0.4774193548387097
11.61,0,2,L4E,1000.0,300000,0.244140625,82.275390625,0.04805818434363317,37.841796875,0.18500847225836095,0.4599406528189911
11.61,0,3,L4I,1000.0,300000,0.244140625,78.857421875,0.020430191794895313,42.724609375,0.056420523316867074,0.541795665634675
11.61,0,4,L5E,1000.0,300000,0.244140625,83.251953125,0.014893565729860298,35.400390625,0.06566550336262474,0.4252199413489736
11.61,0,5,L5I,1000.0,300000,0.244140625,78.369140625,0.005107237092217066,37.59765625,0.019440571488028916,0.4797507788161994
11.61,0,6,L6E,1000.0,300000,0.244140625,80.56640625,0.0029437092742688317,38.330078125,0.009877146455269705,0.47575757575757577
11.61,0,7,L6I,1000.0,300000,0.244140625,78.61328125,0.012468071277335369,37.841796875,0.046254442273950244,0.4813664596273292
11.61,1,0,L23E,1000.0,300000,0.244140625,78.125,0.01348305291700377,36.376953125,0.043044507973382544,0.465625
11.61,1,1,L23I,1000.0,300000,0.244140625,76.904296875,0.012559818017229515,41.259765625,0.03411998858766889,0.5365079365079365
11.61,1,2,L4E,1000.0,300000,0.244140625,79.58984375,0.05261794844972814,43.212890625,0.17844814235997833,0.5429447852760736
11.61,1,3,L4I,1000.0,300000,0.244140625,80.810546875,0.015209470459136728,37.353515625,0.06261344939971088,0.4622356495468278
11.61,1,4,L5E,1000.0,300000,0.244140625,76.171875,0.018450719314480037,38.57421875,0.057481259003929315,0.5064102564102564
11.61,1,5,L5I,1000.0,300000,0.244140625,77.392578125,0.0049505560740733525,39.306640625,0.015681781836234258,0.5078864353312302
11.61,1,6,L6E,1000.0,300000,0.244140625,76.904296875,0.003679639238321101,35.400390625,0.01188599303843888,0.4603174603174603
11.61,1,7,L6I,1000.0,300000,0.244140625,77.1484375,0.013019204181639139,37.353515625,0.03967421914432369,0.48417721518987344
11.61,2,0,L23E,1000.0,300000,0.244140625,79.345703125,0.011522125866674468,37.353515625,0.04368540112431282,0.4707692307692308
11.61,2,1,L23I,1000.0,300000,0.244140625,79.345703125,0.008435002905220082,39.306640625,0.030705818767659834,0.49538461538461537
11.61,2,2,L4E,1000.0,300000,0.244140625,79.833984375,0.048293957338110836,41.259765625,0.1586400859632887,0.5168195718654435
11.61,2,3,L4I,1000.0,300000,0.244140625,79.58984375,0.015646275825934846,42.724609375,0.05032666687728657,0.5368098159509203
11.61,2,4,L5E,1000.0,300000,0.244140625,77.63671875,0.01688330295055059,36.376953125,0.051764959038685374,0.46855345911949686
11.61,2,5,L5I,1000.0,300000,0.244140625,78.369140625,0.004570169400044303,36.865234375,0.016667952757530673,0.470404984423676
11.61,2,6,L6E,1000.0,300000,0.244140625,82.03125,0.0034234967908672084,41.015625,0.013433677176459066,0.5
11.61,2,7,L6I,1000.0,300000,0.244140625,79.345703125,0.010880519194875793,39.306640625,0.03604772765445261,0.49538461538461537
11.61,3,0,L23E,1000.0,300000,0.244140625,78.125,0.015801017878708797,40.283203125,0.05495521020688549,0.515625
11.61,3,1,L23I,1000.0,300000,0.244140625,82.275390625,0.00995243682232578,42.724609375,0.04086995500099249,0.5192878338278932
11.61,3,2,L4E,1000.0,300000,0.244140625,79.58984375,0.06406900302184407,43.212890625,0.2006823048131346,0.5429447852760736
11.61,3,3,L4I,1000.0,300000,0.244140625,81.298828125,0.01805470684057296,40.52734375,0.060986990074968814,0.4984984984984985
11.61,3,4,L5E,1000.0,300000,0.244140625,76.416015625,0.019987066448185896,42.96875,0.055662751878744116,0.5623003194888179
11.61,3,5,L5I,1000.0,300000,0.244140625,79.345703125,0.005323608158358388,37.59765625,0.019256575810630203,0.47384615384615386
11.61,3,6,L6E,1000.0,300000,0.244140625,78.61328125,0.0026474258393973374,37.841796875,0.010217305572981939,0.4813664596273292
11.61,3,7,L6I,1000.0,300000,0.244140625,83.49609375,0.01172899527649128,37.353515625,0.04810961005756282,0.4473684210526316
11.61,4,0,L23E,1000.0,300000,0.244140625,77.880859375,0.016050015579357393,37.109375,0.05731888189973566,0.47648902821316613
11.61,4,1,L23I,1000.0,300000,0.244140625,75.927734375,0.014025924143529078,39.0625,0.04297346012605242,0.5144694533762058
11.61,4,2,L4E,1000.0,300000,0.244140625,77.880859375,0.05825222980704197,36.865234375,0.2007953433387392,0.47335423197492166
11.61,4,3,L4I,1000.0,300000,0.244140625,75.68359375,0.022400000078627344,43.9453125,0.05982078280635693,0.5806451612903226
11.61,4,4,L5E,1000.0,300000,0.244140625,76.66015625,0.019843444858883556,37.59765625,0.0644759858983013,0.49044585987261147
11.61,4,5,L5I,1000.0,300000,0.244140625,77.880859375,0.005835565548828005,43.701171875,0.016072111596623452,0.5611285266457681
11.61,4,6,L6E,1000.0,300000,0.244140625,78.369140625,0.0030305566422135135,37.353515625,0.00964083259454603,0.4766355140186916
11.61,4,7,L6I,1000.0,300000,0.244140625,77.880859375,0.013150303406976087,38.57421875,0.04261036929678135,0.4952978056426332
11.61,5,0,L23E,1000.0,300000,0.244140625,79.345703125,0.008965859598159272,39.0625,0.029262169087374765,0.49230769230769234
11.61,5,1,L23I,1000.0,300000,0.244140625,82.03125,0.005892183552037989,35.64453125,0.02572453443182276,0.43452380952380953
11.61,5,2,L4E,1000.0,300000,0.244140625,82.763671875,0.03460693907977352,38.57421875,0.129126038215344,0.46607669616519176
11.61,5,3,L4I,1000.0,300000,0.244140625,81.787109375,0.01059041328558945,40.283203125,0.04378737772832711,0.4925373134328358
11.61,5,4,L5E,1000.0,300000,0.244140625,75.68359375,0.016789117374883315,39.0625,0.05018379053325064,0.5161290322580645
11.61,5,5,L5I,1000.0,300000,0.244140625,79.345703125,0.004110821015247624,37.59765625,0.012962370700610319,0.47384615384615386
11.61,5,6,L6E,1000.0,300000,0.244140625,77.1484375,0.0058323465985106624,41.9921875,0.017346716973789016,0.5443037974683544
11.61,5,7,L6I,1000.0,300000,0.244140625,78.857421875,0.009040410121640951,37.841796875,0.03320274000371813,0.47987616099071206
11.61,6,0,L23E,1000.0,300000,0.244140625,80.56640625,0.01641613755824111,43.9453125,0.05206414180046133,0.5454545454545454
11.61,6,1,L23I,1000.0,300000,0.244140625,78.857421875,0.011928465129271015,35.888671875,0.05209271256340361,0.4551083591331269
11.61,6,2,L4E,1000.0,300000,0.244140625,78.369140625,0.0657550072941842,40.283203125,0.19791189710505366,0.514018691588785
11.61,6,3,L4I,1000.0,300000,0.244140625,77.880859375,0.020748600544267373,42.48046875,0.06127160079709968,0.5454545454545454
11.61,6,4,L5E,1000.0,300000,0.244140625,78.61328125,0.018368000573160424,39.306640625,0.06636442137405414,0.5
11.61,6,5,L5I,1000.0,300000,0.244140625,78.369140625,0.005554198036858468,39.794921875,0.01962639281979382,0.5077881619937694
11.61,6,6,L6E,1000.0,300000,0.244140625,82.275390625,0.0022863893509831247,40.52734375,0.00928488358719872,0.49258160237388726
11.61,6,7,L6I,1000.0,300000,0.244140625,81.298828125,0.012142693096209602,38.818359375,0.04736902676258447,0.4774774774774775
11.61,7,0,L23E,1000.0,300000,0.244140625,80.810546875,0.00954952164282034,40.52734375,0.03994495318009681,0.5015105740181269
11.61,7,1,L23I,1000.0,300000,0.244140625,79.833984375,0.009131133019201303,40.771484375,0.030947262597789342,0.5107033639143731
11.61,7,2,L4E,1000.0,300000,0.244140625,84.47265625,0.03409200997874701,39.55078125,0.1731399335339609,0.4682080924855491
11.61,7,3,L4I,1000.0,300000,0.244140625,79.1015625,0.015009517642507159,39.0625,0.05079098581321454,0.49382716049382713
11.61,7,4,L5E,1000.0,300000,0.244140625,75.927734375,0.017317073304045374,38.330078125,0.05590996459979173,0.5048231511254019
11.61,7,5,L5I,1000.0,300000,0.244140625,79.345703125,0.004209931846031446,41.748046875,0.014423786992409779,0.5261538461538462
11.61,7,6,L6E,1000.0,300000,0.244140625,80.322265625,0.003878674109597842,38.0859375,0.014152086589100138,0.47416413373860183
11.61,7,7,L6I,1000.0,300000,0.244140625,77.392578125,0.011314958410278372,38.0859375,0.042220837064410294,0.4921135646687697
11.61,8,0,L23E,1000.0,300000,0.244140625,77.1484375,0.01523750514010529,37.353515625,0.049227648384237876,0.48417721518987344
11.61,8,1,L23I,1000.0,300000,0.244140625,82.51953125,0.008568461998766116,44.189453125,0.038913219152793686,0.5355029585798816
11.61,8,2,L4E,1000.0,300000,0.244140625,77.880859375,0.05306155173517876,42.236328125,0.1794219463566293,0.542319749216301
11.61,8,3,L4I,1000.0,300000,0.244140625,77.1484375,0.01826453843083493,38.0859375,0.061705053525492756,0.4936708860759494
11.61,8,4,L5E,1000.0,300000,0.244140625,80.810546875,0.017663788336536285,35.888671875,0.0621931466007884,0.44410876132930516
11.61,8,5,L5I,1000.0,300000,0.244140625,77.63671875,0.005779606108091089,38.57421875,0.01765142494068949,0.4968553459119497
11.61,8,6,L6E,1000.0,300000,0.244140625,78.857421875,0.003075263641565095,43.9453125,0.010043408611786483,0.5572755417956656
11.61,8,7,L6I,1000.0,300000,0.244140625,78.125,0.012863645033683665,37.841796875,0.04400810257487984,0.484375
11.61,9,0,L23E,1000.0,300000,0.244140625,76.416015625,0.018672380668026227,42.96875,0.054446226227256124,0.5623003194888179
11.61,9,1,L23I,1000.0,300000,0.244140625,81.54296875,0.011594554669982795,39.794921875,0.04384437285114348,0.4880239520958084
11.61,9,2,L4E,1000.0,300000,0.244140625,77.880859375,0.06515060094577686,36.865234375,0.21443933556611425,0.47335423197492166
11.61,9,3,L4I,1000.0,300000,0.244140625,82.51953125,0.016409384711300087,40.52734375,0.0644059978031809,0.4911242603550296
11.61,9,4,L5E,1000.0,300000,0.244140625,75.927734375,0.02188971932274905,35.888671875,0.0700082158920659,0.47266881028938906
11.61,9,5,L5I,1000.0,300000,0.244140625,78.857421875,0.005741980817113304,41.015625,0.020329853131206773,0.5201238390092879
11.61,9,6,L6E,1000.0,300000,0.244140625,75.439453125,0.0031906674284222863,41.015625,0.00875022144261054,0.5436893203883495
11.61,9,7,L6I,1000.0,300000,0.244140625,77.63671875,0.013451581470832216,38.818359375,0.04418061836958893,0.5
11.86,0,0,L23E,1000.0,300000,0.244140625,78.61328125,0.013018652050876727,39.0625,0.04003868640854882,0.4968944099378882
11.86,0,1,L23I,1000.0,300000,0.244140625,81.54296875,0.008650121012160164,41.9921875,0.033329209557644165,0.5149700598802395
11.86,0,2,L4E,1000.0,300000,0.244140625,81.54296875,0.04436251849326987,41.50390625,0.1755887600176138,0.5089820359281437
11.86,0,3,L4I,1000.0,300000,0.244140625,78.125,0.01710709728272919,40.771484375,0.05482155157267975,0.521875
11.86,0,4,L5E,1000.0,300000,0.244140625,79.345703125,0.014974681970876093,37.841796875,0.06135362603454168,0.47692307692307695
11.86,0,5,L5I,1000.0,300000,0.244140625,81.0546875,0.004259741499436521,43.701171875,0.015891641221968515,0.5391566265060241
11.86,0,6,L6E,1000.0,300000,0.244140625,77.880859375,0.003582184286304026,41.748046875,0.011295187220264439,0.5360501567398119
11.86,0,7,L6I,1000.0,300000,0.244140625,79.833984375,0.010543538195626336,38.0859375,0.04184933131741433,0.47706422018348627
11.86,1,0,L23E,1000.0,300000,0.244140625,80.810546875,0.02462793479807452,39.0625,0.093925937956622,0.48338368580060426
11.86,1,1,L23I,1000.0,300000,0.244140625,79.1015625,0.01812082911519717,40.0390625,0.08294877262167294,0.5061728395061729
11.86,1,2,L4E,1000.0,300000,0.244140625,76.904296875,0.08972768449867705,41.015625,0.2860357832127174,0.5333333333333333
11.86,1,3,L4I,1000.0,300000,0.244140625,76.904296875,0.026743397345688518,40.771484375,0.0799511290215573,0.5301587301587302
11.86,1,4,L5E,1000.0,300000,0.244140625,77.880859375,0.022786130754061936,41.50390625,0.09188679546617438,0.5329153605015674
11.86,1,5,L5I,1000.0,300000,0.244140625,79.833984375,0.007293222675235696,42.96875,0.025433783931023628,0.5382262996941896
11.86,1,6,L6E,1000.0,300000,0.244140625,76.171875,0.0022053495981641264,36.376953125,0.006661879374712461,0.4775641025641026
11.86,1,7,L6I,1000.0,300000,0.244140625,79.1015625,0.01863943901805743,38.330078125,0.07138416232444582,0.4845679012345679
11.86,2,0,L23E,1000.0,300000,0.244140625,80.322265625,0.01684311115945229,40.771484375,0.058148741394246944,0.5075987841945289
11.86,2,1,L23I,1000.0,300000,0.244140625,77.1484375,0.01436734931233652,40.52734375,0.04922722966916313,0.5253164556962026
11.86,2,2,L4E,1000.0,300000,0.244140625,80.322265625,0.06572747330817627,36.376953125,0.2509521429944466,0.45288753799392095
11.86,2,3,L4I,1000.0,300000,0.244140625,80.322265625,0.020519739692690095,39.794921875,0.07081283529040854,0.49544072948328266
11.86,2,4,L5E,1000.0,300000,0.244140625,78.369140625,0.020049238343014926,36.1328125,0.07655324712068162,0.46105919003115264
11.86,2,5,L5I,1000.0,300000,0.244140625,79.833984375,0.0060267669450708005,37.353515625,0.022754927582956826,0.46788990825688076
11.86,2,6,L6E,1000.0,300000,0.244140625,81.54296875,0.001976582878467463,37.841796875,0.0075685261240638485,0.46407185628742514
11.86,2,7,L6I,1000.0,300000,0.244140625,77.1484375,0.014438239708808495,36.865234375,0.05151294947303464,0.4778481012658228
11.86,3,0,L23E,1000.0,300000,0.244140625,76.171875,0.022437548495595754,37.353515625,0.06549661777287169,0.49038461538461536
11.86,3,1,L23I,1000.0,300000,0.244140625,79.833984375,0.014096485626983093,38.818359375,0.04787787695397871,0.48623853211009177
11.86,3,2,L4E,1000.0,300000,0.244140625,76.416015625,0.06733226085990678,40.771484375,0.2143295319659454,0.5335463258785943
11.86,3,3,L4I,1000.0,300000,0.244140625,75.927734375,0.023579652222883562,36.376953125,0.07214589788032537,0.4790996784565916
11.86,3,4,L5E,1000.0,300000,0.244140625,77.63671875,0.021387096900108184,40.283203125,0.06433257464816344,0.5188679245283019
11.86,3,5,L5I,1000.0,300000,0.244140625,76.904296875,0.007414526217047802,43.212890625,0.018995954575661337,0.5619047619047619
11.86,3,6,L6E,1000.0,300000,0.244140625,76.66015625,0.002518356862898008,44.43359375,0.008414335226806234,0.5796178343949044
11.86,3,7,L6I,1000.0,300000,0.244140625,78.369140625,0.014789098339743645,37.353515625,0.05129584438330402,0.4766355140186916
11.86,4,0,L23E,1000.0,300000,0.244140625,78.857421875,0.013943471562897432,42.236328125,0.04291132867007676,0.5356037151702786
11.86,4,1,L23I,1000.0,300000,0.244140625,76.66015625,0.011226225832590562,43.701171875,0.033269670309124366,0.5700636942675159
11.86,4,2,L4E,1000.0,300000,0.244140625,75.68359375,0.05636823109164528,39.794921875,0.1959217952822658,0.5258064516129032
11.86,4,3,L4I,1000.0,300000,0.244140625,75.927734375,0.01933049539501912,35.400390625,0.06096415824190318,0.4662379421221865
11.86,4,4,L5E,1000.0,300000,0.244140625,78.125,0.01822839616428286,38.330078125,0.05363472598173105,0.490625
11.86,4,5,L5I,1000.0,300000,0.244140625,76.416015625,0.0054626667145897725,43.45703125,0.016159812219045003,0.5686900958466453
11.86,4,6,L6E,1000.0,300000,0.244140625,83.0078125,0.002822734146356845,38.330078125,0.012439411265926455,0.46176470588235297
11.86,4,7,L6I,1000.0,300000,0.244140625,77.1484375,0.013414280148529968,40.771484375,0.039768130223650576,0.5284810126582279
11.86,5,0,L23E,1000.0,300000,0.244140625,81.0546875,0.016931986264542412,39.306640625,0.06075320262581937,0.48493975903614456
11.86,5,1,L23I,1000.0,300000,0.244140625,78.125,0.014032227384575362,37.353515625,0.05086571970681732,0.478125
11.86,5,2,L4E,1000.0,300000,0.244140625,77.392578125,0.06781561204761134,36.1328125,0.24468924045678825,0.4668769716088328
11.86,5,3,L4I,1000.0,300000,0.244140625,76.904296875,0.020867227509545644,39.55078125,0.06918064936652106,0.5142857142857142
11.86,5,4,L5E,1000.0,300000,0.244140625,80.56640625,0.0186660344299528,40.283203125,0.06473518524129174,0.5
11.86,5,5,L5I,1000.0,300000,0.244140625,80.322265625,0.005345758029688387,38.818359375,0.020177080177848226,0.48328267477203646
11.86,5,6,L6E,1000.0,300000,0.244140625,75.927734375,0.003008498948693445,40.52734375,0.007584954815717173,0.5337620578778135
11.86,5,7,L6I,1000.0,300000,0.244140625,80.56640625,0.01246805078936722,41.259765625,0.04256325489527802,0.5121212121212121
11.86,6,0,L23E,1000.0,300000,0.244140625,80.078125,0.01211781842018393,41.015625,0.04253297956057681,0.5121951219512195
11.86,6,1,L23I,1000.0,300000,0.244140625,82.763671875,0.008030687071887529,43.9453125,0.034461084142354874,0.5309734513274337
11.86,6,2,L4E,1000.0,300000,0.244140625,81.0546875,0.0458235163101775,37.841796875,0.2166807865237204,0.46686746987951805
11.86,6,3,L4I,1000.0,300000,0.244140625,78.61328125,0.017030975481274736,41.259765625,0.054498211858584104,0.5248447204968945
11.86,6,4,L5E,1000.0,300000,0.244140625,80.810546875,0.015920968666144644,37.109375,0.05728146618331846,0.459214501510574
11.86,6,5,L5I,1000.0,300000,0.244140625,81.298828125,0.004596144466758854,40.771484375,0.01614575449929923,0.5015015015015015
11.86,6,6,L6E,1000.0,300000,0.244140625,76.904296875,0.0038399902068158,39.0625,0.011235038792592814,0.5079365079365079
11.86,6,7,L6I,1000.0,300000,0.244140625,80.810546875,0.010775597696665928,42.236328125,0.03710249554509132,0.5226586102719033
11.86,7,0,L23E,1000.0,300000,0.244140625,76.904296875,0.01937755279444337,37.353515625,0.07143605510992475,0.4857142857142857
11.86,7,1,L23I,1000.0,300000,0.244140625,82.51953125,0.013487816181375643,36.62109375,0.07070475252534478,0.4437869822485207
11.86,7,2,L4E,1000.0,300000,0.244140625,77.880859375,0.07181811094131921,41.259765625,0.22145765725742822,0.5297805642633229
11.86,7,3,L4I,1000.0,300000,0.244140625,79.345703125,0.021670118525941893,35.400390625,0.08424240734344793,0.4461538461538462
11.86,7,4,L5E,1000.0,300000,0.244140625,77.63671875,0.02125272494902354,39.55078125,0.07236503421012157,0.5094339622641509
11.86,7,5,L5I,1000.0,300000,0.244140625,78.369140625,0.006538033955542487,41.9921875,0.019902419010330945,0.5358255451713395
11.86,7,6,L6E,1000.0,300000,0.244140625,77.880859375,0.002308268746881961,39.0625,0.007386609845831748,0.5015673981191222
11.86,7,7,L6I,1000.0,300000,0.244140625,76.66015625,0.016729177101913795,39.0625,0.05406980806476521,0.5095541401273885
11.86,8,0,L23E,1000.0,300000,0.244140625,83.0078125,0.013223311761512544,41.015625,0.0476038671432553,0.49411764705882355
11.86,8,1,L23I,1000.0,300000,0.244140625,79.833984375,0.012926283207273197,39.0625,0.048187602965129916,0.4892966360856269
11.86,8,2,L4E,1000.0,300000,0.244140625,76.904296875,0.06463793008160834,40.0390625,0.21233190503228308,0.5206349206349207
11.86,8,3,L4I,1000.0,300000,0.244140625,75.68359375,0.020620699501982396,38.330078125,0.07526422142812061,0.5064516129032258
11.86,8,4,L5E,1000.0,300000,0.244140625,82.03125,0.015263984072272016,38.330078125,0.06893250755416346,0.46726190476190477
11.86,8,5,L5I,1000.0,300000,0.244140625,75.927734375,0.0064606863653735745,36.62109375,0.018845028710128303,0.48231511254019294
11.86,8,6,L6E,1000.0,300000,0.244140625,83.251953125,0.0026512459836969516,36.1328125,0.009492389653645354,0.4340175953079179
11.86,8,7,L6I,1000.0,300000,0.244140625,75.68359375,0.01531085530822528,41.015625,0.047195556160364915,0.5419354838709678
11.86,9,0,L23E,1000.0,300000,0.244140625,76.904296875,0.019524113274276656,36.865234375,0.06796913961806743,0.4793650793650794
11.86,9,1,L23I,1000.0,300000,0.244140625,76.171875,0.014885190441398324,39.794921875,0.055365202091733665,0.5224358974358975
11.86,9,2,L4E,1000.0,300000,0.244140625,78.857421875,0.07021350303168634,36.1328125,0.21870357137400928,0.4582043343653251
11.86,9,3,L4I,1000.0,300000,0.244140625,77.1484375,0.023686906408460908,40.283203125,0.06707470794051452,0.5221518987341772
11.86,9,4,L5E,1000.0,300000,0.244140625,76.171875,0.022106289007494017,36.376953125,0.07735055713072646,0.4775641025641026
11.86,9,5,L5I,1000.0,300000,0.244140625,77.63671875,0.006950356338759797,39.55078125,0.021926853665593018,0.5094339622641509
11.86,9,6,L6E,1000.0,300000,0.244140625,77.63671875,0.0023293420043244135,42.724609375,0.0072216828509856015,0.550314465408805
11.86,9,7,L6I,1000.0,300000,0.244140625,77.1484375,0.015980011316579782,39.55078125,0.049246090600368435,0.5126582278481012
12.12,0,0,L23E,1000.0,300000,0.244140625,77.1484375,0.015254274660191396,41.259765625,0.05149252577151367,0.5348101265822784
12.12,0,1,L23I,1000.0,300000,0.244140625,79.58984375,0.012019295044765529,38.57421875,0.04676973045073878,0.48466257668711654
12.12,0,2,L4E,1000.0,300000,0.244140625,77.63671875,0.06232549090416926,36.1328125,0.22086595738353523,0.46540880503144655
12.12,0,3,L4I,1000.0,300000,0.244140625,77.1484375,0.021793610891441082,41.9921875,0.060344901969597485,0.5443037974683544
12.12,0,4,L5E,1000.0,300000,0.244140625,76.66015625,0.02109729588212014,41.015625,0.05840599711538049,0.535031847133758
12.12,0,5,L5I,1000.0,300000,0.244140625,79.345703125,0.006298349234277855,37.841796875,0.019513715485578023,0.47692307692307695
12.12,0,6,L6E,1000.0,300000,0.244140625,77.392578125,0.0030100200897571314,37.353515625,0.010378769246614688,0.48264984227129337
12.12,0,7,L6I,1000.0,300000,0.244140625,76.904296875,0.014102842356611755,40.771484375,0.046248525584928674,0.5301587301587302
12.12,1,0,L23E,1000.0,300000,0.244140625,76.416015625,0.021175018636780122,42.96875,0.05517381487582297,0.5623003194888179
12.12,1,1,L23I,1000.0,300000,0.244140625,76.904296875,0.018219861092790914,39.55078125,0.06704466650673957,0.5142857142857142
12.12,1,2,L4E,1000.0,300000,0.244140625,80.078125,0.06560856362263194,38.57421875,0.25135002497598324,0.4817073170731707
12.12,1,3,L4I,1000.0,300000,0.244140625,81.298828125,0.01884425438081385,40.771484375,0.06910530493667784,0.5015015015015015
12.12,1,4,L5E,1000.0,300000,0.244140625,77.392578125,0.02332494356702842,41.9921875,0.07786170194108875,0.5425867507886435
12.12,1,5,L5I,1000.0,300000,0.244140625,78.125,0.006422282773404037,38.330078125,0.023662311256600208,0.490625
12.12,1,6,L6E,1000.0,300000,0.244140625,79.345703125,0.0020403995594581257,37.841796875,0.007847885122786565,0.47692307692307695
12.12,1,7,L6I,1000.0,300000,0.244140625,78.369140625,0.01490469376900712,38.330078125,0.05477464349111418,0.48909657320872274
12.12,2,0,L23E,1000.0,300000,0.244140625,83.0078125,0.013790249031195953,40.52734375,0.054469639088850476,0.48823529411764705
12.12,2,1,L23I,1000.0,300000,0.244140625,76.171875,0.015472009926870211,41.259765625,0.05057106885177938,0.5416666666666666
12.12,2,2,L4E,1000.0,300000,0.244140625,78.61328125,0.0709503876383082,37.59765625,0.23687756592028011,0.4782608695652174
12.12,2,3,L4I,1000.0,300000,0.244140625,75.68359375,0.02194001276454119,41.748046875,0.06507663691221376,0.5516129032258065
12.12,2,4,L5E,1000.0,300000,0.244140625,80.810546875,0.019099373624167727,42.96875,0.05710945220886954,0.5317220543806647
12.12,2,5,L5I,1000.0,300000,0.244140625,82.51953125,0.004869122497452068,40.52734375,0.019632075901156395,0.4911242603550296
12.12,2,6,L6E,1000.0,300000,0.244140625,76.171875,0.0028405821848439807,35.888671875,0.009183689619015013,0.47115384615384615
12.12,2,7,L6I,1000.0,300000,0.244140625,79.833984375,0.012464317965677563,40.0390625,0.05208795920091941,0.5015290519877675
12.12,3,0,L23E,1000.0,300000,0.244140625,77.880859375,0.019980155603992637,36.376953125,0.08341141329728602,0.4670846394984326
12.12,3,1,L23I,1000.0,300000,0.244140625,77.392578125,0.01735579869929078,39.306640625,0.06324872667120196,0.5078864353312302
12.12,3,2,L4E,1000.0,300000,0.244140625,80.078125,0.06342103563536103,38.818359375,0.2432405098753159,0.4847560975609756
12.12,3,3,L4I,1000.0,300000,0.244140625,80.078125,0.021442210283402197,38.330078125,0.08170006406731747,0.47865853658536583
12.12,3,4,L5E,1000.0,300000,0.244140625,78.125,0.02248402212053078,41.015625,0.08139128737834661,0.525
12.12,3,5,L5I,1000.0,300000,0.244140625,77.63671875,0.007245369723500394,39.0625,0.02132363057918608,0.5031446540880503
12.12,3,6,L6E,1000.0,300000,0.244140625,76.171875,0.002262156160322328,42.48046875,0.006452685012756842,0.5576923076923077
12.12,3,7,L6I,1000.0,300000,0.244140625,79.345703125,0.015904250893341226,38.330078125,0.054813906050325274,0.48307692307692307
12.12,4,0,L23E,1000.0,300000,0.244140625,76.171875,0.01809962061252134,38.330078125,0.05512501196064298,0.5032051282051282
12.12,4,1,L23I,1000.0,300000,0.244140625,78.857421875,0.013802069947226733,35.888671875,0.05838525305428248,0.4551083591331269
12.12,4,2,L4E,1000.0,300000,0.244140625,78.61328125,0.060306292493486596,38.818359375,0.19623798640332368,0.4937888198757764
12.12,4,3,L4I,1000.0,300000,0.244140625,79.58984375,0.01732227124604351,36.865234375,0.07279808903975239,0.46319018404907975
12.12,4,4,L5E,1000.0,300000,0.244140625,76.66015625,0.01803674229259229,41.748046875,0.05949559272949419,0.5445859872611465
12.12,4,5,L5I,1000.0,300000,0.244140625,78.61328125,0.006249661226700303,42.236328125,0.019081582210581146,0.5372670807453416
12.12,4,6,L6E,1000.0,300000,0.244140625,83.251953125,0.0025654783574271243,38.0859375,0.009443074482875175,0.4574780058651026
12.12,4,7,L6I,1000.0,300000,0.244140625,77.63671875,0.01453192074217825,39.794921875,0.045875913092424975,0.5125786163522013
12.12,5,0,L23E,1000.0,300000,0.244140625,82.51953125,0.017739664914465627,36.62109375,0.06438498407704345,0.4437869822485207
12.12,5,1,L23I,1000.0,300000,0.244140625,80.56640625,0.01279070362317841,36.865234375,0.056538205689564754,0.4575757575757576
12.12,5,2,L4E,1000.0,300000,0.244140625,75.927734375,0.07237590653141529,36.62109375,0.25258880353214247,0.48231511254019294
12.12,5,3,L4I,1000.0,300000,0.244140625,77.1484375,0.022067180918281592,41.748046875,0.06778265426269293,0.5411392405063291
12.12,5,4,L5E,1000.0,300000,0.244140625,78.61328125,0.021232015970942614,41.015625,0.07076401825317902,0.5217391304347826
12.12,5,5,L5I,1000.0,300000,0.244140625,75.927734375,0.007001119803219634,41.015625,0.01960736063893282,0.5401929260450161
12.12,5,6,L6E,1000.0,300000,0.244140625,76.904296875,0.0026947465163467193,40.283203125,0.008753829657721266,0.5238095238095238
12.12,5,7,L6I,1000.0,300000,0.244140625,75.68359375,0.016359302401857633,38.818359375,0.04795960472971434,0.5129032258064516
12.12,6,0,L23E,1000.0,300000,0.244140625,76.904296875,0.01722113378709772,37.841796875,0.05755765856960408,0.49206349206349204
12.12,6,1,L23I,1000.0,300000,0.244140625,81.54296875,0.011129159012264786,36.62109375,0.04899117948423243,0.4491017964071856
12.12,6,2,L4E,1000.0,300000,0.244140625,76.171875,0.07072940204715976,40.283203125,0.2036532903830759,0.5288461538461539
12.12,6,3,L4I,1000.0,300000,0.244140625,79.833984375,0.019108449885845973,40.283203125,0.06507434066031091,0.5045871559633027
12.12,6,4,L5E,1000.0,300000,0.244140625,81.0546875,0.01650420875518765,37.841796875,0.06290870384111773,0.46686746987951805
12.12,6,5,L5I,1000.0,300000,0.244140625,77.63671875,0.0058677006527081705,38.57421875,0.018303247707262587,0.4968553459119497
12.12,6,6,L6E,1000.0,300000,0.244140625,76.66015625,0.003283511871642789,35.64453125,0.01015922385363612,0.46496815286624205
12.12,6,7,L6I,1000.0,300000,0.244140625,78.61328125,0.0134050008995857,39.306640625,0.04328476754448299,0.5
12.12,7,0,L23E,1000.0,300000,0.244140625,83.740234375,0.011473022153438543,41.50390625,0.0479567783654457,0.4956268221574344
12.12,7,1,L23I,1000.0,300000,0.244140625,76.416015625,0.013198656499491106,36.376953125,0.05446308488807379,0.476038338658147
12.12,7,2,L4E,1000.0,300000,0.244140625,75.927734375,0.07645451805922197,36.376953125,0.20322536273460365,0.4790996784565916
12.12,7,3,L4I,1000.0,300000,0.244140625,79.345703125,0.01915419251256855,38.818359375,0.06608410857698208,0.48923076923076925
12.12,7,4,L5E,1000.0,300000,0.244140625,80.56640625,0.01859028122492415,43.45703125,0.05542205996769552,0.5393939393939394
12.12,7,5,L5I,1000.0,300000,0.244140625,78.857421875,0.005575569526948231,41.9921875,0.017917580476458264,0.5325077399380805
12.12,7,6,L6E,1000.0,300000,0.244140625,77.1484375,0.003123020998900361,38.57421875,0.009835648850886721,0.5
12.12,7,7,L6I,1000.0,300000,0.244140625,77.392578125,0.013818091553182648,36.865234375,0.04828100715275875,0.47634069400630913
12.12,8,0,L23E,1000.0,300000,0.244140625,76.904296875,0.02044395282662018,44.677734375,0.06420968006132809,0.580952380952381
12.12,8,1,L23I,1000.0,300000,0.244140625,76.171875,0.01802327221249617,39.55078125,0.06584946990870057,0.5192307692307693
12.12,8,2,L4E,1000.0,300000,0.244140625,78.369140625,0.07099775880834702,42.724609375,0.2615850365403925,0.5451713395638629
12.12,8,3,L4I,1000.0,300000,0.244140625,76.904296875,0.026521959853079622,38.0859375,0.07881041755316875,0.49523809523809526
12.12,8,4,L5E,1000.0,300000,0.244140625,81.298828125,0.020803349319829446,39.306640625,0.07707387244824142,0.48348348348348347
12.12,8,5,L5I,1000.0,300000,0.244140625,76.416015625,0.007158437911578295,43.701171875,0.022154391851804418,0.5718849840255591
12.12,8,6,L6E,1000.0,300000,0.244140625,83.0078125,0.0018110197065516198,43.701171875,0.00625408892919001,0.5264705882352941
12.12,8,7,L6I,1000.0,300000,0.244140625,78.61328125,0.015975937115929227,37.353515625,0.059961974688744125,0.4751552795031056
12.12,9,0,L23E,1000.0,300000,0.244140625,76.66015625,0.019642157204459,37.841796875,0.05589233358414355,0.49363057324840764
12.12,9,1,L23I,1000.0,300000,0.244140625,76.66015625,0.012693029366793965,37.109375,0.054154539399650835,0.4840764331210191
12.12,9,2,L4E,1000.0,300000,0.244140625,80.56640625,0.06007966097857575,40.0390625,0.2151082864932559,0.49696969696969695
12.12,9,3,L4I,1000.0,300000,0.244140625,77.63671875,0.020757348580927426,36.62109375,0.07264254031109452,0.4716981132075472
12.12,9,4,L5E,1000.0,300000,0.244140625,79.345703125,0.01884174761115632,39.306640625,0.0606884806467332,0.49538461538461537
12.12,9,5,L5I,1000.0,300000,0.244140625,79.1015625,0.00582373222631282,36.865234375,0.019542894613612912,0.4660493827160494
12.12,9,6,L6E,1000.0,300000,0.244140625,76.416015625,0.002895530583874851,41.748046875,0.008491357637779301,0.5463258785942492
12.12,9,7,L6I,1000.0,300000,0.244140625,75.927734375,0.0159572855042385,37.841796875,0.04857254667682211,0.4983922829581994
12.37,0,0,L23E,1000.0,300000,0.244140625,77.1484375,0.016045824526459404,37.109375,0.05069365274674096,0.4810126582278481
12.37,0,1,L23I,1000.0,300000,0.244140625,83.251953125,0.009033220004662773,38.57421875,0.04414516551422522,0.4633431085043988
12.37,0,2,L4E,1000.0,300000,0.244140625,75.927734375,0.07069243224032871,39.0625,0.2045943863314289,0.5144694533762058
12.37,0,3,L4I,1000.0,300000,0.244140625,79.345703125,0.01683860827653101,41.748046875,0.06322542393505705,0.5261538461538462
12.37,0,4,L5E,1000.0,300000,0.244140625,75.68359375,0.020554210936851766,40.0390625,0.06080978661046326,0.5290322580645161
12.37,0,5,L5I,1000.0,300000,0.244140625,79.345703125,0.0053762379789187575,37.109375,0.02042012219013373,0.4676923076923077
12.37,0,6,L6E,1000.0,300000,0.244140625,78.369140625,0.0031076180453102837,36.865234375,0.010035604628555435,0.470404984423676
12.37,0,7,L6I,1000.0,300000,0.244140625,77.1484375,0.01367116240242773,37.109375,0.04995219689922802,0.4810126582278481
12.37,1,0,L23E,1000.0,300000,0.244140625,80.810546875,0.018009433207543633,35.64453125,0.07449226567712869,0.44108761329305135
12.37,1,1,L23I,1000.0,300000,0.244140625,79.58984375,0.014689097599631867,38.818359375,0.08439012861494245,0.48773006134969327
12.37,1,2,L4E,1000.0,300000,0.244140625,80.56640625,0.07004010336825504,38.0859375,0.2689555497733022,0.4727272727272727
12.37,1,3,L4I,1000.0,300000,0.244140625,79.345703125,0.022073219050216728,39.0625,0.08330261912117745,0.49230769230769234
12.37,1,4,L5E,1000.0,300000,0.244140625,76.66015625,0.022810273315335618,41.50390625,0.07807076316783772,0.5414012738853503
12.37,1,5,L5I,1000.0,300000,0.244140625,75.68359375,0.007700785245284926,40.0390625,0.021784303153557717,0.5290322580645161
12.37,1,6,L6E,1000.0,300000,0.244140625,77.1484375,0.0022076531220592463,38.0859375,0.007515262060714454,0.4936708860759494
12.37,1,7,L6I,1000.0,300000,0.244140625,77.392578125,0.016665050685230203,40.52734375,0.05268168430488114,0.5236593059936908
12.37,2,0,L23E,1000.0,300000,0.244140625,81.787109375,0.01351744299615436,38.330078125,0.05745741322724036,0.46865671641791046
12.37,2,1,L23I,1000.0,300000,0.244140625,79.1015625,0.01223501477806699,38.0859375,0.04224667929728949,0.48148148148148145
12.37,2,2,L4E,1000.0,300000,0.244140625,77.392578125,0.06104807964932254,40.771484375,0.19817473586346995,0.526813880126183
12.37,2,3,L4I,1000.0,300000,0.244140625,77.880859375,0.017811571255614448,41.259765625,0.06608609161461837,0.5297805642633229
12.37,2,4,L5E,1000.0,300000,0.244140625,83.251953125,0.014607355533151591,39.794921875,0.06099632026659075,0.4780058651026393
12.37,2,5,L5I,1000.0,300000,0.244140625,77.880859375,0.00599552400390744,40.0390625,0.02017684156096308,0.5141065830721003
12.37,2,6,L6E,1000.0,300000,0.244140625,76.66015625,0.003147386740161169,38.330078125,0.009663892149323899,0.5
12.37,2,7,L6I,1000.0,300000,0.244140625,79.345703125,0.013857118252544784,38.0859375,0.04751351345256316,0.48
12.37,3,0,L23E,1000.0,300000,0.244140625,79.833984375,0.017247667870065146,41.50390625,0.05421466999378249,0.5198776758409785
12.37,3,1,L23I,1000.0,300000,0.244140625,78.125,0.016295849899732512,36.865234375,0.06906861594822228,0.471875
12.37,3,2,L4E,1000.0,300000,0.244140625,80.810546875,0.05980437384629443,41.748046875,0.23092039012272975,0.5166163141993958
12.37,3,3,L4I,1000.0,300000,0.244140625,83.251953125,0.01871614640948366,43.212890625,0.06783268913412699,0.5190615835777126
12.37,3,4,L5E,1000.0,300000,0.244140625,80.56640625,0.017990101176659074,38.57421875,0.07406718894768426,0.47878787878787876
12.37,3,5,L5I,1000.0,300000,0.244140625,76.171875,0.007251335488115347,38.57421875,0.021802821388700322,0.5064102564102564
12.37,3,6,L6E,1000.0,300000,0.244140625,80.56640625,0.0019955395702406314,36.1328125,0.008626361493980505,0.4484848484848485
12.37,3,7,L6I,1000.0,300000,0.244140625,83.251953125,0.011809223455327918,40.771484375,0.048950113517358854,0.4897360703812317
12.37,4,0,L23E,1000.0,300000,0.244140625,78.125,0.02421187986656225,41.748046875,0.07634945588093339,0.534375
12.37,4,1,L23I,1000.0,300000,0.244140625,80.810546875,0.015499257862552216,39.306640625,0.06822474629852733,0.486404833836858
12.37,4,2,L4E,1000.0,300000,0.244140625,77.1484375,0.08514431112102337,43.9453125,0.2499949840866709,0.569620253164557
12.37,4,3,L4I,1000.0,300000,0.244140625,82.03125,0.021379001607758432,41.259765625,0.0882162983881514,0.5029761904761905
12.37,4,4,L5E,1000.0,300000,0.244140625,79.833984375,0.0208351001576203,37.109375,0.104520117281159,0.4648318042813456
12.37,4,5,L5I,1000.0,300000,0.244140625,80.810546875,0.007254770334774178,40.52734375,0.024099919364456268,0.5015105740181269
12.37,4,6,L6E,1000.0,300000,0.244140625,76.171875,0.00204048612550133,37.841796875,0.006574673200082563,0.4967948717948718
12.37,4,7,L6I,1000.0,300000,0.244140625,77.392578125,0.01766815781021828,41.748046875,0.054373257277427235,0.5394321766561514
12.37,5,0,L23E,1000.0,300000,0.244140625,77.880859375,0.021243962473549285,39.55078125,0.0770645555135875,0.5078369905956113
12.37,5,1,L23I,1000.0,300000,0.244140625,81.54296875,0.013840596181705023,36.865234375,0.09389385836338322,0.45209580838323354
12.37,5,2,L4E,1000.0,300000,0.244140625,80.078125,0.06867762489920014,36.1328125,0.27343599572056465,0.45121951219512196
12.37,5,3,L4I,1000.0,300000,0.244140625,81.787109375,0.01897701886238703,38.818359375,0.0760157933944974,0.4746268656716418
12.37,5,4,L5E,1000.0,300000,0.244140625,76.66015625,0.023777453310836697,37.841796875,0.0884413649181371,0.49363057324840764
12.37,5,5,L5I,1000.0,300000,0.244140625,76.904296875,0.007359758854041296,39.306640625,0.02251903357366542,0.5111111111111111
12.37,5,6,L6E,1000.0,300000,0.244140625,76.904296875,0.0022617819223148413,40.52734375,0.007624840694525101,0.526984126984127
12.37,5,7,L6I,1000.0,300000,0.244140625,75.439453125,0.019602109181007507,39.306640625,0.055662907138446974,0.5210355987055016
12.37,6,0,L23E,1000.0,300000,0.244140625,79.345703125,0.01827507553605583,39.0625,0.06375286541132387,0.49230769230769234
12.37,6,1,L23I,1000.0,300000,0.244140625,78.125,0.01382430289475153,40.52734375,0.04901207188422425,0.51875
12.37,6,2,L4E,1000.0,300000,0.244140625,79.1015625,0.07053075915522072,36.865234375,0.24139413294433198,0.4660493827160494
12.37,6,3,L4I,1000.0,300000,0.244140625,76.171875,0.02155835655645131,41.9921875,0.06771095776493385,0.5512820512820513
12.37,6,4,L5E,1000.0,300000,0.244140625,78.61328125,0.02131432350960846,36.865234375,0.08553919807848476,0.468944099378882
12.37,6,5,L5I,1000.0,300000,0.244140625,83.251953125,0.005380129607021466,36.376953125,0.0249216867886749,0.436950146627566
12.37,6,6,L6E,1000.0,300000,0.244140625,82.275390625,0.002026980424369397,39.0625,0.008183210626963998,0.47477744807121663
12.37,6,7,L6I,1000.0,300000,0.244140625,77.880859375,0.016104242743914893,43.9453125,0.05204215525542154,0.5642633228840125
12.37,7,0,L23E,1000.0,300000,0.244140625,80.56640625,0.01581886369256881,44.189453125,0.04972676428796655,0.5484848484848485
12.37,7,1,L23I,1000.0,300000,0.244140625,77.63671875,0.014175088660919382,38.818359375,0.058792072512065446,0.5
12.37,7,2,L4E,1000.0,300000,0.244140625,76.904296875,0.06624445292029707,37.841796875,0.22099749108069425,0.49206349206349204
12.37,7,3,L4I,1000.0,300000,0.244140625,76.416015625,0.021479087001561144,38.0859375,0.07461471360959361,0.4984025559105431
12.37,7,4,L5E,1000.0,300000,0.244140625,77.1484375,0.020044846942904086,37.59765625,0.0722066892045576,0.4873417721518987
12.37,7,5,L5I,1000.0,300000,0.244140625,78.125,0.006773371539226107,35.888671875,0.02404680739198537,0.459375
12.37,7,6,L6E,1000.0,300000,0.244140625,80.56640625,0.002250958691733315,42.724609375,0.008333084971976193,0.5303030303030303
12.37,7,7,L6I,1000.0,300000,0.244140625,78.369140625,0.015063679305062895,38.57421875,0.04537219435476537,0.49221183800623053
12.37,8,0,L23E,1000.0,300000,0.244140625,80.56640625,0.013753079928873025,36.376953125,0.053266277104134084,0.45151515151515154
12.37,8,1,L23I,1000.0,300000,0.244140625,79.345703125,0.01180601147181803,39.306640625,0.041841490900498234,0.49538461538461537
12.37,8,2,L4E,1000.0,300000,0.244140625,79.345703125,0.058109505637859785,35.888671875,0.22043385122224074,0.4523076923076923
12.37,8,3,L4I,1000.0,300000,0.244140625,76.66015625,0.01951217256043321,38.57421875,0.06375076158292407,0.5031847133757962
12.37,8,4,L5E,1000.0,300000,0.244140625,78.857421875,0.01954706123577445,37.109375,0.06121373683033118,0.47058823529411764
12.37,8,5,L5I,1000.0,300000,0.244140625,78.61328125,0.00566199784322872,40.283203125,0.01804742215114443,0.5124223602484472
12.37,8,6,L6E,1000.0,300000,0.244140625,83.984375,0.002328493007298203,41.015625,0.008979552274560418,0.4883720930232558
12.37,8,7,L6I,1000.0,300000,0.244140625,76.66015625,0.014560296678901448,39.55078125,0.045734326050258185,0.5159235668789809
12.37,9,0,L23E,1000.0,300000,0.244140625,78.857421875,0.020539482178883777,38.330078125,0.07635058516366197,0.48606811145510836
12.37,9,1,L23I,1000.0,300000,0.244140625,78.369140625,0.017489981842112,38.0859375,0.0841356615161257,0.48598130841121495
12.37,9,2,L4E,1000.0,300000,0.244140625,82.275390625,0.061896119265370565,35.888671875,0.2644418056595701,0.4362017804154303
12.37,9,3,L4I,1000.0,300000,0.244140625,75.927734375,0.026191580463180892,41.015625,0.08678538504225863,0.5401929260450161
12.37,9,4,L5E,1000.0,300000,0.244140625,80.322265625,0.021488131816957624,42.724609375,0.08296049003450055,0.5319148936170213
12.37,9,5,L5I,1000.0,300000,0.244140625,80.322265625,0.006139122882026546,36.376953125,0.026061689816893115,0.45288753799392095
12.37,9,6,L6E,1000.0,300000,0.244140625,78.125,0.0021547592845767437,35.64453125,0.007783990894599244,0.45625
12.37,9,7,L6I,1000.0,300000,0.244140625,78.125,0.018010198303110004,43.212890625,0.04871291551246097,0.553125
12.63,0,0,L23E,1000.0,300000,0.244140625,83.251953125,0.020559561895532596,42.48046875,0.0668489144056084,0.5102639296187683
12.63,0,1,L23I,1000.0,300000,0.244140625,79.58984375,0.013697507619953619,43.45703125,0.058784631888032575,0.5460122699386503
12.63,0,2,L4E,1000.0,300000,0.244140625,77.880859375,0.07463495763843145,39.794921875,0.23771344331334537,0.5109717868338558
12.63,0,3,L4I,1000.0,300000,0.244140625,76.416015625,0.023505504114643118,39.0625,0.0733777216099661,0.5111821086261981
12.63,0,4,L5E,1000.0,300000,0.244140625,79.833984375,0.017668342932917882,37.841796875,0.07948818849293227,0.4740061162079511
12.63,0,5,L5I,1000.0,300000,0.244140625,78.61328125,0.006259156011702233,38.57421875,0.020659614093578905,0.4906832298136646
12.63,0,6,L6E,1000.0,300000,0.244140625,76.416015625,0.0023675672976032885,43.45703125,0.00667943470018893,0.5686900958466453
12.63,0,7,L6I,1000.0,300000,0.244140625,77.392578125,0.015866819040775595,36.62109375,0.05943097619369849,0.47318611987381703
12.63,1,0,L23E,1000.0,300000,0.244140625,82.51953125,0.01548842605369284,35.64453125,0.08402481190824285,0.4319526627218935
12.63,1,1,L23I,1000.0,300000,0.244140625,78.61328125,0.0165468230044928,41.50390625,0.06680301957175783,0.5279503105590062
12.63,1,2,L4E,1000.0,300000,0.244140625,80.078125,0.07740135110497484,39.55078125,0.2657867744006431,0.49390243902439024
12.63,1,3,L4I,1000.0,300000,0.244140625,76.416015625,0.02607992215898565,35.888671875,0.08523748914142668,0.4696485623003195
12.63,1,4,L5E,1000.0,300000,0.244140625,81.0546875,0.019384173415944443,36.1328125,0.09319166197020844,0.4457831325301205
12.63,1,5,L5I,1000.0,300000,0.244140625,81.298828125,0.006576980767250844,38.330078125,0.02441449776639095,0.47147147147147145
12.63,1,6,L6E,1000.0,300000,0.244140625,80.078125,0.0019569532299518917,36.1328125,0.007271065273255086,0.45121951219512196
12.63,1,7,L6I,1000.0,300000,0.244140625,75.927734375,0.021071748459018148,42.48046875,0.05331512361309021,0.5594855305466238
12.63,2,0,L23E,1000.0,300000,0.244140625,79.58984375,0.01887780201510128,43.45703125,0.06387308589409874,0.5460122699386503
12.63,2,1,L23I,1000.0,300000,0.244140625,78.61328125,0.014169194414332438,36.1328125,0.06312643418860785,0.45962732919254656
12.63,2,2,L4E,1000.0,300000,0.244140625,75.927734375,0.07253525996810012,39.306640625,0.21989329276058742,0.5176848874598071
12.63,2,3,L4I,1000.0,300000,0.244140625,80.322265625,0.023485660317640034,37.109375,0.07480147281907892,0.46200607902735563
12.63,2,4,L5E,1000.0,300000,0.244140625,77.880859375,0.020469972277487394,36.865234375,0.07670623352847993,0.47335423197492166
12.63,2,5,L5I,1000.0,300000,0.244140625,75.927734375,0.007380184230529136,39.794921875,0.0213019879032272,0.5241157556270096
12.63,2,6,L6E,1000.0,300000,0.244140625,82.03125,0.002058211831161524,36.62109375,0.007829254366134365,0.44642857142857145
12.63,2,7,L6I,1000.0,300000,0.244140625,79.345703125,0.016167792645840673,38.57421875,0.05420407926105448,0.48615384615384616
12.63,3,0,L23E,1000.0,300000,0.244140625,80.56640625,0.013816275217209564,41.259765625,0.05043520673146333,0.5121212121212121
12.63,3,1,L23I,1000.0,300000,0.244140625,83.740234375,0.009476538646734775,37.59765625,0.05617297064873194,0.4489795918367347
12.63,3,2,L4E,1000.0,300000,0.244140625,78.369140625,0.06537659478391743,41.748046875,0.1858549031971421,0.5327102803738317
12.63,3,3,L4I,1000.0,300000,0.244140625,76.66015625,0.023269177354949398,37.59765625,0.07178185213496262,0.49044585987261147
12.63,3,4,L5E,1000.0,300000,0.244140625,82.275390625,0.01447370528085796,41.015625,0.05987524900462101,0.49851632047477745
12.63,3,5,L5I,1000.0,300000,0.244140625,78.369140625,0.005971778034863148,35.64453125,0.022750820295283875,0.45482866043613707
12.63,3,6,L6E,1000.0,300000,0.244140625,78.125,0.0028814023170304183,37.353515625,0.009083042623699215,0.478125
12.63,3,7,L6I,1000.0,300000,0.244140625,78.61328125,0.01329960850348374,40.771484375,0.04621201792156304,0.5186335403726708
12.63,4,0,L23E,1000.0,300000,0.244140625,82.51953125,0.01813743827989089,42.48046875,0.07017666571146382,0.514792899408284
12.63,4,1,L23I,1000.0,300000,0.244140625,76.416015625,0.018466004693217714,38.818359375,0.0820699940324758,0.5079872204472844
12.63,4,2,L4E,1000.0,300000,0.244140625,80.810546875,0.07412653168480078,38.330078125,0.286213674598177,0.4743202416918429
12.63,4,3,L4I,1000.0,300000,0.244140625,82.51953125,0.020733458097671208,36.865234375,0.08562922234707272,0.4467455621301775
12.63,4,4,L5E,1000.0,300000,0.244140625,82.275390625,0.018239180942346837,40.771484375,0.084359044837489,0.49554896142433236
12.63,4,5,L5I,1000.0,300000,0.244140625,76.416015625,0.00811207117909729,41.015625,0.023714705117445972,0.536741214057508
12.63,4,6,L6E,1000.0,300000,0.244140625,78.61328125,0.002043027308185774,35.888671875,0.007136269222432961,0.45652173913043476
12.63,4,7,L6I,1000.0,300000,0.244140625,83.251953125,0.012889147640375237,38.57421875,0.062258344785544616,0.4633431085043988
12.63,5,0,L23E,1000.0,300000,0.244140625,83.251953125,0.013185578082753302,41.015625,0.04821262178249197,0.49266862170087977
12.63,5,1,L23I,1000.0,300000,0.244140625,81.0546875,0.011175911385803186,36.1328125,0.050573237131593334,0.4457831325301205
12.63,5,2,L4E,1000.0,300000,0.244140625,81.0546875,0.05645453332769024,38.818359375,0.22087598113536164,0.4789156626506024
12.63,5,3,L4I,1000.0,300000,0.244140625,77.63671875,0.0207781008930272,40.0390625,0.06500745033027829,0.5157232704402516
12.63,5,4,L5E,1000.0,300000,0.244140625,82.51953125,0.01583865774821065,37.59765625,0.06472564980393447,0.4556213017751479
12.63,5,5,L5I,1000.0,300000,0.244140625,79.345703125,0.005425284880582655,39.794921875,0.017767149424520547,0.5015384615384615
12.63,5,6,L6E,1000.0,300000,0.244140625,79.1015625,0.0026855818165627586,42.236328125,0.009261665286645756,0.5339506172839507
12.63,5,7,L6I,1000.0,300000,0.244140625,79.1015625,0.013573389015165539,38.0859375,0.047177448678692634,0.48148148148148145
12.63,6,0,L23E,1000.0,300000,0.244140625,79.833984375,0.0171515246148045,36.865234375,0.05359843686387712,0.4617737003058104
12.63,6,1,L23I,1000.0,300000,0.244140625,83.740234375,0.009757914774858703,42.48046875,0.041326174397271216,0.5072886297376094
12.63,6,2,L4E,1000.0,300000,0.244140625,76.171875,0.0702448147939337,39.306640625,0.20814720173743947,0.5160256410256411
12.63,6,3,L4I,1000.0,300000,0.244140625,82.51953125,0.014998377176199836,36.1328125,0.06859858319427664,0.4378698224852071
12.63,6,4,L5E,1000.0,300000,0.244140625,78.125,0.018365391597691762,37.353515625,0.0693138810918591,0.478125
12.63,6,5,L5I,1000.0,300000,0.244140625,79.345703125,0.005023487125761651,37.353515625,0.018319420251368308,0.4707692307692308
12.63,6,6,L6E,1000.0,300000,0.244140625,77.63671875,0.0029843025705271996,37.59765625,0.008830236588334536,0.48427672955974843
12.63,6,7,L6I,1000.0,300000,0.244140625,76.904296875,0.015721099719753974,38.57421875,0.04420331401030741,0.5015873015873016
12.63,7,0,L23E,1000.0,300000,0.244140625,80.810546875,0.014605653022226026,40.0390625,0.05121560678702412,0.4954682779456193
12.63,7,1,L23I,1000.0,300000,0.244140625,79.58984375,0.012701837323647415,43.9453125,0.04061740581600814,0.5521472392638037
12.63,7,2,L4E,1000.0,300000,0.244140625,80.322265625,0.06456608330045831,39.0625,0.19222682304562497,0.48632218844984804
12.63,7,3,L4I,1000.0,300000,0.244140625,76.904296875,0.021680822799047813,39.306640625,0.06665817954764709,0.5111111111111111
12.63,7,4,L5E,1000.0,300000,0.244140625,76.66015625,0.020482343947351312,41.9921875,0.05532484418163148,0.5477707006369427
12.63,7,5,L5I,1000.0,300000,0.244140625,78.369140625,0.005054535675666671,41.9921875,0.0166667042181459,0.5358255451713395
12.63,7,6,L6E,1000.0,300000,0.244140625,76.416015625,0.002918573607219367,41.50390625,0.00958057369789271,0.5431309904153354
12.63,7,7,L6I,1000.0,300000,0.244140625,81.0546875,0.01201845392702282,35.64453125,0.04773789595857431,0.4397590361445783
12.63,8,0,L23E,1000.0,300000,0.244140625,82.763671875,0.01715497332018927,36.1328125,0.10333864777592561,0.4365781710914454
12.63,8,1,L23I,1000.0,300000,0.244140625,79.58984375,0.01654878951109658,41.259765625,0.07062340548761584,0.5184049079754601
12.63,8,2,L4E,1000.0,300000,0.244140625,79.58984375,0.07814466361591182,40.771484375,0.2577337406719589,0.5122699386503068
12.63,8,3,L4I,1000.0,300000,0.244140625,78.857421875,0.026533834438224047,39.55078125,0.08854948941077521,0.5015479876160991
12.63,8,4,L5E,1000.0,300000,0.244140625,81.787109375,0.021256838738719704,41.748046875,0.07490047872232788,0.5104477611940299
12.63,8,5,L5I,1000.0,300000,0.244140625,76.416015625,0.007812896734432587,36.865234375,0.026238629884436385,0.48242811501597443
12.63,8,6,L6E,1000.0,300000,0.244140625,82.275390625,0.0016294832578060694,37.841796875,0.006722471788332878,0.4599406528189911
12.63,8,7,L6I,1000.0,300000,0.244140625,80.322265625,0.017172939377579195,40.283203125,0.0577051153409768,0.5015197568389058
12.63,9,0,L23E,1000.0,300000,0.244140625,82.03125,0.013409387720392947,38.0859375,0.05656586154926609,0.4642857142857143
12.63,9,1,L23I,1000.0,300000,0.244140625,77.63671875,0.01304514695659132,39.0625,0.04549465123100704,0.5031446540880503
12.63,9,2,L4E,1000.0,300000,0.244140625,77.63671875,0.0716853968630677,42.724609375,0.20071860157243024,0.550314465408805
12.63,9,3,L4I,1000.0,300000,0.244140625,81.0546875,0.018400878004719214,37.59765625,0.06781314078852804,0.463855421686747
12.63,9,4,L5E,1000.0,300000,0.244140625,82.03125,0.01739784598518729,41.748046875,0.06250323558304964,0.5089285714285714
12.63,9,5,L5I,1000.0,300000,0.244140625,77.1484375,0.006393102154981635,37.109375,0.019503474018208344,0.4810126582278481
12.63,9,6,L6E,1000.0,300000,0.244140625,77.880859375,0.0028827561666711775,37.841796875,0.00873377978386247,0.48589341692789967
12.63,9,7,L6I,1000.0,300000,0.244140625,82.03125,0.01121681373958099,38.818359375,0.047130436359515145,0.4732142857142857
12.88,0,0,L23E,1000.0,300000,0.244140625,82.03125,0.01709734219337095,39.55078125,0.06442604910703366,0.48214285714285715
12.88,0,1,L23I,1000.0,300000,0.244140625,80.810546875,0.012266411430611423,39.0625,0.05689822210496283,0.48338368580060426
12.88,0,2,L4E,1000.0,300000,0.244140625,77.1484375,0.07280534448476489,40.0390625,0.24175850935138068,0.5189873417721519
12.88,0,3,L4I,1000.0,300000,0.244140625,76.904296875,0.022400522681833596,40.52734375,0.06856024989526364,0.526984126984127
12.88,0,4,L5E,1000.0,300000,0.244140625,80.078125,0.020935404755464942,40.0390625,0.07070188084020831,0.5
12.88,0,5,L5I,1000.0,300000,0.244140625,76.171875,0.006925756433546911,39.0625,0.02134037278345334,0.5128205128205128
12.88,0,6,L6E,1000.0,300000,0.244140625,77.392578125,0.002291222787257168,40.283203125,0.007153043002144447,0.5205047318611987
12.88,0,7,L6I,1000.0,300000,0.244140625,81.0546875,0.01311017340627749,39.306640625,0.05132389206746465,0.48493975903614456
12.88,1,0,L23E,1000.0,300000,0.244140625,76.904296875,0.018065572228670862,37.59765625,0.0617742885080852,0.4888888888888889
12.88,1,1,L23I,1000.0,300000,0.244140625,77.1484375,0.014472201028878846,41.748046875,0.04393543371020063,0.5411392405063291
12.88,1,2,L4E,1000.0,300000,0.244140625,78.61328125,0.06217508657000603,37.59765625,0.24263102548840818,0.4782608695652174
12.88,1,3,L4I,1000.0,300000,0.244140625,77.392578125,0.02156905074452687,38.57421875,0.0666400676428946,0.49842271293375395
12.88,1,4,L5E,1000.0,300000,0.244140625,76.904296875,0.020860295969499495,42.724609375,0.05946770380882129,0.5555555555555556
12.88,1,5,L5I,1000.0,300000,0.244140625,79.833984375,0.0051810413008177465,42.48046875,0.01841713684633219,0.5321100917431193
12.88,1,6,L6E,1000.0,300000,0.244140625,78.61328125,0.0026458994097083065,38.818359375,0.009090593674816454,0.4937888198757764
12.88,1,7,L6I,1000.0,300000,0.244140625,75.68359375,0.01490450441561237,40.0390625,0.04955323233774419,0.5290322580645161
12.88,2,0,L23E,1000.0,300000,0.244140625,78.857421875,0.025836302753331583,37.109375,0.0953560334484804,0.47058823529411764
12.88,2,1,L23I,1000.0,300000,0.244140625,82.03125,0.015084516300608435,41.50390625,0.07028656957445625,0.5059523809523809
12.88,2,2,L4E,1000.0,300000,0.244140625,78.369140625,0.07329914185379498,38.818359375,0.2730883929024762,0.4953271028037383
12.88,2,3,L4I,1000.0,300000,0.244140625,78.125,0.024526934878224476,41.015625,0.08958585238929545,0.525
12.88,2,4,L5E,1000.0,300000,0.244140625,77.880859375,0.022926576705667837,41.015625,0.08237609294368486,0.5266457680250783
12.88,2,5,L5I,1000.0,300000,0.244140625,75.927734375,0.007810482600939498,36.865234375,0.02781746999829425,0.4855305466237942
12.88,2,6,L6E,1000.0,300000,0.244140625,76.171875,0.0019238481226565528,37.841796875,0.006306427911642617,0.4967948717948718
12.88,2,7,L6I,1000.0,300000,0.244140625,77.880859375,0.019781697085264893,43.701171875,0.05679547287163964,0.5611285266457681
12.88,3,0,L23E,1000.0,300000,0.244140625,80.810546875,0.018806760799897466,36.376953125,0.08730047794018819,0.4501510574018127
12.88,3,1,L23I,1000.0,300000,0.244140625,77.1484375,0.019011586301650625,36.376953125,0.09678425467077936,0.47151898734177217
12.88,3,2,L4E,1000.0,300000,0.244140625,78.857421875,0.07520854267631621,36.1328125,0.2700111349006676,0.4582043343653251
12.88,3,3,L4I,1000.0,300000,0.244140625,79.58984375,0.0228012891189022,40.771484375,0.08716473480959887,0.5122699386503068
12.88,3,4,L5E,1000.0,300000,0.244140625,78.857421875,0.01936174416663298,39.0625,0.08474594917050236,0.4953560371517028
12.88,3,5,L5I,1000.0,300000,0.244140625,78.61328125,0.007539129582697878,40.52734375,0.023151912981795867,0.515527950310559
12.88,3,6,L6E,1000.0,300000,0.244140625,79.58984375,0.0018121246975359915,38.57421875,0.007032855837981658,0.48466257668711654
12.88,3,7,L6I,1000.0,300000,0.244140625,83.251953125,0.01482425900320065,41.50390625,0.05203395006473791,0.49853372434017595
12.88,4,0,L23E,1000.0,300000,0.244140625,80.810546875,0.019543165699226622,38.0859375,0.10402301790920596,0.47129909365558914
12.88,4,1,L23I,1000.0,300000,0.244140625,75.439453125,0.02009114540379407,37.841796875,0.09583419783660728,0.5016181229773463
12.88,4,2,L4E,1000.0,300000,0.244140625,83.251953125,0.06048856918775503,42.96875,0.2548254495207048,0.5161290322580645
12.88,4,3,L4I,1000.0,300000,0.244140625,79.1015625,0.02506779937912861,36.62109375,0.09766357589902493,0.46296296296296297
12.88,4,4,L5E,1000.0,300000,0.244140625,81.0546875,0.02433151144221354,39.794921875,0.09638808728194165,0.49096385542168675
12.88,4,5,L5I,1000.0,300000,0.244140625,78.369140625,0.007641538830765404,38.818359375,0.02546278756518421,0.4953271028037383
12.88,4,6,L6E,1000.0,300000,0.244140625,77.1484375,0.001961826551915071,36.865234375,0.006889951251047096,0.4778481012658228
12.88,4,7,L6I,1000.0,300000,0.244140625,76.66015625,0.019290721610116194,36.1328125,0.0666102606188207,0.4713375796178344
12.88,5,0,L23E,1000.0,300000,0.244140625,75.439453125,0.019506457666005395,37.109375,0.055607850427644774,0.4919093851132686
12.88,5,1,L23I,1000.0,300000,0.244140625,77.392578125,0.014444533863874865,36.1328125,0.05188176593794141,0.4668769716088328
12.88,5,2,L4E,1000.0,300000,0.244140625,79.345703125,0.06017115467241713,38.0859375,0.20301137183174212,0.48
12.88,5,3,L4I,1000.0,300000,0.244140625,79.345703125,0.019756320069795684,41.748046875,0.06204125500731473,0.5261538461538462
12.88,5,4,L5E,1000.0,300000,0.244140625,77.392578125,0.019888949703386935,38.57421875,0.06074691220113753,0.49842271293375395
12.88,5,5,L5I,1000.0,300000,0.244140625,82.763671875,0.005351178052147064,39.55078125,0.02023086666492069,0.4778761061946903
12.88,5,6,L6E,1000.0,300000,0.244140625,82.275390625,0.0022485764000567637,41.259765625,0.009852668839629227,0.5014836795252225
12.88,5,7,L6I,1000.0,300000,0.244140625,80.322265625,0.013350352886133982,39.0625,0.05268782848046864,0.48632218844984804
12.88,6,0,L23E,1000.0,300000,0.244140625,76.66015625,0.02469829748672689,40.52734375,0.07295500833091192,0.5286624203821656
12.88,6,1,L23I,1000.0,300000,0.244140625,75.68359375,0.018976582236510133,41.748046875,0.06277894409019137,0.5516129032258065
12.88,6,2,L4E,1000.0,300000,0.244140625,81.0546875,0.07180295259830462,41.015625,0.24195618767941232,0.5060240963855421
12.88,6,3,L4I,1000.0,300000,0.244140625,83.251953125,0.020836482640033703,40.771484375,0.07865392571186008,0.4897360703812317
12.88,6,4,L5E,1000.0,300000,0.244140625,78.369140625,0.024785138488425455,42.96875,0.07671117426848771,0.5482866043613707
12.88,6,5,L5I,1000.0,300000,0.244140625,78.857421875,0.0068375493834578645,37.59765625,0.023325130106550393,0.47678018575851394
12.88,6,6,L6E,1000.0,300000,0.244140625,82.51953125,0.0018609171288298152,43.701171875,0.006650657531228354,0.5295857988165681
12.88,6,7,L6I,1000.0,300000,0.244140625,83.251953125,0.01481122307955828,37.353515625,0.05754813323602378,0.44868035190615835
12.88,7,0,L23E,1000.0,300000,0.244140625,76.171875,0.02495766114434868,41.748046875,0.06999559062679124,0.5480769230769231
12.88,7,1,L23I,1000.0,300000,0.244140625,79.1015625,0.01877121894029397,36.376953125,0.11171802564888261,0.45987654320987653
12.88,7,2,L4E,1000.0,300000,0.244140625,75.927734375,0.09139837289675155,41.748046875,0.25242546719609776,0.5498392282958199
12.88,7,3,L4I,1000.0,300000,0.244140625,75.439453125,0.02743934133151584,40.0390625,0.08438605098194962,0.5307443365695793
12.88,7,4,L5E,1000.0,300000,0.244140625,77.880859375,0.021823658275355064,42.48046875,0.07835966660662814,0.5454545454545454
12.88,7,5,L5I,1000.0,300000,0.244140625,82.275390625,0.006934982998771975,42.724609375,0.02469445571151833,0.5192878338278932
12.88,7,6,L6E,1000.0,300000,0.244140625,79.58984375,0.001860250818398689,38.330078125,0.00676375217554966,0.4815950920245399
12.88,7,7,L6I,1000.0,300000,0.244140625,77.880859375,0.01712419340264118,37.353515625,0.06399997757427597,0.47962382445141066
12.88,8,0,L23E,1000.0,300000,0.244140625,77.392578125,0.015206366290567833,41.748046875,0.04553794966670385,0.5394321766561514
12.88,8,1,L23I,1000.0,300000,0.244140625,79.1015625,0.009853960846956954,39.306640625,0.03843028910214432,0.49691358024691357
12.88,8,2,L4E,1000.0,300000,0.244140625,80.322265625,0.05214449087100451,40.771484375,0.17872772216098504,0.5075987841945289
12.88,8,3,L4I,1000.0,300000,0.244140625,76.416015625,0.019363995324476142,37.109375,0.06113747823615208,0.48562300319488816
12.88,8,4,L5E,1000.0,300000,0.244140625,78.857421875,0.016448752672070143,40.771484375,0.05157720396913291,0.5170278637770898
12.88,8,5,L5I,1000.0,300000,0.244140625,77.880859375,0.005478613292850723,36.865234375,0.018610643063288607,0.47335423197492166
12.88,8,6,L6E,1000.0,300000,0.244140625,76.904296875,0.0034946152295078354,42.236328125,0.010221750964696725,0.5492063492063493
12.88,8,7,L6I,1000.0,300000,0.244140625,78.61328125,0.012290381777928763,37.59765625,0.04250691130370284,0.4782608695652174
12.88,9,0,L23E,1000.0,300000,0.244140625,79.58984375,0.016731129759274366,44.189453125,0.058027155461468576,0.5552147239263804
12.88,9,1,L23I,1000.0,300000,0.244140625,77.1484375,0.013532866998412203,36.376953125,0.07518899969743367,0.47151898734177217
12.88,9,2,L4E,1000.0,300000,0.244140625,79.833984375,0.0688691650298674,39.0625,0.23952153190609937,0.4892966360856269
12.88,9,3,L4I,1000.0,300000,0.244140625,78.369140625,0.0230199453561221,37.841796875,0.07772088335296029,0.48286604361370716
12.88,9,4,L5E,1000.0,300000,0.244140625,78.857421875,0.01822199941851968,37.353515625,0.08527041875229077,0.47368421052631576
12.88,9,5,L5I,1000.0,300000,0.244140625,79.58984375,0.005541265124439445,40.0390625,0.02228201056754947,0.5030674846625767
12.88,9,6,L6E,1000.0,300000,0.244140625,77.880859375,0.0024728765375719715,37.59765625,0.008382107268923184,0.4827586206896552
12.88,9,7,L6I,1000.0,300000,0.244140625,77.1484375,0.016006736837226646,41.259765625,0.04811047672982391,0.5348101265822784
13.9,0,0,L23E,1000.0,300000,0.244140625,76.171875,0.015075506114978236,37.353515625,0.0511799964450052,0.49038461538461536
13.9,0,1,L23I,1000.0,300000,0.244140625,82.763671875,0.009789933843227398,40.52734375,0.03714212362769445,0.4896755162241888
13.9,0,2,L4E,1000.0,300000,0.244140625,76.66015625,0.05803643383815368,41.015625,0.19571440854088232,0.535031847133758
13.9,0,3,L4I,1000.0,300000,0.244140625,80.078125,0.016648783046360548,38.57421875,0.05689554179973449,0.4817073170731707
13.9,0,4,L5E,1000.0,300000,0.244140625,82.03125,0.016627221084132903,41.015625,0.0607353336744411,0.5
13.9,0,5,L5I,1000.0,300000,0.244140625,79.1015625,0.005904205349427795,41.748046875,0.01672115109519139,0.5277777777777778
13.9,0,6,L6E,1000.0,300000,0.244140625,82.03125,0.0027158207071460326,38.818359375,0.010932141424419275,0.4732142857142857
13.9,0,7,L6I,1000.0,300000,0.244140625,77.880859375,0.013360491503114958,39.794921875,0.04158483204325455,0.5109717868338558
13.9,1,0,L23E,1000.0,300000,0.244140625,82.275390625,0.021281000412347185,36.1328125,0.09908309174571904,0.4391691394658754
13.9,1,1,L23I,1000.0,300000,0.244140625,75.927734375,0.020383821292228495,37.353515625,0.11368989857698522,0.4919614147909968
13.9,1,2,L4E,1000.0,300000,0.244140625,81.298828125,0.07019335601155134,41.748046875,0.28740711431982563,0.5135135135135135
13.9,1,3,L4I,1000.0,300000,0.244140625,77.63671875,0.027827035486271894,40.52734375,0.08919644246634763,0.5220125786163522
13.9,1,4,L5E,1000.0,300000,0.244140625,79.1015625,0.022099773490764838,41.015625,0.08290857733186478,0.5185185185185185
13.9,1,5,L5I,1000.0,300000,0.244140625,76.171875,0.008598613246311506,39.55078125,0.025673032926591923,0.5192307692307693
13.9,1,6,L6E,1000.0,300000,0.244140625,75.927734375,0.001880213682275041,40.52734375,0.005711658104659942,0.5337620578778135
13.9,1,7,L6I,1000.0,300000,0.244140625,77.63671875,0.021131720314488695,39.306640625,0.06539863416079189,0.5062893081761006
13.9,2,0,L23E,1000.0,300000,0.244140625,76.66015625,0.020265071081056834,36.1328125,0.08058362773621783,0.4713375796178344
13.9,2,1,L23I,1000.0,300000,0.244140625,76.416015625,0.015199407980782297,37.353515625,0.06569510942222215,0.48881789137380194
13.9,2,2,L4E,1000.0,300000,0.244140625,77.392578125,0.07075112073250117,36.865234375,0.24664400574443998,0.47634069400630913
13.9,2,3,L4I,1000.0,300000,0.244140625,81.787109375,0.021160153888135063,39.306640625,0.07155788506811428,0.48059701492537316
13.9,2,4,L5E,1000.0,300000,0.244140625,76.171875,0.022066000703290286,42.724609375,0.06824762489379708,0.5608974358974359
13.9,2,5,L5I,1000.0,300000,0.244140625,78.125,0.006776206893812926,43.9453125,0.018830113051648317,0.5625
13.9,2,6,L6E,1000.0,300000,0.244140625,80.810546875,0.0020462647397296065,42.48046875,0.006615428997066499,0.525679758308157
13.9,2,7,L6I,1000.0,300000,0.244140625,77.392578125,0.01695537631820567,37.841796875,0.04888128833177523,0.4889589905362776
13.9,3,0,L23E,1000.0,300000,0.244140625,83.251953125,0.015905121402124116,38.818359375,0.08780391400280524,0.4662756598240469
13.9,3,1,L23I,1000.0,300000,0.244140625,81.787109375,0.015506757038834336,36.1328125,0.10351857898442453,0.4417910447761194
13.9,3,2,L4E,1000.0,300000,0.244140625,77.880859375,0.08340848722147585,37.109375,0.28415582833612996,0.47648902821316613
13.9,3,3,L4I,1000.0,300000,0.244140625,76.416015625,0.025300369833019695,36.1328125,0.08925979666156442,0.4728434504792332
13.9,3,4,L5E,1000.0,300000,0.244140625,78.369140625,0.025217341404724366,40.0390625,0.08581612162095757,0.5109034267912772
13.9,3,5,L5I,1000.0,300000,0.244140625,78.857421875,0.0076192760260580345,43.212890625,0.024193529938478252,0.5479876160990712
13.9,3,6,L6E,1000.0,300000,0.244140625,75.927734375,0.0022866687528132813,35.64453125,0.006790422082966687,0.4694533762057878
13.9,3,7,L6I,1000.0,300000,0.244140625,81.0546875,0.014853895092532536,42.48046875,0.05719829546413831,0.5240963855421686
13.9,4,0,L23E,1000.0,300000,0.244140625,75.927734375,0.02328829518616758,36.865234375,0.08052009594718479,0.4855305466237942
13.9,4,1,L23I,1000.0,300000,0.244140625,82.275390625,0.01458071512691456,36.376953125,0.09093223661128486,0.4421364985163205
13.9,4,2,L4E,1000.0,300000,0.244140625,81.298828125,0.0697858198605443,37.109375,0.2648869043540536,0.45645645645645644
13.9,4,3,L4I,1000.0,300000,0.244140625,77.1484375,0.02499275026929426,41.015625,0.07478044150307167,0.5316455696202531
13.9,4,4,L5E,1000.0,300000,0.244140625,78.61328125,0.021670740154209257,38.330078125,0.08262557889016492,0.48757763975155277
13.9,4,5,L5I,1000.0,300000,0.244140625,77.1484375,0.006982595222426628,38.0859375,0.024654501710070994,0.4936708860759494
13.9,4,6,L6E,1000.0,300000,0.244140625,75.927734375,0.0024089900790763715,36.1328125,0.007807915802021399,0.4758842443729904
13.9,4,7,L6I,1000.0,300000,0.244140625,77.1484375,0.01754879517857221,37.841796875,0.054413349080349886,0.49050632911392406
13.9,5,0,L23E,1000.0,300000,0.244140625,77.1484375,0.020023982606633243,37.59765625,0.073881878133383,0.4873417721518987
13.9,5,1,L23I,1000.0,300000,0.244140625,83.251953125,0.014446541988057929,41.015625,0.06035529159175349,0.49266862170087977
13.9,5,2,L4E,1000.0,300000,0.244140625,78.61328125,0.06844380790172824,35.888671875,0.24442809163691442,0.45652173913043476
13.9,5,3,L4I,1000.0,300000,0.244140625,80.56640625,0.022526312802534604,41.259765625,0.07865900057088433,0.5121212121212121
13.9,5,4,L5E,1000.0,300000,0.244140625,77.63671875,0.024462508897441507,39.306640625,0.0776076616281065,0.5062893081761006
13.9,5,5,L5I,1000.0,300000,0.244140625,77.1484375,0.008045573883237959,40.283203125,0.023299891771850677,0.5221518987341772
13.9,5,6,L6E,1000.0,300000,0.244140625,77.1484375,0.0022944352759663483,39.55078125,0.007049832382094678,0.5126582278481012
13.9,5,7,L6I,1000.0,300000,0.244140625,76.904296875,0.016235369663142686,42.48046875,0.05559689972997969,0.5523809523809524
13.9,6,0,L23E,1000.0,300000,0.244140625,76.416015625,0.021161176505075218,35.888671875,0.07969114493317653,0.4696485623003195
13.9,6,1,L23I,1000.0,300000,0.244140625,80.322265625,0.013243196330507821,42.236328125,0.05526060899879011,0.5258358662613982
13.9,6,2,L4E,1000.0,300000,0.244140625,78.369140625,0.07133756201916694,38.0859375,0.23157076749672534,0.48598130841121495
13.9,6,3,L4I,1000.0,300000,0.244140625,76.904296875,0.02504525103124678,40.283203125,0.06730193428615348,0.5238095238095238
13.9,6,4,L5E,1000.0,300000,0.244140625,80.078125,0.018063519091759444,36.1328125,0.0876242051239498,0.45121951219512196
13.9,6,5,L5I,1000.0,300000,0.244140625,76.904296875,0.006709877801026229,39.306640625,0.02052602477273132,0.5111111111111111
13.9,6,6,L6E,1000.0,300000,0.244140625,82.51953125,0.0018084316701913856,37.353515625,0.0075684123029158,0.4526627218934911
13.9,6,7,L6I,1000.0,300000,0.244140625,77.63671875,0.016826601758628736,39.794921875,0.05028063770384893,0.5125786163522013
13.9,7,0,L23E,1000.0,300000,0.244140625,79.833984375,0.024004786419049528,42.724609375,0.06674868345675085,0.5351681957186545
13.9,7,1,L23I,1000.0,300000,0.244140625,79.1015625,0.01600127714044919,37.109375,0.09031124787125841,0.4691358024691358
13.9,7,2,L4E,1000.0,300000,0.244140625,83.251953125,0.06409451750014926,41.259765625,0.2826232645576426,0.49560117302052786
13.9,7,3,L4I,1000.0,300000,0.244140625,75.68359375,0.027527777508538766,39.306640625,0.07892006610413715,0.5193548387096775
13.9,7,4,L5E,1000.0,300000,0.244140625,79.58984375,0.020969169669646,37.353515625,0.0933587233375935,0.46932515337423314
13.9,7,5,L5I,1000.0,300000,0.244140625,76.66015625,0.007546834325866337,38.330078125,0.02347629978574811,0.5
13.9,7,6,L6E,1000.0,300000,0.244140625,78.125,0.001893534389179879,38.330078125,0.006995496310062409,0.490625
13.9,7,7,L6I,1000.0,300000,0.244140625,77.880859375,0.017867071294361415,42.96875,0.05606440767495666,0.5517241379310345
13.9,8,0,L23E,1000.0,300000,0.244140625,78.369140625,0.017560765590899346,40.283203125,0.07864301650818598,0.514018691588785
13.9,8,1,L23I,1000.0,300000,0.244140625,79.345703125,0.017483169729117565,44.677734375,0.06080381881838185,0.563076923076923
13.9,8,2,L4E,1000.0,300000,0.244140625,81.54296875,0.06302097885722588,36.376953125,0.30411648178800665,0.44610778443113774
13.9,8,3,L4I,1000.0,300000,0.244140625,79.58984375,0.025020691688492327,36.62109375,0.09083704352279127,0.4601226993865031
13.9,8,4,L5E,1000.0,300000,0.244140625,76.416015625,0.02481263354594316,42.724609375,0.07495798451668122,0.5591054313099042
13.9,8,5,L5I,1000.0,300000,0.244140625,77.1484375,0.008161381147815885,36.1328125,0.026569006842905595,0.46835443037974683
13.9,8,6,L6E,1000.0,300000,0.244140625,78.369140625,0.001822220173038413,40.52734375,0.0064864329949831205,0.5171339563862928
13.9,8,7,L6I,1000.0,300000,0.244140625,82.275390625,0.015542382590670385,43.212890625,0.05951919934724816,0.5252225519287834
13.9,9,0,L23E,1000.0,300000,0.244140625,77.63671875,0.019770076549162612,38.57421875,0.07847531473950957,0.4968553459119497
13.9,9,1,L23I,1000.0,300000,0.244140625,78.125,0.016113291329946978,40.52734375,0.06375359321888055,0.51875
13.9,9,2,L4E,1000.0,300000,0.244140625,80.078125,0.07506212748511101,43.45703125,0.2338153110947772,0.5426829268292683
13.9,9,3,L4I,1000.0,300000,0.244140625,78.369140625,0.022178169836829072,43.212890625,0.0757117872047027,0.5514018691588785
13.9,9,4,L5E,1000.0,300000,0.244140625,79.1015625,0.02011689409489448,37.109375,0.07873939964520608,0.4691358024691358
13.9,9,5,L5I,1000.0,300000,0.244140625,80.322265625,0.006514223783494267,38.330078125,0.02499047431924788,0.47720364741641336
13.9,9,6,L6E,1000.0,300000,0.244140625,83.984375,0.0017019646050536624,43.45703125,0.006520803694890751,0.5174418604651163
13.9,9,7,L6I,1000.0,300000,0.244140625,77.63671875,0.016120443160058562,39.0625,0.06395404480628994,0.5031446540880503
13.14,0,0,L23E,1000.0,300000,0.244140625,78.857421875,0.016570538114507656,37.841796875,0.05859856525465217,0.47987616099071206
13.14,0,1,L23I,1000.0,300000,0.244140625,81.54296875,0.012557727159722462,40.283203125,0.05378921598332191,0.4940119760479042
13.14,0,2,L4E,1000.0,300000,0.244140625,82.03125,0.06302719700344986,35.888671875,0.25132769188055715,0.4375
13.14,0,3,L4I,1000.0,300000,0.244140625,76.171875,0.02319458627020093,39.55078125,0.0689602788270953,0.5192307692307693
13.14,0,4,L5E,1000.0,300000,0.244140625,81.0546875,0.017227532866670094,38.57421875,0.06967343526511723,0.4759036144578313
13.14,0,5,L5I,1000.0,300000,0.244140625,77.1484375,0.006794215231628965,35.888671875,0.021510338703062425,0.4651898734177215
13.14,0,6,L6E,1000.0,300000,0.244140625,78.125,0.002542522204128152,39.55078125,0.007933572662393333,0.50625
13.14,0,7,L6I,1000.0,300000,0.244140625,77.880859375,0.014777786880445464,39.55078125,0.04968360527037462,0.5078369905956113
13.14,1,0,L23E,1000.0,300000,0.244140625,80.810546875,0.016499232558212586,40.0390625,0.06713099780660138,0.4954682779456193
13.14,1,1,L23I,1000.0,300000,0.244140625,77.1484375,0.016596008643080033,38.0859375,0.05809436413736507,0.4936708860759494
13.14,1,2,L4E,1000.0,300000,0.244140625,75.927734375,0.08461746504491816,40.283203125,0.22282605248815643,0.5305466237942122
13.14,1,3,L4I,1000.0,300000,0.244140625,79.58984375,0.01985611509583925,40.771484375,0.07084378288379968,0.5122699386503068
13.14,1,4,L5E,1000.0,300000,0.244140625,76.904296875,0.022966384915489392,36.865234375,0.08192653825979442,0.4793650793650794
13.14,1,5,L5I,1000.0,300000,0.244140625,78.61328125,0.00632198674526836,38.818359375,0.022052418701959522,0.4937888198757764
13.14,1,6,L6E,1000.0,300000,0.244140625,77.392578125,0.0021999371362914364,40.771484375,0.007110587658617993,0.526813880126183
13.14,1,7,L6I,1000.0,300000,0.244140625,79.833984375,0.014752887006719336,42.724609375,0.04884346873885349,0.5351681957186545
13.14,2,0,L23E,1000.0,300000,0.244140625,76.904296875,0.024153824767550448,41.748046875,0.07023619067311122,0.5428571428571428
13.14,2,1,L23I,1000.0,300000,0.244140625,80.810546875,0.015690487041656525,43.701171875,0.06382514512109057,0.540785498489426
13.14,2,2,L4E,1000.0,300000,0.244140625,78.61328125,0.06976362458131452,36.376953125,0.2590005060751338,0.46273291925465837
13.14,2,3,L4I,1000.0,300000,0.244140625,81.298828125,0.02225745464781846,43.45703125,0.07664008046060322,0.5345345345345346
13.14,2,4,L5E,1000.0,300000,0.244140625,75.927734375,0.02946234636024134,36.1328125,0.09226724932721035,0.4758842443729904
13.14,2,5,L5I,1000.0,300000,0.244140625,78.369140625,0.006870950179459014,35.64453125,0.026098870678193345,0.45482866043613707
13.14,2,6,L6E,1000.0,300000,0.244140625,76.66015625,0.0022635936887699147,40.283203125,0.007339893094826332,0.5254777070063694
13.14,2,7,L6I,1000.0,300000,0.244140625,78.61328125,0.015822132899871725,37.59765625,0.05363689908090087,0.4782608695652174
13.14,3,0,L23E,1000.0,300000,0.244140625,75.927734375,0.018976977914356968,43.701171875,0.048660858660628255,0.5755627009646302
13.14,3,1,L23I,1000.0,300000,0.244140625,78.125,0.013758509854912554,36.1328125,0.05045411167758509,0.4625
13.14,3,2,L4E,1000.0,300000,0.244140625,81.298828125,0.056503066782177806,38.0859375,0.2178102890634414,0.46846846846846846
13.14,3,3,L4I,1000.0,300000,0.244140625,76.171875,0.022637093788176663,36.865234375,0.07236813626489916,0.483974358974359
13.14,3,4,L5E,1000.0,300000,0.244140625,79.833984375,0.01822380969368312,36.1328125,0.06768880833704556,0.4525993883792049
13.14,3,5,L5I,1000.0,300000,0.244140625,79.833984375,0.0056489205200044796,40.771484375,0.019642888046570623,0.5107033639143731
13.14,3,6,L6E,1000.0,300000,0.244140625,78.857421875,0.002533840072765431,38.330078125,0.009027356626301795,0.48606811145510836
13.14,3,7,L6I,1000.0,300000,0.244140625,78.61328125,0.014195754827429739,38.0859375,0.04821578461600529,0.484472049689441
13.14,4,0,L23E,1000.0,300000,0.244140625,78.125,0.021297958675456665,38.57421875,0.07634271575530957,0.49375
13.14,4,1,L23I,1000.0,300000,0.244140625,79.1015625,0.01675096573850878,40.771484375,0.06770062205064326,0.5154320987654321
13.14,4,2,L4E,1000.0,300000,0.244140625,76.66015625,0.0819125128387021,36.1328125,0.2751125110803463,0.4713375796178344
13.14,4,3,L4I,1000.0,300000,0.244140625,81.298828125,0.020093539909951223,41.015625,0.07564096975469099,0.5045045045045045
13.14,4,4,L5E,1000.0,300000,0.244140625,82.275390625,0.0177476603866574,41.50390625,0.07621381338132045,0.5044510385756676
13.14,4,5,L5I,1000.0,300000,0.244140625,79.345703125,0.006525603693651381,38.330078125,0.02330948950515159,0.48307692307692307
13.14,4,6,L6E,1000.0,300000,0.244140625,76.904296875,0.002308414912392902,40.771484375,0.006948474408220755,0.5301587301587302
13.14,4,7,L6I,1000.0,300000,0.244140625,76.904296875,0.016437377371702942,40.283203125,0.056197809223668585,0.5238095238095238
13.14,5,0,L23E,1000.0,300000,0.244140625,78.61328125,0.013401306256092205,38.57421875,0.04529514122978089,0.4906832298136646
13.14,5,1,L23I,1000.0,300000,0.244140625,77.1484375,0.012352281385816783,35.64453125,0.035387635757107315,0.4620253164556962
13.14,5,2,L4E,1000.0,300000,0.244140625,82.03125,0.051301693542867524,41.259765625,0.15083689192821362,0.5029761904761905
13.14,5,3,L4I,1000.0,300000,0.244140625,77.63671875,0.018165261052276685,39.794921875,0.05126373505580629,0.5125786163522013
13.14,5,4,L5E,1000.0,300000,0.244140625,77.392578125,0.01888907106663142,41.015625,0.05342556806338142,0.5299684542586751
13.14,5,5,L5I,1000.0,300000,0.244140625,81.787109375,0.0041214910987924505,39.0625,0.018379564195211414,0.47761194029850745
13.14,5,6,L6E,1000.0,300000,0.244140625,79.345703125,0.0037337626721783528,43.212890625,0.012045760424328174,0.5446153846153846
13.14,5,7,L6I,1000.0,300000,0.244140625,77.63671875,0.0123976539865237,41.015625,0.03845057013328206,0.5283018867924528
13.14,6,0,L23E,1000.0,300000,0.244140625,80.810546875,0.016660609387541686,40.52734375,0.08203323845937728,0.5015105740181269
13.14,6,1,L23I,1000.0,300000,0.244140625,78.857421875,0.018564316580989934,37.841796875,0.08465112138697296,0.47987616099071206
13.14,6,2,L4E,1000.0,300000,0.244140625,77.63671875,0.08986079473623289,36.865234375,0.2701461578128325,0.4748427672955975
13.14,6,3,L4I,1000.0,300000,0.244140625,79.1015625,0.02560505763702287,35.400390625,0.10637837403536884,0.44753086419753085
13.14,6,4,L5E,1000.0,300000,0.244140625,78.125,0.024514408773552206,40.283203125,0.07987870474121674,0.515625
13.14,6,5,L5I,1000.0,300000,0.244140625,79.345703125,0.007742472587229158,38.330078125,0.025916460120304123,0.48307692307692307
13.14,6,6,L6E,1000.0,300000,0.244140625,78.61328125,0.0018892496523975752,40.771484375,0.005629077433934323,0.5186335403726708
13.14,6,7,L6I,1000.0,300000,0.244140625,76.904296875,0.020765874007991694,40.283203125,0.060976345943641666,0.5238095238095238
13.14,7,0,L23E,1000.0,300000,0.244140625,75.927734375,0.021930759491983986,41.015625,0.05936572817869142,0.5401929260450161
13.14,7,1,L23I,1000.0,300000,0.244140625,78.369140625,0.015368789619416056,41.748046875,0.058992434264493895,0.5327102803738317
13.14,7,2,L4E,1000.0,300000,0.244140625,81.0546875,0.06925548219350916,44.189453125,0.24802165802164192,0.5451807228915663
13.14,7,3,L4I,1000.0,300000,0.244140625,79.833984375,0.02167509912462575,37.353515625,0.08221182129542356,0.46788990825688076
13.14,7,4,L5E,1000.0,300000,0.244140625,80.078125,0.021224994436721354,36.865234375,0.08508559122650049,0.4603658536585366
13.14,7,5,L5I,1000.0,300000,0.244140625,78.61328125,0.006635193325372142,43.45703125,0.020718570188122978,0.5527950310559007
13.14,7,6,L6E,1000.0,300000,0.244140625,81.298828125,0.0020433539177757082,40.0390625,0.007458575336927124,0.4924924924924925
13.14,7,7,L6I,1000.0,300000,0.244140625,77.880859375,0.015682086615801075,37.841796875,0.056979825743852255,0.48589341692789967
13.14,8,0,L23E,1000.0,300000,0.244140625,81.787109375,0.01601612999314066,40.0390625,0.06014591845228736,0.48955223880597015
13.14,8,1,L23I,1000.0,300000,0.244140625,81.787109375,0.014383658168503295,44.677734375,0.05039573208605024,0.5462686567164179
13.14,8,2,L4E,1000.0,300000,0.244140625,76.904296875,0.07081413189251813,38.330078125,0.22429658794736407,0.4984126984126984
13.14,8,3,L4I,1000.0,300000,0.244140625,77.1484375,0.023734144291205843,40.283203125,0.07409524609301907,0.5221518987341772
13.14,8,4,L5E,1000.0,300000,0.244140625,79.1015625,0.021650482053350302,40.0390625,0.07276525883563476,0.5061728395061729
13.14,8,5,L5I,1000.0,300000,0.244140625,79.58984375,0.0064020560190554895,40.283203125,0.021502143974022503,0.5061349693251533
13.14,8,6,L6E,1000.0,300000,0.244140625,76.416015625,0.002499567628616883,41.9921875,0.007139952854746117,0.549520766773163
13.14,8,7,L6I,1000.0,300000,0.244140625,76.904296875,0.016406871834724928,38.818359375,0.05176393829684539,0.5047619047619047
13.14,9,0,L23E,1000.0,300000,0.244140625,76.66015625,0.02933349958779076,38.57421875,0.10237772439081315,0.5031847133757962
13.14,9,1,L23I,1000.0,300000,0.244140625,78.125,0.017880591363526967,35.888671875,0.11450054014756009,0.459375
13.14,9,2,L4E,1000.0,300000,0.244140625,76.66015625,0.09228310052483432,38.330078125,0.3145522460529573,0.5
13.14,9,3,L4I,1000.0,300000,0.244140625,79.58984375,0.029419427481579528,41.50390625,0.09087678338114037,0.5214723926380368
13.14,9,4,L5E,1000.0,300000,0.244140625,77.1484375,0.024652332103127058,37.353515625,0.11080042530433609,0.48417721518987344
13.14,9,5,L5I,1000.0,300000,0.244140625,80.810546875,0.007716415249682591,40.771484375,0.02807308598942928,0.5045317220543807
13.14,9,6,L6E,1000.0,300000,0.244140625,75.927734375,0.0021432705786230944,39.0625,0.005023806354322294,0.5144694533762058
13.14,9,7,L6I,1000.0,300000,0.244140625,79.1015625,0.018576687668373257,37.59765625,0.06846398607898291,0.47530864197530864
13.39,0,0,L23E,1000.0,300000,0.244140625,81.0546875,0.018716459853757805,41.015625,0.06520560032737019,0.5060240963855421
13.39,0,1,L23I,1000.0,300000,0.244140625,76.171875,0.016508356227859934,40.283203125,0.05967257456333119,0.5288461538461539
13.39,0,2,L4E,1000.0,300000,0.244140625,79.345703125,0.06564405736784198,40.283203125,0.24453957169885118,0.5076923076923077
13.39,0,3,L4I,1000.0,300000,0.244140625,78.61328125,0.023597508228344256,41.50390625,0.07712366019030807,0.5279503105590062
13.39,0,4,L5E,1000.0,300000,0.244140625,76.66015625,0.02433640403026205,39.794921875,0.07167438610743289,0.5191082802547771
13.39,0,5,L5I,1000.0,300000,0.244140625,81.787109375,0.0057533298385037315,35.64453125,0.02178105552758954,0.43582089552238806
13.39,0,6,L6E,1000.0,300000,0.244140625,79.345703125,0.0022796358661765176,40.52734375,0.007058982252323847,0.5107692307692308
13.39,0,7,L6I,1000.0,300000,0.244140625,82.51953125,0.012849425797558928,38.57421875,0.050421684732115925,0.46745562130177515
13.39,1,0,L23E,1000.0,300000,0.244140625,76.904296875,0.02104145252619723,40.0390625,0.07775411123107515,0.5206349206349207
13.39,1,1,L23I,1000.0,300000,0.244140625,78.125,0.01748602747021426,35.888671875,0.1005714910032419,0.459375
13.39,1,2,L4E,1000.0,300000,0.244140625,78.369140625,0.07708735303044893,36.62109375,0.24103775497377775,0.4672897196261682
13.39,1,3,L4I,1000.0,300000,0.244140625,79.1015625,0.02371724759937308,39.0625,0.0841672539022029,0.49382716049382713
13.39,1,4,L5E,1000.0,300000,0.244140625,78.125,0.02065649860168611,38.57421875,0.09644590115016967,0.49375
13.39,1,5,L5I,1000.0,300000,0.244140625,80.322265625,0.007087965391077468,41.50390625,0.023526986471048967,0.5167173252279635
13.39,1,6,L6E,1000.0,300000,0.244140625,78.61328125,0.002145056664064248,39.306640625,0.008086379416568638,0.5
13.39,1,7,L6I,1000.0,300000,0.244140625,79.345703125,0.015742756048945344,36.1328125,0.06848975897961757,0.4553846153846154
13.39,2,0,L23E,1000.0,300000,0.244140625,79.1015625,0.02253683582587047,42.48046875,0.06701746971452727,0.5370370370370371
13.39,2,1,L23I,1000.0,300000,0.244140625,79.58984375,0.01498626391079059,36.376953125,0.08375486834410037,0.4570552147239264
13.39,2,2,L4E,1000.0,300000,0.244140625,82.275390625,0.07044870964352382,41.015625,0.23874675442713786,0.49851632047477745
13.39,2,3,L4I,1000.0,300000,0.244140625,76.416015625,0.02621696499601855,43.212890625,0.07475988589200601,0.5654952076677316
13.39,2,4,L5E,1000.0,300000,0.244140625,76.171875,0.02489138606519977,37.353515625,0.08143145004791916,0.49038461538461536
13.39,2,5,L5I,1000.0,300000,0.244140625,79.58984375,0.006868688366489973,35.888671875,0.025463605163630183,0.450920245398773
13.39,2,6,L6E,1000.0,300000,0.244140625,77.63671875,0.0020692577219504488,37.841796875,0.006692268427847327,0.48742138364779874
13.39,2,7,L6I,1000.0,300000,0.244140625,79.833984375,0.01456305304758226,40.771484375,0.0574901008311219,0.5107033639143731
13.39,3,0,L23E,1000.0,300000,0.244140625,81.298828125,0.019232616089036685,39.0625,0.08036913263037644,0.4804804804804805
13.39,3,1,L23I,1000.0,300000,0.244140625,80.322265625,0.017091304749379255,39.0625,0.10364836325563755,0.48632218844984804
13.39,3,2,L4E,1000.0,300000,0.244140625,78.369140625,0.07235309135545581,41.9921875,0.26133203793076804,0.5358255451713395
13.39,3,3,L4I,1000.0,300000,0.244140625,78.61328125,0.024216141749304552,36.865234375,0.09468474284642098,0.468944099378882
13.39,3,4,L5E,1000.0,300000,0.244140625,82.763671875,0.020757986234110293,43.9453125,0.07999878939374298,0.5309734513274337
13.39,3,5,L5I,1000.0,300000,0.244140625,82.51953125,0.0062732660320725655,42.236328125,0.023071870626032515,0.5118343195266272
13.39,3,6,L6E,1000.0,300000,0.244140625,79.58984375,0.0020600363183728336,42.724609375,0.006409999390351269,0.5368098159509203
13.39,3,7,L6I,1000.0,300000,0.244140625,77.63671875,0.018114536789000296,41.748046875,0.05494955838385981,0.5377358490566038
13.39,4,0,L23E,1000.0,300000,0.244140625,75.927734375,0.027629153556967972,39.794921875,0.09771016723450093,0.5241157556270096
13.39,4,1,L23I,1000.0,300000,0.244140625,75.439453125,0.023872499251744297,42.48046875,0.0895740916178192,0.5631067961165048
13.39,4,2,L4E,1000.0,300000,0.244140625,76.171875,0.08880371508287513,38.57421875,0.2925232680194827,0.5064102564102564
13.39,4,3,L4I,1000.0,300000,0.244140625,75.68359375,0.03105398839640447,38.330078125,0.09230013621915159,0.5064516129032258
13.39,4,4,L5E,1000.0,300000,0.244140625,80.810546875,0.024654352785314054,43.701171875,0.09392971114808976,0.540785498489426
13.39,4,5,L5I,1000.0,300000,0.244140625,80.322265625,0.0067444995998309516,37.841796875,0.028082588641073183,0.47112462006079026
13.39,4,6,L6E,1000.0,300000,0.244140625,75.927734375,0.0018683021456027626,37.59765625,0.0057496597070600276,0.49517684887459806
13.39,4,7,L6I,1000.0,300000,0.244140625,77.63671875,0.018902681611336698,37.353515625,0.06730004087751407,0.4811320754716981
13.39,5,0,L23E,1000.0,300000,0.244140625,75.68359375,0.022767176882900277,39.794921875,0.07220777721871409,0.5258064516129032
13.39,5,1,L23I,1000.0,300000,0.244140625,83.251953125,0.01301723794968014,37.841796875,0.07861894303055009,0.45454545454545453
13.39,5,2,L4E,1000.0,300000,0.244140625,79.1015625,0.07847344715801263,38.0859375,0.2696173461636123,0.48148148148148145
13.39,5,3,L4I,1000.0,300000,0.244140625,83.984375,0.021261915018039135,36.865234375,0.08763503998970903,0.438953488372093
13.39,5,4,L5E,1000.0,300000,0.244140625,82.03125,0.02014341569275626,42.236328125,0.08261398891840055,0.5148809523809523
13.39,5,5,L5I,1000.0,300000,0.244140625,75.68359375,0.00805183922896324,37.353515625,0.022776386854270154,0.4935483870967742
13.39,5,6,L6E,1000.0,300000,0.244140625,83.251953125,0.0019121112009693958,39.0625,0.006724894587946967,0.46920821114369504
13.39,5,7,L6I,1000.0,300000,0.244140625,76.904296875,0.018715998743073912,38.818359375,0.05965838663858338,0.5047619047619047
13.39,6,0,L23E,1000.0,300000,0.244140625,77.880859375,0.01747656103898254,39.0625,0.057101430065249266,0.5015673981191222
13.39,6,1,L23I,1000.0,300000,0.244140625,76.171875,0.01481939256253388,41.748046875,0.04147854718160655,0.5480769230769231
13.39,6,2,L4E,1000.0,300000,0.244140625,79.1015625,0.06320619684638111,40.283203125,0.19332789579478535,0.5092592592592593
13.39,6,3,L4I,1000.0,300000,0.244140625,77.1484375,0.02187502422346929,39.55078125,0.07018941279051662,0.5126582278481012
13.39,6,4,L5E,1000.0,300000,0.244140625,77.880859375,0.01882233719179454,39.55078125,0.06032758504856669,0.5078369905956113
13.39,6,5,L5I,1000.0,300000,0.244140625,79.833984375,0.005022199619827609,36.1328125,0.020923653766598545,0.4525993883792049
13.39,6,6,L6E,1000.0,300000,0.244140625,76.904296875,0.0028184069244795566,37.109375,0.009199374421444882,0.48253968253968255
13.39,6,7,L6I,1000.0,300000,0.244140625,80.56640625,0.012743448833553803,38.818359375,0.04425480280723259,0.4818181818181818
13.39,7,0,L23E,1000.0,300000,0.244140625,82.275390625,0.019110249976881283,37.59765625,0.08219982811918312,0.456973293768546
13.39,7,1,L23I,1000.0,300000,0.244140625,77.1484375,0.020452261459634132,40.52734375,0.070447716904749,0.5253164556962026
13.39,7,2,L4E,1000.0,300000,0.244140625,77.392578125,0.08792188453843663,36.865234375,0.2679178051063299,0.47634069400630913
13.39,7,3,L4I,1000.0,300000,0.244140625,79.345703125,0.024336714067461046,43.9453125,0.07694157250725307,0.5538461538461539
13.39,7,4,L5E,1000.0,300000,0.244140625,76.904296875,0.02617315538276883,39.55078125,0.08614068680494172,0.5142857142857142
13.39,7,5,L5I,1000.0,300000,0.244140625,77.880859375,0.00709314981826024,37.59765625,0.026781605020714028,0.4827586206896552
13.39,7,6,L6E,1000.0,300000,0.244140625,81.0546875,0.0019123143058164952,40.52734375,0.0072783297086980985,0.5
13.39,7,7,L6I,1000.0,300000,0.244140625,78.61328125,0.01686995212182628,38.818359375,0.0603604265754699,0.4937888198757764
13.39,8,0,L23E,1000.0,300000,0.244140625,75.68359375,0.0201353208405915,39.0625,0.05424143247680237,0.5161290322580645
13.39,8,1,L23I,1000.0,300000,0.244140625,83.251953125,0.011601322893059368,37.59765625,0.05650223497658661,0.45161290322580644
13.39,8,2,L4E,1000.0,300000,0.244140625,78.369140625,0.06199184839933155,36.376953125,0.2386971634700129,0.46417445482866043
13.39,8,3,L4I,1000.0,300000,0.244140625,78.125,0.02276388543133545,37.841796875,0.07299964383358634,0.484375
13.39,8,4,L5E,1000.0,300000,0.244140625,81.54296875,0.016665431310509026,38.57421875,0.07361378505716408,0.47305389221556887
13.39,8,5,L5I,1000.0,300000,0.244140625,82.763671875,0.005367378372955126,38.818359375,0.0208135018293697,0.4690265486725664
13.39,8,6,L6E,1000.0,300000,0.244140625,82.275390625,0.0020902712107716053,39.55078125,0.008492081765969323,0.4807121661721068
13.39,8,7,L6I,1000.0,300000,0.244140625,81.787109375,0.012736842993967172,37.353515625,0.05616183054555173,0.45671641791044776
13.39,9,0,L23E,1000.0,300000,0.244140625,78.369140625,0.01835201933893932,36.376953125,0.074901985708291,0.46417445482866043
13.39,9,1,L23I,1000.0,300000,0.244140625,77.1484375,0.01639399237297697,40.0390625,0.058604922716579466,0.5189873417721519
13.39,9,2,L4E,1000.0,300000,0.244140625,80.322265625,0.06774702792119588,44.189453125,0.21417448404608583,0.5501519756838906
13.39,9,3,L4I,1000.0,300000,0.244140625,78.857421875,0.02102096386234179,39.0625,0.07160725512685648,0.4953560371517028
13.39,9,4,L5E,1000.0,300000,0.244140625,76.416015625,0.02157436297558933,42.724609375,0.06654522345748622,0.5591054313099042
13.39,9,5,L5I,1000.0,300000,0.244140625,78.125,0.006428237511092163,39.306640625,0.02088043507881159,0.503125
13.39,9,6,L6E,1000.0,300000,0.244140625,78.125,0.0022311626763721957,36.62109375,0.008853720600428931,0.46875
13.39,9,7,L6I,1000.0,300000,0.244140625,77.392578125,0.016548253901327133,42.48046875,0.05094392453172415,0.5488958990536278
13.64,0,0,L23E,1000.0,300000,0.244140625,78.61328125,0.023153681572512057,37.353515625,0.10226310402086602,0.4751552795031056
13.64,0,1,L23I,1000.0,300000,0.244140625,78.369140625,0.019785399272149836,39.794921875,0.10843107376423107,0.5077881619937694
13.64,0,2,L4E,1000.0,300000,0.244140625,78.857421875,0.09487338905093179,41.748046875,0.2960660010959345,0.5294117647058824
13.64,0,3,L4I,1000.0,300000,0.244140625,81.787109375,0.0238620410367407,40.283203125,0.10111521702970713,0.4925373134328358
13.64,0,4,L5E,1000.0,300000,0.244140625,76.416015625,0.02789865655486837,40.283203125,0.09999068065643409,0.5271565495207667
13.64,0,5,L5I,1000.0,300000,0.244140625,79.58984375,0.008115994356242296,37.353515625,0.026360213818810426,0.46932515337423314
13.64,0,6,L6E,1000.0,300000,0.244140625,83.0078125,0.0012331682595771445,37.59765625,0.005289901763504044,0.45294117647058824
13.64,0,7,L6I,1000.0,300000,0.244140625,79.1015625,0.01979920438788043,36.1328125,0.07373854803789918,0.4567901234567901
13.64,1,0,L23E,1000.0,300000,0.244140625,80.56640625,0.022077894187108742,38.330078125,0.08536549573060827,0.47575757575757577
13.64,1,1,L23I,1000.0,300000,0.244140625,82.763671875,0.017264023868120593,35.888671875,0.11604040283614359,0.4336283185840708
13.64,1,2,L4E,1000.0,300000,0.244140625,81.787109375,0.08016718888720438,41.9921875,0.2779534371871694,0.5134328358208955
13.64,1,3,L4I,1000.0,300000,0.244140625,76.171875,0.030469243892659852,39.306640625,0.08420387215103349,0.5160256410256411
13.64,1,4,L5E,1000.0,300000,0.244140625,76.904296875,0.02628139904464656,39.55078125,0.08492656514357431,0.5142857142857142
13.64,1,5,L5I,1000.0,300000,0.244140625,78.857421875,0.007282121074899356,37.353515625,0.02825101458155573,0.47368421052631576
13.64,1,6,L6E,1000.0,300000,0.244140625,78.125,0.0016452189169475937,41.50390625,0.0049890911839129545,0.53125
13.64,1,7,L6I,1000.0,300000,0.244140625,81.787109375,0.01510941114599334,42.724609375,0.056858109808957086,0.5223880597014925
13.64,2,0,L23E,1000.0,300000,0.244140625,81.0546875,0.01574141281537271,36.865234375,0.0638643148340875,0.45481927710843373
13.64,2,1,L23I,1000.0,300000,0.244140625,78.125,0.015267655475923854,37.353515625,0.06460385970158568,0.478125
13.64,2,2,L4E,1000.0,300000,0.244140625,79.345703125,0.06713710022974194,36.62109375,0.23316404784774886,0.46153846153846156
13.64,2,3,L4I,1000.0,300000,0.244140625,79.833984375,0.019554242793510052,42.96875,0.06940840477508564,0.5382262996941896
13.64,2,4,L5E,1000.0,300000,0.244140625,78.369140625,0.022066567177805117,43.9453125,0.06804569669786042,0.5607476635514018
13.64,2,5,L5I,1000.0,300000,0.244140625,78.857421875,0.006383917927597048,40.0390625,0.020899299391351257,0.5077399380804953
13.64,2,6,L6E,1000.0,300000,0.244140625,82.275390625,0.0022195915570412885,36.62109375,0.00795942598056571,0.44510385756676557
13.64,2,7,L6I,1000.0,300000,0.244140625,78.369140625,0.015229200520474174,37.59765625,0.055423256488877484,0.4797507788161994
13.64,3,0,L23E,1000.0,300000,0.244140625,75.927734375,0.029622515096896875,38.818359375,0.08063846606155059,0.5112540192926045
13.64,3,1,L23I,1000.0,300000,0.244140625,76.66015625,0.0195320490258042,39.55078125,0.09774595434096642,0.5159235668789809
13.64,3,2,L4E,1000.0,300000,0.244140625,77.880859375,0.08239659052211697,40.283203125,0.26992909858861486,0.5172413793103449
13.64,3,3,L4I,1000.0,300000,0.244140625,76.416015625,0.028007067365163743,41.259765625,0.09052755794937256,0.5399361022364217
13.64,3,4,L5E,1000.0,300000,0.244140625,77.63671875,0.028146911356575047,37.59765625,0.1016733973692624,0.48427672955974843
13.64,3,5,L5I,1000.0,300000,0.244140625,76.416015625,0.007375733744529077,41.015625,0.025252355512350645,0.536741214057508
13.64,3,6,L6E,1000.0,300000,0.244140625,82.275390625,0.001586079174887205,36.1328125,0.007719200186555554,0.4391691394658754
13.64,3,7,L6I,1000.0,300000,0.244140625,79.58984375,0.01730510020064378,40.0390625,0.06235182225840109,0.5030674846625767
13.64,4,0,L23E,1000.0,300000,0.244140625,82.51953125,0.020430477802385723,36.376953125,0.08320561537869353,0.4408284023668639
13.64,4,1,L23I,1000.0,300000,0.244140625,79.833984375,0.016777927778152284,38.818359375,0.08288367677468494,0.48623853211009177
13.64,4,2,L4E,1000.0,300000,0.244140625,78.857421875,0.07407020631295175,42.48046875,0.29267011301013857,0.5386996904024768
13.64,4,3,L4I,1000.0,300000,0.244140625,81.787109375,0.021835717895115094,40.0390625,0.0849667707169733,0.48955223880597015
13.64,4,4,L5E,1000.0,300000,0.244140625,75.927734375,0.024767288507579716,37.353515625,0.09319535737751541,0.4919614147909968
13.64,4,5,L5I,1000.0,300000,0.244140625,75.439453125,0.009020291559788687,41.015625,0.024538488176018183,0.5436893203883495
13.64,4,6,L6E,1000.0,300000,0.244140625,75.927734375,0.002293769516002016,37.353515625,0.006409742092906507,0.4919614147909968
13.64,4,7,L6I,1000.0,300000,0.244140625,78.857421875,0.017657281474992507,40.771484375,0.05619603307815588,0.5170278637770898
13.64,5,0,L23E,1000.0,300000,0.244140625,76.66015625,0.02451765410457144,39.55078125,0.07850027567316294,0.5159235668789809
13.64,5,1,L23I,1000.0,300000,0.244140625,77.880859375,0.017274592839870786,44.189453125,0.06793831035282318,0.567398119122257
13.64,5,2,L4E,1000.0,300000,0.244140625,77.880859375,0.08046829700607926,40.52734375,0.2722595949161577,0.5203761755485894
13.64,5,3,L4I,1000.0,300000,0.244140625,83.251953125,0.020470755703899206,39.0625,0.09200463052699227,0.46920821114369504
13.64,5,4,L5E,1000.0,300000,0.244140625,79.833984375,0.022695301987179537,37.109375,0.0886739294886077,0.4648318042813456
13.64,5,5,L5I,1000.0,300000,0.244140625,81.54296875,0.006867443255952769,39.0625,0.025285585588959898,0.47904191616766467
13.64,5,6,L6E,1000.0,300000,0.244140625,76.416015625,0.0020068272108400708,39.0625,0.006631644023710365,0.5111821086261981
13.64,5,7,L6I,1000.0,300000,0.244140625,77.392578125,0.01706668741960423,39.794921875,0.06740078983549774,0.5141955835962145
13.64,6,0,L23E,1000.0,300000,0.244140625,75.68359375,0.02082166913042083,37.59765625,0.07111588093949288,0.4967741935483871
13.64,6,1,L23I,1000.0,300000,0.244140625,80.810546875,0.01315896675798194,35.888671875,0.07593232339148676,0.44410876132930516
13.64,6,2,L4E,1000.0,300000,0.244140625,77.880859375,0.07983061662140392,39.0625,0.23850505201408462,0.5015673981191222
13.64,6,3,L4I,1000.0,300000,0.244140625,76.66015625,0.022363049896244293,38.330078125,0.06985318080688013,0.5
13.64,6,4,L5E,1000.0,300000,0.244140625,79.345703125,0.020406248589119907,42.724609375,0.0642201627897084,0.5384615384615384
13.64,6,5,L5I,1000.0,300000,0.244140625,76.66015625,0.006904359050440331,43.701171875,0.021399635815142273,0.5700636942675159
13.64,6,6,L6E,1000.0,300000,0.244140625,83.0078125,0.001853796074850934,42.724609375,0.006776003538366963,0.5147058823529411
13.64,6,7,L6I,1000.0,300000,0.244140625,76.904296875,0.016040526192324857,39.0625,0.05182802533984991,0.5079365079365079
13.64,7,0,L23E,1000.0,300000,0.244140625,78.61328125,0.0224707007311764,40.52734375,0.0846171444056998,0.515527950310559
13.64,7,1,L23I,1000.0,300000,0.244140625,76.904296875,0.02022149853531949,39.0625,0.08543212050241544,0.5079365079365079
13.64,7,2,L4E,1000.0,300000,0.244140625,78.125,0.07984142191778183,38.330078125,0.31525214901990645,0.490625
13.64,7,3,L4I,1000.0,300000,0.244140625,80.078125,0.02377438509582122,38.57421875,0.08716649204020856,0.4817073170731707
13.64,7,4,L5E,1000.0,300000,0.244140625,77.392578125,0.025171557676182028,36.865234375,0.10878956224083886,0.47634069400630913
13.64,7,5,L5I,1000.0,300000,0.244140625,79.345703125,0.007034575245553548,39.306640625,0.027248764172889874,0.49538461538461537
13.64,7,6,L6E,1000.0,300000,0.244140625,80.322265625,0.0018974216350551322,42.48046875,0.006280715782505179,0.5288753799392097
13.64,7,7,L6I,1000.0,300000,0.244140625,78.61328125,0.018412742252680726,38.818359375,0.06373635157393513,0.4937888198757764
13.64,8,0,L23E,1000.0,300000,0.244140625,78.369140625,0.021970285385142868,41.50390625,0.08369607043525944,0.5295950155763239
13.64,8,1,L23I,1000.0,300000,0.244140625,78.61328125,0.018941157501778046,37.59765625,0.09413161294838408,0.4782608695652174
13.64,8,2,L4E,1000.0,300000,0.244140625,82.03125,0.06567237125965687,38.57421875,0.27207238076256374,0.47023809523809523
13.64,8,3,L4I,1000.0,300000,0.244140625,77.63671875,0.026111507829551777,39.55078125,0.0830908556314737,0.5094339622641509
13.64,8,4,L5E,1000.0,300000,0.244140625,75.927734375,0.025840088334403315,38.818359375,0.08897999651848892,0.5112540192926045
13.64,8,5,L5I,1000.0,300000,0.244140625,81.787109375,0.007283038710370695,40.0390625,0.023974146630788645,0.48955223880597015
13.64,8,6,L6E,1000.0,300000,0.244140625,81.0546875,0.0017393549091647058,37.109375,0.006705874551683589,0.4578313253012048
13.64,8,7,L6I,1000.0,300000,0.244140625,78.125,0.018636690125800683,37.353515625,0.0600205579881704,0.478125
13.64,9,0,L23E,1000.0,300000,0.244140625,80.56640625,0.020609016908767055,38.330078125,0.08635715551889432,0.47575757575757577
13.64,9,1,L23I,1000.0,300000,0.244140625,81.54296875,0.013584394105532829,38.0859375,0.09488576079581727,0.46706586826347307
13.64,9,2,L4E,1000.0,300000,0.244140625,76.171875,0.08510871158149978,39.794921875,0.2612269453033535,0.5224358974358975
13.64,9,3,L4I,1000.0,300000,0.244140625,80.810546875,0.02195122584554547,41.015625,0.0843962654402215,0.5075528700906344
13.64,9,4,L5E,1000.0,300000,0.244140625,77.1484375,0.02505776059574204,43.701171875,0.07815900242394937,0.5664556962025317
13.64,9,5,L5I,1000.0,300000,0.244140625,80.078125,0.006815298340966738,40.0390625,0.023996647454253645,0.5
13.64,9,6,L6E,1000.0,300000,0.244140625,77.392578125,0.0022349158349669472,35.64453125,0.007599672102821625,0.4605678233438486
13.64,9,7,L6I,1000.0,300000,0.244140625,77.1484375,0.018879316749656632,41.9921875,0.06519196556662343,0.5443037974683544
14.15,0,0,L23E,1000.0,300000,0.244140625,75.68359375,0.022677008016020125,39.55078125,0.07904888272404988,0.5225806451612903
14.15,0,1,L23I,1000.0,300000,0.244140625,81.787109375,0.013912458511676506,41.9921875,0.05595326742521902,0.5134328358208955
14.15,0,2,L4E,1000.0,300000,0.244140625,78.369140625,0.06625817492986828,40.0390625,0.23201461957314232,0.5109034267912772
14.15,0,3,L4I,1000.0,300000,0.244140625,78.369140625,0.02273028122573712,39.306640625,0.0829756984595804,0.5015576323987538
14.15,0,4,L5E,1000.0,300000,0.244140625,76.904296875,0.020824599543415253,39.306640625,0.07655234329381605,0.5111111111111111
14.15,0,5,L5I,1000.0,300000,0.244140625,78.857421875,0.0070968626843388415,41.50390625,0.020809186164578098,0.5263157894736842
14.15,0,6,L6E,1000.0,300000,0.244140625,79.833984375,0.002228897647979797,37.841796875,0.008622848548785901,0.4740061162079511
14.15,0,7,L6I,1000.0,300000,0.244140625,75.927734375,0.016660284326461078,35.64453125,0.05525118464384352,0.4694533762057878
14.15,1,0,L23E,1000.0,300000,0.244140625,76.416015625,0.021692533453475764,39.794921875,0.06171274026710473,0.5207667731629393
14.15,1,1,L23I,1000.0,300000,0.244140625,78.857421875,0.015902185154054935,36.1328125,0.08493586349852664,0.4582043343653251
14.15,1,2,L4E,1000.0,300000,0.244140625,79.58984375,0.06978857587826938,40.283203125,0.2288521476432708,0.5061349693251533
14.15,1,3,L4I,1000.0,300000,0.244140625,81.298828125,0.021898772220154107,38.818359375,0.08332352271284649,0.4774774774774775
14.15,1,4,L5E,1000.0,300000,0.244140625,81.54296875,0.020452955682917412,41.015625,0.07889578167956467,0.5029940119760479
14.15,1,5,L5I,1000.0,300000,0.244140625,81.0546875,0.0063501668917590555,38.818359375,0.02197937694850992,0.4789156626506024
14.15,1,6,L6E,1000.0,300000,0.244140625,80.078125,0.00202853536688735,39.794921875,0.0073608715707614075,0.4969512195121951
14.15,1,7,L6I,1000.0,300000,0.244140625,77.880859375,0.01862469149736951,43.212890625,0.052916487554999156,0.554858934169279
14.15,2,0,L23E,1000.0,300000,0.244140625,78.61328125,0.02196345568940788,41.9921875,0.07684130896413259,0.5341614906832298
14.15,2,1,L23I,1000.0,300000,0.244140625,79.833984375,0.016991830188865433,43.9453125,0.06829548946614841,0.5504587155963303
14.15,2,2,L4E,1000.0,300000,0.244140625,75.68359375,0.08601998736762567,41.9921875,0.2675493319776782,0.5548387096774193
14.15,2,3,L4I,1000.0,300000,0.244140625,79.58984375,0.023780411748129816,36.62109375,0.08932040965864532,0.4601226993865031
14.15,2,4,L5E,1000.0,300000,0.244140625,80.56640625,0.024972820895025408,41.748046875,0.08727368896476954,0.5181818181818182
14.15,2,5,L5I,1000.0,300000,0.244140625,75.927734375,0.008201298044600801,41.259765625,0.024642175212825433,0.5434083601286174
14.15,2,6,L6E,1000.0,300000,0.244140625,81.298828125,0.0016722711630126719,37.841796875,0.007733784070795183,0.46546546546546547
14.15,2,7,L6I,1000.0,300000,0.244140625,75.927734375,0.022609796840022546,38.0859375,0.05898923234539632,0.5016077170418006
14.15,3,0,L23E,1000.0,300000,0.244140625,79.833984375,0.019748834446552423,41.259765625,0.07175839643143109,0.5168195718654435
14.15,3,1,L23I,1000.0,300000,0.244140625,76.171875,0.019276856009293384,36.62109375,0.08263838217200416,0.4807692307692308
14.15,3,2,L4E,1000.0,300000,0.244140625,78.125,0.08271199963409828,42.96875,0.24088578576743047,0.55
14.15,3,3,L4I,1000.0,300000,0.244140625,78.369140625,0.027328916339772143,41.259765625,0.07583983023127484,0.5264797507788161
14.15,3,4,L5E,1000.0,300000,0.244140625,83.740234375,0.019968962908963533,38.330078125,0.08684818284604635,0.4577259475218659
14.15,3,5,L5I,1000.0,300000,0.244140625,83.251953125,0.005700438335807664,41.015625,0.02147987672000513,0.49266862170087977
14.15,3,6,L6E,1000.0,300000,0.244140625,75.68359375,0.002422694766123645,36.376953125,0.007374877853318582,0.4806451612903226
14.15,3,7,L6I,1000.0,300000,0.244140625,83.0078125,0.01418715718930054,38.0859375,0.05693694456210401,0.4588235294117647
14.15,4,0,L23E,1000.0,300000,0.244140625,80.322265625,0.016894945252459843,44.43359375,0.0639896292571941,0.5531914893617021
14.15,4,1,L23I,1000.0,300000,0.244140625,80.078125,0.0150730036498418,43.701171875,0.044745014259653285,0.5457317073170732
14.15,4,2,L4E,1000.0,300000,0.244140625,78.61328125,0.06746260134254985,43.212890625,0.23606658188456286,0.5496894409937888
14.15,4,3,L4I,1000.0,300000,0.244140625,75.927734375,0.02514178747210712,36.62109375,0.08763115874464142,0.48231511254019294
14.15,4,4,L5E,1000.0,300000,0.244140625,80.810546875,0.021260668303824032,39.55078125,0.0772718545675919,0.48942598187311176
14.15,4,5,L5I,1000.0,300000,0.244140625,76.416015625,0.007411197808899819,36.1328125,0.02389588488297833,0.4728434504792332
14.15,4,6,L6E,1000.0,300000,0.244140625,77.1484375,0.0023812175430483837,36.62109375,0.00810587822386459,0.47468354430379744
14.15,4,7,L6I,1000.0,300000,0.244140625,78.857421875,0.015859931890205882,41.9921875,0.0515443480587993,0.5325077399380805
14.15,5,0,L23E,1000.0,300000,0.244140625,75.68359375,0.026940619690572962,39.0625,0.08958941200966654,0.5161290322580645
14.15,5,1,L23I,1000.0,300000,0.244140625,78.369140625,0.018830244330520055,41.9921875,0.08916488031734283,0.5358255451713395
14.15,5,2,L4E,1000.0,300000,0.244140625,77.880859375,0.08682967878700547,41.015625,0.28050722674459566,0.5266457680250783
14.15,5,3,L4I,1000.0,300000,0.244140625,79.58984375,0.02227444634198499,39.794921875,0.09322723147274407,0.5
14.15,5,4,L5E,1000.0,300000,0.244140625,76.416015625,0.031311280518508205,39.55078125,0.09913824295131894,0.5175718849840255
14.15,5,5,L5I,1000.0,300000,0.244140625,78.125,0.007968338803027646,37.59765625,0.029090864242416744,0.48125
14.15,5,6,L6E,1000.0,300000,0.244140625,76.171875,0.0018507281154501922,38.818359375,0.006258050924585491,0.5096153846153846
14.15,5,7,L6I,1000.0,300000,0.244140625,75.927734375,0.022148528086096603,42.724609375,0.06355099538694343,0.5627009646302251
14.15,6,0,L23E,1000.0,300000,0.244140625,79.58984375,0.014491547526921871,37.59765625,0.05510267897812473,0.4723926380368098
14.15,6,1,L23I,1000.0,300000,0.244140625,77.880859375,0.012977672671013867,41.50390625,0.03952550340131978,0.5329153605015674
14.15,6,2,L4E,1000.0,300000,0.244140625,81.0546875,0.04898653075193797,37.841796875,0.21556890087635505,0.46686746987951805
14.15,6,3,L4I,1000.0,300000,0.244140625,80.078125,0.021307250023842435,35.888671875,0.07098278526027008,0.4481707317073171
14.15,6,4,L5E,1000.0,300000,0.244140625,75.927734375,0.0206325003919963,41.50390625,0.06050818124969213,0.5466237942122186
14.15,6,5,L5I,1000.0,300000,0.244140625,78.61328125,0.0053403942509801005,37.59765625,0.019949797367539435,0.4782608695652174
14.15,6,6,L6E,1000.0,300000,0.244140625,78.369140625,0.0028548482579311128,41.9921875,0.008629409409434036,0.5358255451713395
14.15,6,7,L6I,1000.0,300000,0.244140625,76.171875,0.014540768060049513,41.9921875,0.04447424951652308,0.5512820512820513
14.15,7,0,L23E,1000.0,300000,0.244140625,75.927734375,0.020911442441698413,37.109375,0.07069995638059509,0.4887459807073955
14.15,7,1,L23I,1000.0,300000,0.244140625,78.369140625,0.016067730345942666,38.330078125,0.06074881395578504,0.48909657320872274
14.15,7,2,L4E,1000.0,300000,0.244140625,75.927734375,0.07725981446170574,42.48046875,0.2342389639140979,0.5594855305466238
14.15,7,3,L4I,1000.0,300000,0.244140625,79.58984375,0.021238787274476766,40.52734375,0.07727121310105096,0.50920245398773
14.15,7,4,L5E,1000.0,300000,0.244140625,80.078125,0.020133663787372975,43.701171875,0.06759812943826504,0.5457317073170732
14.15,7,5,L5I,1000.0,300000,0.244140625,82.763671875,0.00576685598847247,43.45703125,0.020627379797070845,0.5250737463126843
14.15,7,6,L6E,1000.0,300000,0.244140625,75.927734375,0.002426842217057512,36.1328125,0.00757631153161479,0.4758842443729904
14.15,7,7,L6I,1000.0,300000,0.244140625,77.392578125,0.016556608671181357,42.236328125,0.04891224024114636,0.5457413249211357
14.15,8,0,L23E,1000.0,300000,0.244140625,79.1015625,0.020646357847579965,41.015625,0.08309760486941715,0.5185185185185185
14.15,8,1,L23I,1000.0,300000,0.244140625,76.171875,0.019874609773170866,36.1328125,0.13753438051000164,0.47435897435897434
14.15,8,2,L4E,1000.0,300000,0.244140625,76.66015625,0.07888429382167335,39.794921875,0.2606445584677175,0.5191082802547771
14.15,8,3,L4I,1000.0,300000,0.244140625,82.03125,0.020989811956516297,38.818359375,0.08707648463500858,0.4732142857142857
14.15,8,4,L5E,1000.0,300000,0.244140625,76.416015625,0.02633752225763931,39.0625,0.08665079887256287,0.5111821086261981
14.15,8,5,L5I,1000.0,300000,0.244140625,76.171875,0.008349079015797265,42.48046875,0.02431395909158724,0.5576923076923077
14.15,8,6,L6E,1000.0,300000,0.244140625,75.927734375,0.0021135857387216046,41.9921875,0.005413646102881207,0.5530546623794212
14.15,8,7,L6I,1000.0,300000,0.244140625,76.904296875,0.019133931925128883,40.283203125,0.0598143997381706,0.5238095238095238
14.15,9,0,L23E,1000.0,300000,0.244140625,77.63671875,0.020902269402770197,36.376953125,0.085185876357549,0.46855345911949686
14.15,9,1,L23I,1000.0,300000,0.244140625,82.51953125,0.013995575641719157,36.865234375,0.10623319170613135,0.4467455621301775
14.15,9,2,L4E,1000.0,300000,0.244140625,81.787109375,0.06884708245924742,37.109375,0.2999549303612865,0.4537313432835821
14.15,9,3,L4I,1000.0,300000,0.244140625,79.833984375,0.02732303111900097,36.376953125,0.08957324291651982,0.45565749235474007
14.15,9,4,L5E,1000.0,300000,0.244140625,78.125,0.024222548240224885,36.62109375,0.11105113559115681,0.46875
14.15,9,5,L5I,1000.0,300000,0.244140625,82.763671875,0.005867108991436977,38.0859375,0.024372862732183052,0.46017699115044247
14.15,9,6,L6E,1000.0,300000,0.244140625,82.275390625,0.0016371079507700756,36.865234375,0.006559673652261348,0.44807121661721067
14.15,9,7,L6I,1000.0,300000,0.244140625,80.078125,0.01771270537133333,35.888671875,0.06304913982779521,0.4481707317073171
14.41,0,0,L23E,1000.0,300000,0.244140625,83.984375,0.019555927461838457,41.259765625,0.09306215526031703,0.49127906976744184
14.41,0,1,L23I,1000.0,300000,0.244140625,77.392578125,0.019705915338275207,38.330078125,0.13310902527713545,0.4952681388012618
14.41,0,2,L4E,1000.0,300000,0.244140625,79.58984375,0.08785181521288134,37.353515625,0.3358814737075404,0.46932515337423314
14.41,0,3,L4I,1000.0,300000,0.244140625,76.171875,0.03366304115241965,38.57421875,0.10273741712806038,0.5064102564102564
14.41,0,4,L5E,1000.0,300000,0.244140625,80.56640625,0.023147293212292076,42.236328125,0.09060245667607447,0.5242424242424243
14.41,0,5,L5I,1000.0,300000,0.244140625,80.56640625,0.007851987184636448,35.64453125,0.03137184941393014,0.44242424242424244
14.41,0,6,L6E,1000.0,300000,0.244140625,78.125,0.001691763238726435,43.212890625,0.004681793963602769,0.553125
14.41,0,7,L6I,1000.0,300000,0.244140625,78.857421875,0.019199845667968576,37.841796875,0.06194924723294243,0.47987616099071206
14.41,1,0,L23E,1000.0,300000,0.244140625,78.61328125,0.024952150809324437,42.96875,0.0730294062167613,0.546583850931677
14.41,1,1,L23I,1000.0,300000,0.244140625,80.322265625,0.016524690018811024,39.306640625,0.1049717127755076,0.48936170212765956
14.41,1,2,L4E,1000.0,300000,0.244140625,76.904296875,0.1000969151959936,35.64453125,0.3198316448401019,0.4634920634920635
14.41,1,3,L4I,1000.0,300000,0.244140625,80.078125,0.023041870821584383,36.376953125,0.09888657887675413,0.45426829268292684
14.41,1,4,L5E,1000.0,300000,0.244140625,79.58984375,0.023949348016264794,37.353515625,0.10634032670354267,0.46932515337423314
14.41,1,5,L5I,1000.0,300000,0.244140625,83.251953125,0.006432836565731031,44.43359375,0.026217110952534164,0.533724340175953
14.41,1,6,L6E,1000.0,300000,0.244140625,77.1484375,0.0019575019945012135,36.865234375,0.0061563153085664474,0.4778481012658228
14.41,1,7,L6I,1000.0,300000,0.244140625,79.1015625,0.0188438194900652,43.701171875,0.05812771953423493,0.5524691358024691
14.41,2,0,L23E,1000.0,300000,0.244140625,81.0546875,0.020652443131345222,39.794921875,0.07089162278294397,0.49096385542168675
14.41,2,1,L23I,1000.0,300000,0.244140625,77.880859375,0.021321782846804537,40.0390625,0.07370109194652469,0.5141065830721003
14.41,2,2,L4E,1000.0,300000,0.244140625,76.416015625,0.08752521791737361,35.400390625,0.29157329203343196,0.46325878594249204
14.41,2,3,L4I,1000.0,300000,0.244140625,78.369140625,0.027325859371162584,36.1328125,0.09954307258658991,0.46105919003115264
14.41,2,4,L5E,1000.0,300000,0.244140625,75.68359375,0.029006711257705476,36.62109375,0.10822242609165884,0.4838709677419355
14.41,2,5,L5I,1000.0,300000,0.244140625,79.833984375,0.0075963306165686105,37.353515625,0.029409355070211776,0.46788990825688076
14.41,2,6,L6E,1000.0,300000,0.244140625,77.1484375,0.0019479617004326904,35.888671875,0.007207494336021308,0.4651898734177215
14.41,2,7,L6I,1000.0,300000,0.244140625,83.740234375,0.014501336142980851,43.9453125,0.05475762052387179,0.5247813411078717
14.41,3,0,L23E,1000.0,300000,0.244140625,76.416015625,0.021435326908633243,37.109375,0.07036931301190166,0.48562300319488816
14.41,3,1,L23I,1000.0,300000,0.244140625,81.0546875,0.015620114065526072,40.283203125,0.06406237174262452,0.49698795180722893
14.41,3,2,L4E,1000.0,300000,0.244140625,83.251953125,0.05926474881381772,43.701171875,0.21980150570667367,0.5249266862170088
14.41,3,3,L4I,1000.0,300000,0.244140625,76.416015625,0.02741295110984002,40.0390625,0.07685356125272215,0.5239616613418531
14.41,3,4,L5E,1000.0,300000,0.244140625,83.251953125,0.020279123812540174,39.794921875,0.07309792536616665,0.4780058651026393
14.41,3,5,L5I,1000.0,300000,0.244140625,80.322265625,0.006671597532556244,42.724609375,0.02347680103005258,0.5319148936170213
14.41,3,6,L6E,1000.0,300000,0.244140625,76.904296875,0.002499170946423343,42.48046875,0.00693904817636447,0.5523809523809524
14.41,3,7,L6I,1000.0,300000,0.244140625,75.68359375,0.022644630983618286,41.50390625,0.05070207789714096,0.5483870967741935
14.41,4,0,L23E,1000.0,300000,0.244140625,77.392578125,0.027190030163722886,37.841796875,0.08838069561573018,0.4889589905362776
14.41,4,1,L23I,1000.0,300000,0.244140625,81.54296875,0.01427670162878083,36.62109375,0.08909432929214413,0.4491017964071856
14.41,4,2,L4E,1000.0,300000,0.244140625,79.833984375,0.07892184896532965,39.794921875,0.2629814508478657,0.4984709480122324
14.41,4,3,L4I,1000.0,300000,0.244140625,82.51953125,0.02259561955932244,36.865234375,0.09105894086720945,0.4467455621301775
14.41,4,4,L5E,1000.0,300000,0.244140625,82.51953125,0.019785665647919632,40.771484375,0.08444003853177022,0.4940828402366864
14.41,4,5,L5I,1000.0,300000,0.244140625,76.66015625,0.007854522687864738,41.259765625,0.022710238097022745,0.5382165605095541
14.41,4,6,L6E,1000.0,300000,0.244140625,83.251953125,0.0016176205069905521,37.353515625,0.006687178493247909,0.44868035190615835
14.41,4,7,L6I,1000.0,300000,0.244140625,79.1015625,0.017930532277350707,41.50390625,0.05980309593274584,0.5246913580246914
14.41,5,0,L23E,1000.0,300000,0.244140625,76.171875,0.025267446048889534,40.283203125,0.07264398148090802,0.5288461538461539
14.41,5,1,L23I,1000.0,300000,0.244140625,80.078125,0.01686003395922687,42.96875,0.06753893775367058,0.5365853658536586
14.41,5,2,L4E,1000.0,300000,0.244140625,78.125,0.0725481266375239,42.48046875,0.24438043250169533,0.54375
14.41,5,3,L4I,1000.0,300000,0.244140625,80.078125,0.021737012638701706,36.1328125,0.09115262874126617,0.45121951219512196
14.41,5,4,L5E,1000.0,300000,0.244140625,78.369140625,0.022915258874720686,35.400390625,0.11936867793552121,0.4517133956386293
14.41,5,5,L5I,1000.0,300000,0.244140625,77.63671875,0.0071408113273591315,39.0625,0.025530900781696182,0.5031446540880503
14.41,5,6,L6E,1000.0,300000,0.244140625,76.416015625,0.0021627482582628576,40.283203125,0.0061335458733881515,0.5271565495207667
14.41,5,7,L6I,1000.0,300000,0.244140625,82.763671875,0.015373586520755253,38.57421875,0.06041025294229022,0.46607669616519176
14.41,6,0,L23E,1000.0,300000,0.244140625,75.68359375,0.022514691366112505,36.376953125,0.10735915537546674,0.4806451612903226
14.41,6,1,L23I,1000.0,300000,0.244140625,76.416015625,0.019276631321944165,39.794921875,0.08217016283991618,0.5207667731629393
14.41,6,2,L4E,1000.0,300000,0.244140625,76.416015625,0.0838881275327131,36.62109375,0.2939687069190958,0.4792332268370607
14.41,6,3,L4I,1000.0,300000,0.244140625,76.66015625,0.029137756958876975,40.0390625,0.08833416320290191,0.5222929936305732
14.41,6,4,L5E,1000.0,300000,0.244140625,76.416015625,0.028334143046666895,35.64453125,0.10881880352829766,0.46645367412140576
14.41,6,5,L5I,1000.0,300000,0.244140625,77.880859375,0.008078497255141405,37.353515625,0.025739357297918698,0.47962382445141066
14.41,6,6,L6E,1000.0,300000,0.244140625,76.904296875,0.0019088487793074709,38.818359375,0.0060055065295383896,0.5047619047619047
14.41,6,7,L6I,1000.0,300000,0.244140625,77.880859375,0.01706743718696591,35.888671875,0.07122281236950029,0.4608150470219436
14.41,7,0,L23E,1000.0,300000,0.244140625,76.904296875,0.024862010335468424,37.841796875,0.10048363227042631,0.49206349206349204
14.41,7,1,L23I,1000.0,300000,0.244140625,82.03125,0.014398028348377754,36.865234375,0.10050523648380079,0.4494047619047619
14.41,7,2,L4E,1000.0,300000,0.244140625,79.58984375,0.08103995307688655,42.96875,0.22767484178096778,0.5398773006134969
14.41,7,3,L4I,1000.0,300000,0.244140625,82.763671875,0.02220595609728694,37.353515625,0.09062111263423603,0.45132743362831856
14.41,7,4,L5E,1000.0,300000,0.244140625,79.1015625,0.02382858189897339,40.283203125,0.07751839531720031,0.5092592592592593
14.41,7,5,L5I,1000.0,300000,0.244140625,76.416015625,0.0071600145434562185,39.306640625,0.024633046703223152,0.5143769968051118
14.41,7,6,L6E,1000.0,300000,0.244140625,77.63671875,0.0019322040918125416,39.794921875,0.0052841365074737445,0.5125786163522013
14.41,7,7,L6I,1000.0,300000,0.244140625,81.298828125,0.01615665172952262,40.52734375,0.05619343125168072,0.4984984984984985
14.41,8,0,L23E,1000.0,300000,0.244140625,83.251953125,0.021472284472273697,37.109375,0.10751809841902592,0.44574780058651026
14.41,8,1,L23I,1000.0,300000,0.244140625,76.171875,0.025670564888150154,39.306640625,0.10850717194019023,0.5160256410256411
14.41,8,2,L4E,1000.0,300000,0.244140625,81.54296875,0.07732785637048939,41.9921875,0.30092558020923965,0.5149700598802395
14.41,8,3,L4I,1000.0,300000,0.244140625,76.171875,0.02971183565561426,35.64453125,0.10587606352198373,0.46794871794871795
14.41,8,4,L5E,1000.0,300000,0.244140625,76.66015625,0.030781538229844335,37.109375,0.1305929088356923,0.4840764331210191
14.41,8,5,L5I,1000.0,300000,0.244140625,79.1015625,0.008608124087786148,41.748046875,0.0295103721595063,0.5277777777777778
14.41,8,6,L6E,1000.0,300000,0.244140625,77.880859375,0.0017309808398755487,41.015625,0.005477729238873458,0.5266457680250783
14.41,8,7,L6I,1000.0,300000,0.244140625,76.904296875,0.021558288086050564,43.9453125,0.061259187446661964,0.5714285714285714
14.41,9,0,L23E,1000.0,300000,0.244140625,78.369140625,0.02214490663374944,37.841796875,0.08870038039001399,0.48286604361370716
14.41,9,1,L23I,1000.0,300000,0.244140625,77.1484375,0.01794924392045387,36.865234375,0.12059852519131245,0.4778481012658228
14.41,9,2,L4E,1000.0,300000,0.244140625,77.880859375,0.08271720511136689,40.771484375,0.2800031305490825,0.5235109717868338
14.41,9,3,L4I,1000.0,300000,0.244140625,79.345703125,0.023444592944261284,42.48046875,0.07865461306971991,0.5353846153846153
14.41,9,4,L5E,1000.0,300000,0.244140625,82.275390625,0.0215950386974121,41.015625,0.08757608667884986,0.49851632047477745
14.41,9,5,L5I,1000.0,300000,0.244140625,77.1484375,0.007245233507198142,39.0625,0.02401464179980831,0.5063291139240507
14.41,9,6,L6E,1000.0,300000,0.244140625,76.171875,0.00222664335367912,40.0390625,0.006752365871726135,0.5256410256410257
14.41,9,7,L6I,1000.0,300000,0.244140625,76.904296875,0.018435199356909793,42.724609375,0.053086156120425866,0.5555555555555556
14.66,0,0,L23E,1000.0,300000,0.244140625,78.61328125,0.018609501634339668,38.0859375,0.06956674808301823,0.484472049689441
14.66,0,1,L23I,1000.0,300000,0.244140625,81.0546875,0.016776329333430075,43.212890625,0.055718013072425215,0.5331325301204819
14.66,0,2,L4E,1000.0,300000,0.244140625,77.392578125,0.07541113872986252,39.0625,0.24285440189244323,0.5047318611987381
14.66,0,3,L4I,1000.0,300000,0.244140625,76.66015625,0.025199182131117125,36.1328125,0.08063437574169048,0.4713375796178344
14.66,0,4,L5E,1000.0,300000,0.244140625,76.66015625,0.02363246567717998,35.888671875,0.10504544712955997,0.4681528662420382
14.66,0,5,L5I,1000.0,300000,0.244140625,77.63671875,0.006485606476099204,39.306640625,0.023653532108140706,0.5062893081761006
14.66,0,6,L6E,1000.0,300000,0.244140625,79.1015625,0.002082768058845361,38.330078125,0.0077792178360545725,0.4845679012345679
14.66,0,7,L6I,1000.0,300000,0.244140625,77.392578125,0.016233957924223403,39.55078125,0.05131066947004688,0.5110410094637224
14.66,1,0,L23E,1000.0,300000,0.244140625,78.857421875,0.021678100179377623,36.376953125,0.08603435217155295,0.4613003095975232
14.66,1,1,L23I,1000.0,300000,0.244140625,75.927734375,0.02006077788018247,37.109375,0.10761201545623396,0.4887459807073955
14.66,1,2,L4E,1000.0,300000,0.244140625,76.66015625,0.08549543924258364,40.283203125,0.2645641947665673,0.5254777070063694
14.66,1,3,L4I,1000.0,300000,0.244140625,76.416015625,0.02944165109136668,35.64453125,0.09625903845615448,0.46645367412140576
14.66,1,4,L5E,1000.0,300000,0.244140625,80.078125,0.024200826926305194,36.62109375,0.10379593053703938,0.4573170731707317
14.66,1,5,L5I,1000.0,300000,0.244140625,77.1484375,0.007857317923451174,44.189453125,0.0239052523203615,0.5727848101265823
14.66,1,6,L6E,1000.0,300000,0.244140625,83.0078125,0.001480156878717722,38.0859375,0.006205685107121398,0.4588235294117647
14.66,1,7,L6I,1000.0,300000,0.244140625,76.171875,0.019097601942542824,40.52734375,0.059942487773093175,0.532051282051282
14.66,2,0,L23E,1000.0,300000,0.244140625,81.787109375,0.018769733557679906,38.57421875,0.09360383584975927,0.4716417910447761
14.66,2,1,L23I,1000.0,300000,0.244140625,79.58984375,0.019263733735161083,36.62109375,0.12429992354206432,0.4601226993865031
14.66,2,2,L4E,1000.0,300000,0.244140625,76.416015625,0.09808815384383396,35.888671875,0.31223670799105363,0.4696485623003195
14.66,2,3,L4I,1000.0,300000,0.244140625,81.787109375,0.02347088791979015,38.0859375,0.09736403185258624,0.46567164179104475
14.66,2,4,L5E,1000.0,300000,0.244140625,76.171875,0.027278546960033203,36.62109375,0.10755334635993209,0.4807692307692308
14.66,2,5,L5I,1000.0,300000,0.244140625,75.68359375,0.008675392628640699,40.283203125,0.027075017718503798,0.532258064516129
14.66,2,6,L6E,1000.0,300000,0.244140625,76.171875,0.0018955263875602448,36.865234375,0.006874200454893766,0.483974358974359
14.66,2,7,L6I,1000.0,300000,0.244140625,77.392578125,0.01915632735278429,39.794921875,0.06189515304131062,0.5141955835962145
14.66,3,0,L23E,1000.0,300000,0.244140625,78.857421875,0.02463232680517174,43.701171875,0.09126279862390575,0.5541795665634675
14.66,3,1,L23I,1000.0,300000,0.244140625,83.0078125,0.01642297632080511,41.259765625,0.10795926179161522,0.4970588235294118
14.66,3,2,L4E,1000.0,300000,0.244140625,77.392578125,0.09894266683797963,43.45703125,0.29358361570144453,0.5615141955835962
14.66,3,3,L4I,1000.0,300000,0.244140625,82.51953125,0.024440686173340415,43.701171875,0.09283980162682663,0.5295857988165681
14.66,3,4,L5E,1000.0,300000,0.244140625,79.345703125,0.025070472215533688,41.015625,0.11522171777423786,0.5169230769230769
14.66,3,5,L5I,1000.0,300000,0.244140625,77.880859375,0.008420075594675723,37.59765625,0.03256524489858513,0.4827586206896552
14.66,3,6,L6E,1000.0,300000,0.244140625,78.369140625,0.0015414213389622906,40.283203125,0.005811681516116245,0.514018691588785
14.66,3,7,L6I,1000.0,300000,0.244140625,78.61328125,0.02010913051397392,43.9453125,0.07066620440382523,0.5590062111801242
14.66,4,0,L23E,1000.0,300000,0.244140625,81.298828125,0.020092832974664274,41.748046875,0.0787628290587943,0.5135135135135135
14.66,4,1,L23I,1000.0,300000,0.244140625,76.171875,0.022490733474514333,37.353515625,0.10392344805681918,0.49038461538461536
14.66,4,2,L4E,1000.0,300000,0.244140625,76.416015625,0.08965026916291294,40.771484375,0.24807104277809863,0.5335463258785943
14.66,4,3,L4I,1000.0,300000,0.244140625,76.171875,0.031204953341650143,42.48046875,0.08909926788024998,0.5576923076923077
14.66,4,4,L5E,1000.0,300000,0.244140625,78.125,0.025261366841305036,37.109375,0.1038425387017462,0.475
14.66,4,5,L5I,1000.0,300000,0.244140625,77.392578125,0.008721725295042834,39.0625,0.02599106360848758,0.5047318611987381
14.66,4,6,L6E,1000.0,300000,0.244140625,77.63671875,0.001836541528199766,42.724609375,0.006166920456404702,0.550314465408805
14.66,4,7,L6I,1000.0,300000,0.244140625,76.66015625,0.019473367794725145,38.330078125,0.06021096858120165,0.5
14.66,5,0,L23E,1000.0,300000,0.244140625,76.66015625,0.02336666575090504,43.212890625,0.08211774920662854,0.5636942675159236
14.66,5,1,L23I,1000.0,300000,0.244140625,75.927734375,0.02286844585018502,39.55078125,0.09644790503059893,0.5209003215434084
14.66,5,2,L4E,1000.0,300000,0.244140625,76.416015625,0.08867007428881672,37.841796875,0.27503869120004576,0.4952076677316294
14.66,5,3,L4I,1000.0,300000,0.244140625,77.63671875,0.028304528964584352,35.888671875,0.0967696081648211,0.46226415094339623
14.66,5,4,L5E,1000.0,300000,0.244140625,82.763671875,0.020863471963365174,40.52734375,0.08846731240080717,0.4896755162241888
14.66,5,5,L5I,1000.0,300000,0.244140625,79.833984375,0.007355631967368763,37.841796875,0.02410468099518797,0.4740061162079511
14.66,5,6,L6E,1000.0,300000,0.244140625,76.66015625,0.002184564335933456,39.55078125,0.007314322200891781,0.5159235668789809
14.66,5,7,L6I,1000.0,300000,0.244140625,78.61328125,0.017779570113469825,37.353515625,0.06319370715068826,0.4751552795031056
14.66,6,0,L23E,1000.0,300000,0.244140625,82.03125,0.02342311882339341,38.57421875,0.10071974279614056,0.47023809523809523
14.66,6,1,L23I,1000.0,300000,0.244140625,82.763671875,0.014788096297094828,41.748046875,0.07729365745021521,0.504424778761062
14.66,6,2,L4E,1000.0,300000,0.244140625,77.1484375,0.08380140185206927,43.212890625,0.26109170752676536,0.560126582278481
14.66,6,3,L4I,1000.0,300000,0.244140625,80.322265625,0.026973841912673963,38.330078125,0.09598759329940407,0.47720364741641336
14.66,6,4,L5E,1000.0,300000,0.244140625,82.763671875,0.021822104358666394,41.748046875,0.1005535148748074,0.504424778761062
14.66,6,5,L5I,1000.0,300000,0.244140625,79.58984375,0.00702970274043133,39.0625,0.02625789075744895,0.49079754601226994
14.66,6,6,L6E,1000.0,300000,0.244140625,78.125,0.0020049695101529773,41.9921875,0.00578575496190095,0.5375
14.66,6,7,L6I,1000.0,300000,0.244140625,80.56640625,0.016898021268206668,37.59765625,0.06704409447754424,0.4666666666666667
14.66,7,0,L23E,1000.0,300000,0.244140625,83.49609375,0.01876655833525564,36.376953125,0.1179680672530414,0.43567251461988304
14.66,7,1,L23I,1000.0,300000,0.244140625,77.392578125,0.01948169691641359,43.212890625,0.07624315288881711,0.5583596214511041
14.66,7,2,L4E,1000.0,300000,0.244140625,78.369140625,0.0863001890964815,36.376953125,0.2950780467703819,0.46417445482866043
14.66,7,3,L4I,1000.0,300000,0.244140625,78.125,0.026621986971344436,41.015625,0.0785127320390588,0.525
14.66,7,4,L5E,1000.0,300000,0.244140625,76.904296875,0.027094922830302372,37.59765625,0.10264495711445244,0.4888888888888889
14.66,7,5,L5I,1000.0,300000,0.244140625,80.810546875,0.007104110007656149,38.57421875,0.029998000457018142,0.4773413897280967
14.66,7,6,L6E,1000.0,300000,0.244140625,76.416015625,0.002096373221424426,36.865234375,0.006225549810552973,0.48242811501597443
14.66,7,7,L6I,1000.0,300000,0.244140625,83.251953125,0.016554155702084513,40.283203125,0.06057664434137907,0.4838709677419355
14.66,8,0,L23E,1000.0,300000,0.244140625,76.66015625,0.020712756654945465,35.64453125,0.07949369540947543,0.46496815286624205
14.66,8,1,L23I,1000.0,300000,0.244140625,79.58984375,0.01710805784131777,37.353515625,0.10117679739801297,0.46932515337423314
14.66,8,2,L4E,1000.0,300000,0.244140625,78.125,0.07394668246287962,37.353515625,0.2823090977464363,0.478125
14.66,8,3,L4I,1000.0,300000,0.244140625,75.927734375,0.02719797744393274,41.259765625,0.07744340074759559,0.5434083601286174
14.66,8,4,L5E,1000.0,300000,0.244140625,77.880859375,0.02395676862037627,40.52734375,0.08200252271404045,0.5203761755485894
14.66,8,5,L5I,1000.0,300000,0.244140625,77.63671875,0.006855836788114711,37.109375,0.02467615898115166,0.4779874213836478
14.66,8,6,L6E,1000.0,300000,0.244140625,77.1484375,0.0023908596637157767,41.259765625,0.007149448760136541,0.5348101265822784
14.66,8,7,L6I,1000.0,300000,0.244140625,80.56640625,0.014764929724654511,37.59765625,0.06210412114589614,0.4666666666666667
14.66,9,0,L23E,1000.0,300000,0.244140625,79.1015625,0.021441728880400492,36.62109375,0.10078222028435194,0.46296296296296297
14.66,9,1,L23I,1000.0,300000,0.244140625,75.439453125,0.020145472879677166,41.015625,0.08928939914505996,0.5436893203883495
14.66,9,2,L4E,1000.0,300000,0.244140625,82.03125,0.06648574172503012,41.50390625,0.2645715369083912,0.5059523809523809
14.66,9,3,L4I,1000.0,300000,0.244140625,77.880859375,0.027583406939119568,35.64453125,0.09873003433708506,0.45768025078369906
14.66,9,4,L5E,1000.0,300000,0.244140625,77.1484375,0.03045987774184509,42.724609375,0.08056939543956056,0.5537974683544303
14.66,9,5,L5I,1000.0,300000,0.244140625,77.880859375,0.00841007826901546,43.45703125,0.02356173896993833,0.5579937304075235
14.66,9,6,L6E,1000.0,300000,0.244140625,82.03125,0.001556591849698551,40.283203125,0.006009885277748196,0.49107142857142855
14.66,9,7,L6I,1000.0,300000,0.244140625,76.904296875,0.01986989855862145,37.841796875,0.06162556248589954,0.49206349206349204
14.92,0,0,L23E,1000.0,300000,0.244140625,81.787109375,0.019403199709815386,36.865234375,0.08418198812437123,0.4507462686567164
14.92,0,1,L23I,1000.0,300000,0.244140625,77.63671875,0.020679451101143075,38.330078125,0.0974333021731869,0.4937106918238994
14.92,0,2,L4E,1000.0,300000,0.244140625,77.1484375,0.07758669861868989,37.353515625,0.2898223882511966,0.48417721518987344
14.92,0,3,L4I,1000.0,300000,0.244140625,82.275390625,0.02169487534627102,38.57421875,0.08386634081570962,0.4688427299703264
14.92,0,4,L5E,1000.0,300000,0.244140625,82.763671875,0.020724192566246045,39.0625,0.09692346613185275,0.471976401179941
14.92,0,5,L5I,1000.0,300000,0.244140625,78.125,0.006916286851254226,37.59765625,0.023844792018485397,0.48125
14.92,0,6,L6E,1000.0,300000,0.244140625,75.927734375,0.0021656070110905954,40.0390625,0.006475739624937386,0.5273311897106109
14.92,0,7,L6I,1000.0,300000,0.244140625,77.880859375,0.019024440418488785,37.353515625,0.06385611038792975,0.47962382445141066
14.92,1,0,L23E,1000.0,300000,0.244140625,75.68359375,0.025391304476720073,36.376953125,0.10336148289814297,0.4806451612903226
14.92,1,1,L23I,1000.0,300000,0.244140625,79.58984375,0.016684148455949465,43.701171875,0.07683909780075646,0.549079754601227
14.92,1,2,L4E,1000.0,300000,0.244140625,83.251953125,0.06781485100904792,36.62109375,0.3401265198668795,0.4398826979472141
14.92,1,3,L4I,1000.0,300000,0.244140625,76.904296875,0.026062612071157946,39.0625,0.08826600826611465,0.5079365079365079
14.92,1,4,L5E,1000.0,300000,0.244140625,77.1484375,0.028750807497478454,43.212890625,0.08279215422339796,0.560126582278481
14.92,1,5,L5I,1000.0,300000,0.244140625,76.171875,0.00842754876393216,39.0625,0.026410767243017025,0.5128205128205128
14.92,1,6,L6E,1000.0,300000,0.244140625,81.787109375,0.0015605636592089418,40.52734375,0.005484490144447684,0.4955223880597015
14.92,1,7,L6I,1000.0,300000,0.244140625,75.68359375,0.020907905945810525,41.748046875,0.06192568789799724,0.5516129032258065
14.92,2,0,L23E,1000.0,300000,0.244140625,76.66015625,0.029041998929265882,36.62109375,0.13706918281448133,0.47770700636942676
14.92,2,1,L23I,1000.0,300000,0.244140625,76.171875,0.024223412800784914,39.794921875,0.12649517284859224,0.5224358974358975
14.92,2,2,L4E,1000.0,300000,0.244140625,79.833984375,0.09180437567224047,38.330078125,0.36704772314814976,0.4801223241590214
14.92,2,3,L4I,1000.0,300000,0.244140625,79.345703125,0.02542927931829091,36.865234375,0.10779259691851097,0.4646153846153846
14.92,2,4,L5E,1000.0,300000,0.244140625,83.251953125,0.026570977566430547,37.59765625,0.13543879128281006,0.45161290322580644
14.92,2,5,L5I,1000.0,300000,0.244140625,75.927734375,0.009490146660618079,40.771484375,0.029399653991390544,0.5369774919614148
14.92,2,6,L6E,1000.0,300000,0.244140625,77.392578125,0.0014680983217685102,40.283203125,0.005116309172337259,0.5205047318611987
14.92,2,7,L6I,1000.0,300000,0.244140625,77.1484375,0.021514432148194325,35.888671875,0.07867837130377082,0.4651898734177215
14.92,3,0,L23E,1000.0,300000,0.244140625,80.322265625,0.027181220566944674,43.9453125,0.08851934265775714,0.547112462006079
14.92,3,1,L23I,1000.0,300000,0.244140625,79.833984375,0.020326929988899393,39.0625,0.13789875008463728,0.4892966360856269
14.92,3,2,L4E,1000.0,300000,0.244140625,81.787109375,0.08783189718842628,43.212890625,0.31770575388229505,0.5283582089552239
14.92,3,3,L4I,1000.0,300000,0.244140625,81.298828125,0.02616592221589926,39.55078125,0.10173235430470207,0.4864864864864865
14.92,3,4,L5E,1000.0,300000,0.244140625,75.927734375,0.029847612689746533,36.62109375,0.12957659666189492,0.48231511254019294
14.92,3,5,L5I,1000.0,300000,0.244140625,75.439453125,0.010281904122554255,41.259765625,0.030422872230218917,0.5469255663430421
14.92,3,6,L6E,1000.0,300000,0.244140625,80.078125,0.0016769961616219186,41.748046875,0.00493980366705721,0.5213414634146342
14.92,3,7,L6I,1000.0,300000,0.244140625,82.51953125,0.017860291878121107,39.306640625,0.0662267630045474,0.47633136094674555
14.92,4,0,L23E,1000.0,300000,0.244140625,78.61328125,0.021903366041068715,37.59765625,0.0843596569301917,0.4782608695652174
14.92,4,1,L23I,1000.0,300000,0.244140625,83.0078125,0.013248257409891785,38.57421875,0.09570458790747174,0.4647058823529412
14.92,4,2,L4E,1000.0,300000,0.244140625,76.904296875,0.078241311488586,40.52734375,0.25902964336675594,0.526984126984127
14.92,4,3,L4I,1000.0,300000,0.244140625,79.58984375,0.023945931952642042,36.62109375,0.08727142256530013,0.4601226993865031
14.92,4,4,L5E,1000.0,300000,0.244140625,77.63671875,0.022608300301342043,36.865234375,0.09959284945361375,0.4748427672955975
14.92,4,5,L5I,1000.0,300000,0.244140625,75.68359375,0.007093710970172441,36.62109375,0.02407404302075903,0.4838709677419355
14.92,4,6,L6E,1000.0,300000,0.244140625,77.392578125,0.0022800561711733354,39.55078125,0.007012813680298221,0.5110410094637224
14.92,4,7,L6I,1000.0,300000,0.244140625,78.61328125,0.01656412037491504,43.45703125,0.05652395713507706,0.5527950310559007
14.92,5,0,L23E,1000.0,300000,0.244140625,77.880859375,0.02649108668816777,36.62109375,0.12194602880047097,0.4702194357366771
14.92,5,1,L23I,1000.0,300000,0.244140625,80.322265625,0.018398421752850207,35.888671875,0.14116868590963677,0.44680851063829785
14.92,5,2,L4E,1000.0,300000,0.244140625,79.58984375,0.09214388166317093,35.888671875,0.35553951910599935,0.450920245398773
14.92,5,3,L4I,1000.0,300000,0.244140625,79.1015625,0.029986547309348053,36.1328125,0.10221416118065506,0.4567901234567901
14.92,5,4,L5E,1000.0,300000,0.244140625,76.66015625,0.02699378333537072,40.0390625,0.09889791507021561,0.5222929936305732
14.92,5,5,L5I,1000.0,300000,0.244140625,79.345703125,0.0077383907084859,39.306640625,0.02649226516501821,0.49538461538461537
14.92,5,6,L6E,1000.0,300000,0.244140625,75.927734375,0.0017238368374543418,39.55078125,0.005633830444684611,0.5209003215434084
14.92,5,7,L6I,1000.0,300000,0.244140625,80.56640625,0.017754157913894727,42.724609375,0.06185777693432816,0.5303030303030303
14.92,6,0,L23E,1000.0,300000,0.244140625,78.369140625,0.024027726631772325,42.724609375,0.08599274896161237,0.5451713395638629
14.92,6,1,L23I,1000.0,300000,0.244140625,76.66015625,0.020256868289152016,37.59765625,0.12604759592521345,0.49044585987261147
14.92,6,2,L4E,1000.0,300000,0.244140625,82.51953125,0.07881929715699276,41.50390625,0.3098743339889936,0.5029585798816568
14.92,6,3,L4I,1000.0,300000,0.244140625,78.125,0.02900542476306604,38.330078125,0.09767069822724814,0.490625
14.92,6,4,L5E,1000.0,300000,0.244140625,78.857421875,0.02772630768455273,36.62109375,0.13374692414109277,0.46439628482972134
14.92,6,5,L5I,1000.0,300000,0.244140625,82.51953125,0.0075967848855167846,38.0859375,0.0279962484127903,0.46153846153846156
14.92,6,6,L6E,1000.0,300000,0.244140625,82.275390625,0.0014509986164958607,42.724609375,0.00618074492637108,0.5192878338278932
14.92,6,7,L6I,1000.0,300000,0.244140625,76.171875,0.021132237689452712,39.0625,0.07024157696970498,0.5128205128205128
14.92,7,0,L23E,1000.0,300000,0.244140625,77.880859375,0.023825567375177367,36.1328125,0.16865801534449443,0.46394984326018807
14.92,7,1,L23I,1000.0,300000,0.244140625,78.125,0.020829897657673686,42.236328125,0.09114693723274948,0.540625
14.92,7,2,L4E,1000.0,300000,0.244140625,81.54296875,0.0818602792472872,36.1328125,0.3657207443200775,0.4431137724550898
14.92,7,3,L4I,1000.0,300000,0.244140625,81.0546875,0.023717779933782396,37.841796875,0.10609773407206932,0.46686746987951805
14.92,7,4,L5E,1000.0,300000,0.244140625,79.58984375,0.026444324081202345,42.96875,0.08623840681131408,0.5398773006134969
14.92,7,5,L5I,1000.0,300000,0.244140625,79.58984375,0.007666912763021707,41.50390625,0.029321493593890004,0.5214723926380368
14.92,7,6,L6E,1000.0,300000,0.244140625,80.56640625,0.0014276334568557856,35.888671875,0.005256174805945769,0.44545454545454544
14.92,7,7,L6I,1000.0,300000,0.244140625,76.416015625,0.0225164233218646,40.52734375,0.07159757064632272,0.5303514376996805
14.92,8,0,L23E,1000.0,300000,0.244140625,83.251953125,0.01775378727190799,41.259765625,0.07134494777066677,0.49560117302052786
14.92,8,1,L23I,1000.0,300000,0.244140625,81.298828125,0.01601390713873601,41.259765625,0.07683530958425877,0.5075075075075075
14.92,8,2,L4E,1000.0,300000,0.244140625,76.66015625,0.08352861600589255,38.330078125,0.29904612093348354,0.5
14.92,8,3,L4I,1000.0,300000,0.244140625,82.03125,0.02200274064775173,41.748046875,0.08463193259513864,0.5089285714285714
14.92,8,4,L5E,1000.0,300000,0.244140625,76.171875,0.02754187013731265,43.9453125,0.0715635609152297,0.5769230769230769
14.92,8,5,L5I,1000.0,300000,0.244140625,81.0546875,0.007216777096642792,41.259765625,0.02610797549102947,0.5090361445783133
14.92,8,6,L6E,1000.0,300000,0.244140625,78.857421875,0.00188770344809522,37.353515625,0.0059084770291140416,0.47368421052631576
14.92,8,7,L6I,1000.0,300000,0.244140625,76.66015625,0.017876885945576862,42.96875,0.05997602901702535,0.5605095541401274
14.92,9,0,L23E,1000.0,300000,0.244140625,81.787109375,0.02375426829032212,38.0859375,0.10913701741460635,0.46567164179104475
14.92,9,1,L23I,1000.0,300000,0.244140625,80.810546875,0.016589318930685625,36.376953125,0.133704793001553,0.4501510574018127
14.92,9,2,L4E,1000.0,300000,0.244140625,78.125,0.08910701760905662,35.64453125,0.33518921662734735,0.45625
14.92,9,3,L4I,1000.0,300000,0.244140625,79.1015625,0.027373517966240893,38.0859375,0.09999584375905039,0.48148148148148145
14.92,9,4,L5E,1000.0,300000,0.244140625,83.251953125,0.021329832126793607,39.55078125,0.10630554785573461,0.4750733137829912
14.92,9,5,L5I,1000.0,300000,0.244140625,82.275390625,0.006696809663191884,42.724609375,0.026864647397280277,0.5192878338278932
14.92,9,6,L6E,1000.0,300000,0.244140625,76.904296875,0.0016411434280405974,41.50390625,0.00569782773791067,0.5396825396825397
14.92,9,7,L6I,1000.0,300000,0.244140625,78.125,0.020958568996376506,40.771484375,0.06560714720258831,0.521875
15.17,0,0,L23E,1000.0,300000,0.244140625,76.416015625,0.028938925282037876,42.236328125,0.1016335242283998,0.5527156549520766
15.17,0,1,L23I,1000.0,300000,0.244140625,81.54296875,0.01874940065272289,35.400390625,0.1955056626712063,0.4341317365269461
15.17,0,2,L4E,1000.0,300000,0.244140625,78.857421875,0.0885976195035218,39.794921875,0.31959877464324854,0.5046439628482973
15.17,0,3,L4I,1000.0,300000,0.244140625,76.416015625,0.0339836420215874,37.59765625,0.10790392378333305,0.49201277955271566
15.17,0,4,L5E,1000.0,300000,0.244140625,77.1484375,0.0344120303859381,36.376953125,0.17258008642331302,0.47151898734177217
15.17,0,5,L5I,1000.0,300000,0.244140625,77.392578125,0.008585107125866335,43.45703125,0.02641578357886106,0.5615141955835962
15.17,0,6,L6E,1000.0,300000,0.244140625,77.880859375,0.001766493567238573,41.015625,0.005159226346943191,0.5266457680250783
15.17,0,7,L6I,1000.0,300000,0.244140625,79.833984375,0.02022661233955245,39.55078125,0.06693926602395044,0.4954128440366973
15.17,1,0,L23E,1000.0,300000,0.244140625,78.857421875,0.024951645419999665,38.330078125,0.10055021022966192,0.48606811145510836
15.17,1,1,L23I,1000.0,300000,0.244140625,75.927734375,0.019757100796716547,35.64453125,0.13723511719194528,0.4694533762057878
15.17,1,2,L4E,1000.0,300000,0.244140625,78.61328125,0.07978413221822271,36.865234375,0.2909228636583933,0.468944099378882
15.17,1,3,L4I,1000.0,300000,0.244140625,82.03125,0.021241786174071096,42.48046875,0.08807197316948753,0.5178571428571429
15.17,1,4,L5E,1000.0,300000,0.244140625,80.810546875,0.021654217655723333,43.212890625,0.08011002632999868,0.5347432024169184
15.17,1,5,L5I,1000.0,300000,0.244140625,76.416015625,0.007801675290264827,38.0859375,0.025716098046843775,0.4984025559105431
15.17,1,6,L6E,1000.0,300000,0.244140625,76.171875,0.0022644790903221627,37.59765625,0.006418561078756531,0.4935897435897436
15.17,1,7,L6I,1000.0,300000,0.244140625,77.63671875,0.01796468470249984,36.865234375,0.06130657929123706,0.4748427672955975
15.17,2,0,L23E,1000.0,300000,0.244140625,81.787109375,0.022828816859906544,42.96875,0.08463743352695839,0.5253731343283582
15.17,2,1,L23I,1000.0,300000,0.244140625,78.61328125,0.020619684110011766,40.283203125,0.09245050352153793,0.5124223602484472
15.17,2,2,L4E,1000.0,300000,0.244140625,76.416015625,0.10125424817866589,41.259765625,0.2802950132743356,0.5399361022364217
15.17,2,3,L4I,1000.0,300000,0.244140625,77.63671875,0.029895780582718492,42.48046875,0.09368894531614501,0.5471698113207547
15.17,2,4,L5E,1000.0,300000,0.244140625,76.904296875,0.02784092088279761,42.96875,0.08758656602939606,0.5587301587301587
15.17,2,5,L5I,1000.0,300000,0.244140625,76.66015625,0.00858075315700347,39.306640625,0.02907776214537792,0.5127388535031847
15.17,2,6,L6E,1000.0,300000,0.244140625,75.439453125,0.0018251787044429957,36.62109375,0.005362219510691867,0.4854368932038835
15.17,2,7,L6I,1000.0,300000,0.244140625,75.927734375,0.02524976084000071,40.771484375,0.06656994577405421,0.5369774919614148
15.17,3,0,L23E,1000.0,300000,0.244140625,76.904296875,0.027116704102557787,35.400390625,0.13965683741613694,0.4603174603174603
15.17,3,1,L23I,1000.0,300000,0.244140625,80.810546875,0.020369513598538492,37.353515625,0.12509496725952174,0.4622356495468278
15.17,3,2,L4E,1000.0,300000,0.244140625,79.833984375,0.08793420211568669,37.109375,0.32502254343150955,0.4648318042813456
15.17,3,3,L4I,1000.0,300000,0.244140625,77.1484375,0.029862040390880137,43.701171875,0.08999019474594168,0.5664556962025317
15.17,3,4,L5E,1000.0,300000,0.244140625,76.904296875,0.03158200225941894,37.841796875,0.13062750419199906,0.49206349206349204
15.17,3,5,L5I,1000.0,300000,0.244140625,79.58984375,0.008607447547586739,38.330078125,0.031740099059097054,0.4815950920245399
15.17,3,6,L6E,1000.0,300000,0.244140625,82.763671875,0.0014923608114298906,37.109375,0.005297402102916576,0.44837758112094395
15.17,3,7,L6I,1000.0,300000,0.244140625,81.787109375,0.01700307279259502,41.015625,0.06721935335657109,0.5014925373134328
15.17,4,0,L23E,1000.0,300000,0.244140625,75.68359375,0.029378274309320194,40.283203125,0.09992206744473317,0.532258064516129
15.17,4,1,L23I,1000.0,300000,0.244140625,77.63671875,0.02269978695318459,39.794921875,0.11224837621588445,0.5125786163522013
15.17,4,2,L4E,1000.0,300000,0.244140625,79.58984375,0.09253741189393455,38.57421875,0.3064201940772097,0.48466257668711654
15.17,4,3,L4I,1000.0,300000,0.244140625,82.763671875,0.027516642110336456,35.888671875,0.10735690682401293,0.4336283185840708
15.17,4,4,L5E,1000.0,300000,0.244140625,81.0546875,0.02517588904978592,36.62109375,0.13991336057508483,0.45180722891566266
15.17,4,5,L5I,1000.0,300000,0.244140625,77.1484375,0.00870000920042637,37.109375,0.029653021396265047,0.4810126582278481
15.17,4,6,L6E,1000.0,300000,0.244140625,82.03125,0.0016879196406986267,38.330078125,0.004945074015151593,0.46726190476190477
15.17,4,7,L6I,1000.0,300000,0.244140625,81.54296875,0.01908875771782503,41.748046875,0.07173875493267663,0.5119760479041916
15.17,5,0,L23E,1000.0,300000,0.244140625,79.345703125,0.023795109778482346,38.0859375,0.0925869608933115,0.48
15.17,5,1,L23I,1000.0,300000,0.244140625,79.833984375,0.021161033174964747,36.865234375,0.14279287279677375,0.4617737003058104
15.17,5,2,L4E,1000.0,300000,0.244140625,76.904296875,0.08460680434435257,42.724609375,0.25299608851599437,0.5555555555555556
15.17,5,3,L4I,1000.0,300000,0.244140625,80.078125,0.026504478746128077,43.701171875,0.09479360921761353,0.5457317073170732
15.17,5,4,L5E,1000.0,300000,0.244140625,80.810546875,0.023943629672007978,36.62109375,0.13873604872314216,0.45317220543806647
15.17,5,5,L5I,1000.0,300000,0.244140625,75.68359375,0.008959849711553102,42.724609375,0.023660865058288013,0.5645161290322581
15.17,5,6,L6E,1000.0,300000,0.244140625,75.927734375,0.0021408220074326098,39.794921875,0.005827540192957024,0.5241157556270096
15.17,5,7,L6I,1000.0,300000,0.244140625,79.345703125,0.018083582742653006,39.0625,0.06430776868734189,0.49230769230769234
15.17,6,0,L23E,1000.0,300000,0.244140625,80.56640625,0.020691100948320412,38.818359375,0.10616117810122574,0.4818181818181818
15.17,6,1,L23I,1000.0,300000,0.244140625,78.61328125,0.01765782151510328,36.62109375,0.12501721503531046,0.4658385093167702
15.17,6,2,L4E,1000.0,300000,0.244140625,76.904296875,0.09481655768744567,40.0390625,0.30485426660667025,0.5206349206349207
15.17,6,3,L4I,1000.0,300000,0.244140625,76.66015625,0.029456441064331557,41.9921875,0.09374579867084248,0.5477707006369427
15.17,6,4,L5E,1000.0,300000,0.244140625,81.0546875,0.02505643438694771,41.50390625,0.08834969534015574,0.5120481927710844
15.17,6,5,L5I,1000.0,300000,0.244140625,77.392578125,0.008043393740807047,37.841796875,0.023881069883256417,0.4889589905362776
15.17,6,6,L6E,1000.0,300000,0.244140625,77.63671875,0.0017856282829810677,42.236328125,0.005397653453468825,0.5440251572327044
15.17,6,7,L6I,1000.0,300000,0.244140625,82.275390625,0.016969970568736496,39.55078125,0.06602885918112193,0.4807121661721068
15.17,7,0,L23E,1000.0,300000,0.244140625,81.787109375,0.022796230621681776,36.865234375,0.12594866721810857,0.4507462686567164
15.17,7,1,L23I,1000.0,300000,0.244140625,77.392578125,0.022576526634324225,37.109375,0.13673781272399796,0.4794952681388013
15.17,7,2,L4E,1000.0,300000,0.244140625,79.345703125,0.0873261140774157,43.9453125,0.29529264733362864,0.5538461538461539
15.17,7,3,L4I,1000.0,300000,0.244140625,82.03125,0.023989464596245312,38.0859375,0.10637709420769677,0.4642857142857143
15.17,7,4,L5E,1000.0,300000,0.244140625,77.1484375,0.027994196272257216,35.64453125,0.1415978784784926,0.4620253164556962
15.17,7,5,L5I,1000.0,300000,0.244140625,81.0546875,0.007447760515566534,36.865234375,0.02727271084526329,0.45481927710843373
15.17,7,6,L6E,1000.0,300000,0.244140625,77.392578125,0.0018419862375979414,42.48046875,0.005727780429548429,0.5488958990536278
15.17,7,7,L6I,1000.0,300000,0.244140625,79.58984375,0.01789204218951171,39.0625,0.06305126888860967,0.49079754601226994
15.17,8,0,L23E,1000.0,300000,0.244140625,78.61328125,0.023151473266247093,36.1328125,0.13004167578712272,0.45962732919254656
15.17,8,1,L23I,1000.0,300000,0.244140625,75.927734375,0.023077558546847027,37.353515625,0.12908466291597512,0.4919614147909968
15.17,8,2,L4E,1000.0,300000,0.244140625,77.880859375,0.09090678345665969,38.330078125,0.2903685704136786,0.49216300940438873
15.17,8,3,L4I,1000.0,300000,0.244140625,79.833984375,0.02738264529801909,37.841796875,0.09818578240063733,0.4740061162079511
15.17,8,4,L5E,1000.0,300000,0.244140625,81.298828125,0.019954895697698125,40.771484375,0.10576174539051221,0.5015015015015015
15.17,8,5,L5I,1000.0,300000,0.244140625,78.125,0.008405354944592353,41.259765625,0.027315210517985977,0.528125
15.17,8,6,L6E,1000.0,300000,0.244140625,76.66015625,0.0018859423249220836,40.283203125,0.004879468456222765,0.5254777070063694
15.17,8,7,L6I,1000.0,300000,0.244140625,78.125,0.020038137103991677,37.109375,0.06605216474954106,0.475
15.17,9,0,L23E,1000.0,300000,0.244140625,79.345703125,0.021538436166202785,40.283203125,0.0802429889504683,0.5076923076923077
15.17,9,1,L23I,1000.0,300000,0.244140625,80.56640625,0.015280553375527618,40.0390625,0.07860540362762267,0.49696969696969695
15.17,9,2,L4E,1000.0,300000,0.244140625,77.880859375,0.07870537291248848,37.353515625,0.2928692661230398,0.47962382445141066
15.17,9,3,L4I,1000.0,300000,0.244140625,82.51953125,0.01969567095045938,38.818359375,0.0904138805008167,0.47041420118343197
15.17,9,4,L5E,1000.0,300000,0.244140625,79.58984375,0.022333737725202064,41.9921875,0.08336229535141297,0.5276073619631901
15.17,9,5,L5I,1000.0,300000,0.244140625,76.66015625,0.007824149932191344,41.259765625,0.024567667956952255,0.5382165605095541
15.17,9,6,L6E,1000.0,300000,0.244140625,77.1484375,0.0021913060550375657,40.771484375,0.006736668264709094,0.5284810126582279
15.17,9,7,L6I,1000.0,300000,0.244140625,76.66015625,0.0190460438242595,38.57421875,0.0625399676390464,0.5031847133757962
15.42,0,0,L23E,1000.0,300000,0.244140625,80.078125,0.020297177926112582,35.400390625,0.12428174104992346,0.4420731707317073
15.42,0,1,L23I,1000.0,300000,0.244140625,76.904296875,0.01893188342632474,40.771484375,0.09110931479491362,0.5301587301587302
15.42,0,2,L4E,1000.0,300000,0.244140625,80.322265625,0.07489427861738995,40.52734375,0.293391151006194,0.5045592705167173
15.42,0,3,L4I,1000.0,300000,0.244140625,79.1015625,0.02735342517010396,39.794921875,0.10994184409533195,0.5030864197530864
15.42,0,4,L5E,1000.0,300000,0.244140625,79.1015625,0.028353308076213828,38.330078125,0.10266198246463645,0.4845679012345679
15.42,0,5,L5I,1000.0,300000,0.244140625,76.416015625,0.008751047471006426,38.330078125,0.02739366611983188,0.5015974440894568
15.42,0,6,L6E,1000.0,300000,0.244140625,78.61328125,0.0014751305109492925,38.57421875,0.006622842685093629,0.4906832298136646
15.42,0,7,L6I,1000.0,300000,0.244140625,75.68359375,0.023353084969473914,40.771484375,0.06359204999761117,0.5387096774193548
15.42,1,0,L23E,1000.0,300000,0.244140625,76.904296875,0.025582615505211168,38.0859375,0.08776421251030547,0.49523809523809526
15.42,1,1,L23I,1000.0,300000,0.244140625,79.58984375,0.017603143774767155,37.353515625,0.11344256777045193,0.46932515337423314
15.42,1,2,L4E,1000.0,300000,0.244140625,77.63671875,0.08649168403043256,38.330078125,0.28935586345706754,0.4937106918238994
15.42,1,3,L4I,1000.0,300000,0.244140625,82.51953125,0.021313796465101262,37.841796875,0.09801267237304945,0.45857988165680474
15.42,1,4,L5E,1000.0,300000,0.244140625,76.416015625,0.02685568747950836,39.55078125,0.09511681410359309,0.5175718849840255
15.42,1,5,L5I,1000.0,300000,0.244140625,76.904296875,0.009372386473069764,41.9921875,0.024143789796059415,0.546031746031746
15.42,1,6,L6E,1000.0,300000,0.244140625,81.298828125,0.0019601126357020435,38.0859375,0.006589553895029543,0.46846846846846846
15.42,1,7,L6I,1000.0,300000,0.244140625,83.251953125,0.015797378466236172,35.400390625,0.06609423148216306,0.4252199413489736
15.42,2,0,L23E,1000.0,300000,0.244140625,82.51953125,0.023303746518650695,39.55078125,0.09311601678700644,0.47928994082840237
15.42,2,1,L23I,1000.0,300000,0.244140625,78.369140625,0.019727778062554185,35.64453125,0.12874014760169086,0.45482866043613707
15.42,2,2,L4E,1000.0,300000,0.244140625,78.369140625,0.10114053410497133,41.015625,0.3171726784985913,0.5233644859813084
15.42,2,3,L4I,1000.0,300000,0.244140625,75.68359375,0.030967181312531095,35.64453125,0.10592980044968305,0.47096774193548385
15.42,2,4,L5E,1000.0,300000,0.244140625,76.416015625,0.030161712484360045,36.62109375,0.12862925941257458,0.4792332268370607
15.42,2,5,L5I,1000.0,300000,0.244140625,77.880859375,0.008770954364423565,36.865234375,0.028016195807264378,0.47335423197492166
15.42,2,6,L6E,1000.0,300000,0.244140625,75.927734375,0.0019774537025570526,36.865234375,0.00600562839229912,0.4855305466237942
15.42,2,7,L6I,1000.0,300000,0.244140625,79.58984375,0.019253370539661183,37.109375,0.076919792692947,0.4662576687116564
15.42,3,0,L23E,1000.0,300000,0.244140625,77.63671875,0.025842203534733283,37.841796875,0.10164908724180399,0.48742138364779874
15.42,3,1,L23I,1000.0,300000,0.244140625,81.787109375,0.018794211520413048,42.724609375,0.08756044437633746,0.5223880597014925
15.42,3,2,L4E,1000.0,300000,0.244140625,76.904296875,0.08543698911921617,38.0859375,0.29972555807627743,0.49523809523809526
15.42,3,3,L4I,1000.0,300000,0.244140625,77.63671875,0.027641848600181245,36.376953125,0.09309986533640975,0.46855345911949686
15.42,3,4,L5E,1000.0,300000,0.244140625,76.171875,0.028015678705033794,39.306640625,0.0857636721101075,0.5160256410256411
15.42,3,5,L5I,1000.0,300000,0.244140625,78.125,0.008973232195562494,40.771484375,0.024488688800080986,0.521875
15.42,3,6,L6E,1000.0,300000,0.244140625,79.1015625,0.001567405774635998,39.306640625,0.005894012861276149,0.49691358024691357
15.42,3,7,L6I,1000.0,300000,0.244140625,81.787109375,0.01828129240397108,38.57421875,0.05963802042863637,0.4716417910447761
15.42,4,0,L23E,1000.0,300000,0.244140625,81.787109375,0.020672820457690595,40.283203125,0.09295924818293295,0.4925373134328358
15.42,4,1,L23I,1000.0,300000,0.244140625,76.171875,0.01962634089149988,37.841796875,0.10120342788570952,0.4967948717948718
15.42,4,2,L4E,1000.0,300000,0.244140625,76.416015625,0.1053675069512819,39.306640625,0.2827786511760447,0.5143769968051118
15.42,4,3,L4I,1000.0,300000,0.244140625,77.63671875,0.028977303996994747,36.865234375,0.11462887824206679,0.4748427672955975
15.42,4,4,L5E,1000.0,300000,0.244140625,79.833984375,0.026111143436656038,40.52734375,0.08120972119785143,0.5076452599388379
15.42,4,5,L5I,1000.0,300000,0.244140625,77.63671875,0.008532785488787883,39.55078125,0.02498735145664891,0.5094339622641509
15.42,4,6,L6E,1000.0,300000,0.244140625,82.51953125,0.001480879667228345,38.818359375,0.005832106188826939,0.47041420118343197
15.42,4,7,L6I,1000.0,300000,0.244140625,80.56640625,0.016913435521508844,36.865234375,0.07110170680264052,0.4575757575757576
15.42,5,0,L23E,1000.0,300000,0.244140625,81.298828125,0.024675801983207592,37.841796875,0.11161337930292917,0.46546546546546547
15.42,5,1,L23I,1000.0,300000,0.244140625,78.125,0.02031677289720105,39.794921875,0.12399976910314883,0.509375
15.42,5,2,L4E,1000.0,300000,0.244140625,81.54296875,0.07873289877271689,37.109375,0.34424657432727684,0.4550898203592814
15.42,5,3,L4I,1000.0,300000,0.244140625,77.1484375,0.028550561540224655,40.52734375,0.10190635206336353,0.5253164556962026
15.42,5,4,L5E,1000.0,300000,0.244140625,76.66015625,0.027588644906235766,38.818359375,0.12288644802197432,0.5063694267515924
15.42,5,5,L5I,1000.0,300000,0.244140625,80.56640625,0.007622251528740332,42.48046875,0.03060363577893597,0.5272727272727272
15.42,5,6,L6E,1000.0,300000,0.244140625,79.1015625,0.0016716852138234544,43.701171875,0.005242925855973612,0.5524691358024691
15.42,5,7,L6I,1000.0,300000,0.244140625,78.857421875,0.02020357790916868,42.96875,0.0690930283446598,0.544891640866873
15.42,6,0,L23E,1000.0,300000,0.244140625,78.125,0.022566455989862375,37.353515625,0.08089335717340895,0.478125
15.42,6,1,L23I,1000.0,300000,0.244140625,75.68359375,0.0212180013609744,39.306640625,0.09553613336931202,0.5193548387096775
15.42,6,2,L4E,1000.0,300000,0.244140625,83.251953125,0.05850829670137651,35.64453125,0.29994122487919556,0.4281524926686217
15.42,6,3,L4I,1000.0,300000,0.244140625,77.1484375,0.024484582023478463,40.52734375,0.07826858166836939,0.5253164556962026
15.42,6,4,L5E,1000.0,300000,0.244140625,77.392578125,0.026123062074714234,38.818359375,0.09902163293835474,0.501577287066246
15.42,6,5,L5I,1000.0,300000,0.244140625,76.66015625,0.007899529452875432,40.0390625,0.025259814885497268,0.5222929936305732
15.42,6,6,L6E,1000.0,300000,0.244140625,82.03125,0.0017180327782413515,43.701171875,0.006317836091325766,0.5327380952380952
15.42,6,7,L6I,1000.0,300000,0.244140625,76.416015625,0.020854043324171335,38.330078125,0.06274739417730188,0.5015974440894568
15.42,7,0,L23E,1000.0,300000,0.244140625,78.125,0.023206308156909543,38.330078125,0.13050647514402702,0.490625
15.42,7,1,L23I,1000.0,300000,0.244140625,82.275390625,0.018803989572512902,43.212890625,0.09438156168983301,0.5252225519287834
15.42,7,2,L4E,1000.0,300000,0.244140625,82.03125,0.0799223523619301,38.330078125,0.35975740737673223,0.46726190476190477
15.42,7,3,L4I,1000.0,300000,0.244140625,78.61328125,0.031082518553150397,35.64453125,0.12816611293316074,0.453416149068323
15.42,7,4,L5E,1000.0,300000,0.244140625,78.125,0.0297684372614492,36.1328125,0.17254199622907365,0.4625
15.42,7,5,L5I,1000.0,300000,0.244140625,78.369140625,0.008775436745851144,41.259765625,0.030873647542965302,0.5264797507788161
15.42,7,6,L6E,1000.0,300000,0.244140625,78.125,0.0014833981473252572,40.0390625,0.004186492684933295,0.5125
15.42,7,7,L6I,1000.0,300000,0.244140625,75.68359375,0.026344529010870033,39.794921875,0.0736302831158686,0.5258064516129032
15.42,8,0,L23E,1000.0,300000,0.244140625,80.078125,0.022562554996705866,36.865234375,0.09198097195773126,0.4603658536585366
15.42,8,1,L23I,1000.0,300000,0.244140625,80.078125,0.016602969167691984,40.283203125,0.09404883016858936,0.5030487804878049
15.42,8,2,L4E,1000.0,300000,0.244140625,76.416015625,0.08884174626825861,35.64453125,0.31720329029716127,0.46645367412140576
15.42,8,3,L4I,1000.0,300000,0.244140625,75.68359375,0.03265401502869232,42.96875,0.0778696430956376,0.567741935483871
15.42,8,4,L5E,1000.0,300000,0.244140625,76.904296875,0.026857576574477092,38.57421875,0.0896886197161995,0.5015873015873016
15.42,8,5,L5I,1000.0,300000,0.244140625,79.833984375,0.006924832169099189,37.841796875,0.02670207617099592,0.4740061162079511
15.42,8,6,L6E,1000.0,300000,0.244140625,77.392578125,0.0021254442087800174,42.236328125,0.005831426322516062,0.5457413249211357
15.42,8,7,L6I,1000.0,300000,0.244140625,77.63671875,0.017633565201991892,43.45703125,0.054806857159177394,0.559748427672956
15.42,9,0,L23E,1000.0,300000,0.244140625,80.56640625,0.021492999909128514,36.865234375,0.12957803468765433,0.4575757575757576
15.42,9,1,L23I,1000.0,300000,0.244140625,81.787109375,0.016918135414445385,41.015625,0.09579985151335164,0.5014925373134328
15.42,9,2,L4E,1000.0,300000,0.244140625,80.56640625,0.08029464328332954,40.283203125,0.2987593930368759,0.5
15.42,9,3,L4I,1000.0,300000,0.244140625,75.927734375,0.03207746974353529,44.43359375,0.09051957583314138,0.5852090032154341
15.42,9,4,L5E,1000.0,300000,0.244140625,84.47265625,0.02303752814256527,43.701171875,0.09123962389413674,0.5173410404624278
15.42,9,5,L5I,1000.0,300000,0.244140625,75.68359375,0.008241057555602348,41.50390625,0.026156160000498942,0.5483870967741935
15.42,9,6,L6E,1000.0,300000,0.244140625,83.251953125,0.0012589043775135982,37.841796875,0.0056232540956788635,0.45454545454545453
15.42,9,7,L6I,1000.0,300000,0.244140625,76.66015625,0.021835743533165912,36.1328125,0.07383593605511247,0.4713375796178344
15.68,0,0,L23E,1000.0,300000,0.244140625,79.1015625,0.023954847267249002,35.400390625,0.15018970012327618,0.44753086419753085
15.68,0,1,L23I,1000.0,300000,0.244140625,75.927734375,0.024321236592682774,41.748046875,0.12233075091973784,0.5498392282958199
15.68,0,2,L4E,1000.0,300000,0.244140625,80.078125,0.08690167556044358,41.748046875,0.28799173457908983,0.5213414634146342
15.68,0,3,L4I,1000.0,300000,0.244140625,77.63671875,0.0331011200111003,37.353515625,0.11763917135990946,0.4811320754716981
15.68,0,4,L5E,1000.0,300000,0.244140625,78.125,0.02888896181493308,36.1328125,0.1953976572028279,0.4625
15.68,0,5,L5I,1000.0,300000,0.244140625,76.66015625,0.008906147086165437,38.818359375,0.031134824450394814,0.5063694267515924
15.68,0,6,L6E,1000.0,300000,0.244140625,75.439453125,0.0018420397957573293,39.306640625,0.005729353672659767,0.5210355987055016
15.68,0,7,L6I,1000.0,300000,0.244140625,76.66015625,0.02412878774773822,38.0859375,0.07647601339753465,0.4968152866242038
15.68,1,0,L23E,1000.0,300000,0.244140625,82.763671875,0.02500372500341203,38.57421875,0.10186742878576568,0.46607669616519176
15.68,1,1,L23I,1000.0,300000,0.244140625,75.439453125,0.026384650253599883,43.701171875,0.09116102661628751,0.5792880258899676
15.68,1,2,L4E,1000.0,300000,0.244140625,78.61328125,0.0840095768479199,37.59765625,0.37309322097289405,0.4782608695652174
15.68,1,3,L4I,1000.0,300000,0.244140625,78.857421875,0.02732668871574151,37.841796875,0.1070652804658966,0.47987616099071206
15.68,1,4,L5E,1000.0,300000,0.244140625,76.171875,0.03225370002289027,36.376953125,0.1587807610156023,0.4775641025641026
15.68,1,5,L5I,1000.0,300000,0.244140625,80.078125,0.007483280414558315,36.62109375,0.030864816619436273,0.4573170731707317
15.68,1,6,L6E,1000.0,300000,0.244140625,76.904296875,0.001826736325951188,40.283203125,0.006040777921914455,0.5238095238095238
15.68,1,7,L6I,1000.0,300000,0.244140625,78.125,0.022581375358649305,42.724609375,0.07296671046557149,0.546875
15.68,2,0,L23E,1000.0,300000,0.244140625,79.58984375,0.023149033853977888,36.865234375,0.12404068834131039,0.46319018404907975
15.68,2,1,L23I,1000.0,300000,0.244140625,77.392578125,0.02250159558832852,38.57421875,0.1385203507470184,0.49842271293375395
15.68,2,2,L4E,1000.0,300000,0.244140625,82.763671875,0.07635676095621063,35.64453125,0.42140460964265003,0.4306784660766962
15.68,2,3,L4I,1000.0,300000,0.244140625,78.369140625,0.029544305800595298,37.59765625,0.11021592230492434,0.4797507788161994
15.68,2,4,L5E,1000.0,300000,0.244140625,76.66015625,0.030226855749673487,41.50390625,0.12416087225205351,0.5414012738853503
15.68,2,5,L5I,1000.0,300000,0.244140625,77.63671875,0.00975813808782609,40.283203125,0.028217740210852285,0.5188679245283019
15.68,2,6,L6E,1000.0,300000,0.244140625,80.810546875,0.0014281677438786975,41.748046875,0.004831272995329898,0.5166163141993958
15.68,2,7,L6I,1000.0,300000,0.244140625,77.880859375,0.020037483583037866,40.52734375,0.07095233349142994,0.5203761755485894
15.68,3,0,L23E,1000.0,300000,0.244140625,77.880859375,0.024423120136500127,38.818359375,0.09448411469433474,0.49843260188087773
15.68,3,1,L23I,1000.0,300000,0.244140625,76.416015625,0.021708660614911876,35.64453125,0.17318011219183405,0.46645367412140576
15.68,3,2,L4E,1000.0,300000,0.244140625,78.369140625,0.09027824921740119,37.59765625,0.3285463821343165,0.4797507788161994
15.68,3,3,L4I,1000.0,300000,0.244140625,82.03125,0.02392838124213045,39.306640625,0.09604936273771712,0.4791666666666667
15.68,3,4,L5E,1000.0,300000,0.244140625,76.66015625,0.030907493712086336,38.0859375,0.11066302166759932,0.4968152866242038
15.68,3,5,L5I,1000.0,300000,0.244140625,79.345703125,0.008059821461507606,38.57421875,0.028429499558135157,0.48615384615384616
15.68,3,6,L6E,1000.0,300000,0.244140625,76.66015625,0.0017253221628321042,35.888671875,0.006206331140109731,0.4681528662420382
15.68,3,7,L6I,1000.0,300000,0.244140625,81.54296875,0.018425774378747442,41.9921875,0.062402490582191085,0.5149700598802395
15.68,4,0,L23E,1000.0,300000,0.244140625,76.66015625,0.024372151524563474,35.64453125,0.13498006065949203,0.46496815286624205
15.68,4,1,L23I,1000.0,300000,0.244140625,77.392578125,0.018876234365629872,37.59765625,0.1235369188711927,0.48580441640378547
15.68,4,2,L4E,1000.0,300000,0.244140625,80.56640625,0.09496392819259228,44.189453125,0.2697767490658288,0.5484848484848485
15.68,4,3,L4I,1000.0,300000,0.244140625,80.322265625,0.028181140638357978,39.306640625,0.1070525194505759,0.48936170212765956
15.68,4,4,L5E,1000.0,300000,0.244140625,76.904296875,0.027218119127519043,39.55078125,0.10229320540689263,0.5142857142857142
15.68,4,5,L5I,1000.0,300000,0.244140625,77.880859375,0.008872217500002692,39.306640625,0.026582702038276555,0.5047021943573667
15.68,4,6,L6E,1000.0,300000,0.244140625,84.47265625,0.0012804714859967275,42.96875,0.0053856886342259795,0.5086705202312138
15.68,4,7,L6I,1000.0,300000,0.244140625,76.416015625,0.022082495409161695,37.59765625,0.07146151537522799,0.49201277955271566
15.68,5,0,L23E,1000.0,300000,0.244140625,77.880859375,0.022451220725422827,39.0625,0.07442663092158947,0.5015673981191222
15.68,5,1,L23I,1000.0,300000,0.244140625,78.369140625,0.016767240186233896,40.0390625,0.05159686717761044,0.5109034267912772
15.68,5,2,L4E,1000.0,300000,0.244140625,77.880859375,0.08006843148504739,36.865234375,0.2585900072129212,0.47335423197492166
15.68,5,3,L4I,1000.0,300000,0.244140625,78.61328125,0.025178368876931204,41.50390625,0.06818953691704638,0.5279503105590062
15.68,5,4,L5E,1000.0,300000,0.244140625,78.125,0.022195098804381443,36.865234375,0.0787640132509863,0.471875
15.68,5,5,L5I,1000.0,300000,0.244140625,77.1484375,0.007869790379617918,36.865234375,0.025900938520045366,0.4778481012658228
15.68,5,6,L6E,1000.0,300000,0.244140625,83.251953125,0.0017695192729444674,39.55078125,0.007205900196906935,0.4750733137829912
15.68,5,7,L6I,1000.0,300000,0.244140625,77.63671875,0.01615883936664967,39.55078125,0.05068190980420266,0.5094339622641509
15.68,6,0,L23E,1000.0,300000,0.244140625,80.078125,0.025972095718443527,41.50390625,0.10046043209860259,0.5182926829268293
15.68,6,1,L23I,1000.0,300000,0.244140625,77.392578125,0.02200795805905127,38.330078125,0.16033607898841953,0.4952681388012618
15.68,6,2,L4E,1000.0,300000,0.244140625,81.54296875,0.08109953364167583,35.400390625,0.4121285141698636,0.4341317365269461
15.68,6,3,L4I,1000.0,300000,0.244140625,81.298828125,0.028857252089582754,37.353515625,0.11391238643261188,0.4594594594594595
15.68,6,4,L5E,1000.0,300000,0.244140625,76.904296875,0.03556115099732939,35.888671875,0.16324206471066663,0.4666666666666667
15.68,6,5,L5I,1000.0,300000,0.244140625,77.880859375,0.009483971315418485,40.52734375,0.03341377723538074,0.5203761755485894
15.68,6,6,L6E,1000.0,300000,0.244140625,78.125,0.0013992651777317707,39.794921875,0.004837709386079679,0.509375
15.68,6,7,L6I,1000.0,300000,0.244140625,80.078125,0.02078237374450502,38.818359375,0.07099824130156487,0.4847560975609756
15.68,7,0,L23E,1000.0,300000,0.244140625,75.68359375,0.022400401229410533,35.888671875,0.07649266962158774,0.47419354838709676
15.68,7,1,L23I,1000.0,300000,0.244140625,79.1015625,0.015160348239497478,36.376953125,0.07352743721702887,0.45987654320987653
15.68,7,2,L4E,1000.0,300000,0.244140625,78.369140625,0.07444467819719135,42.724609375,0.24179340697375704,0.5451713395638629
15.68,7,3,L4I,1000.0,300000,0.244140625,76.66015625,0.025246256379125143,35.64453125,0.08341422087393938,0.46496815286624205
15.68,7,4,L5E,1000.0,300000,0.244140625,77.63671875,0.022305993205625478,43.9453125,0.06909285172651321,0.5660377358490566
15.68,7,5,L5I,1000.0,300000,0.244140625,77.392578125,0.006726961715670616,35.64453125,0.025922642665246,0.4605678233438486
15.68,7,6,L6E,1000.0,300000,0.244140625,80.810546875,0.0019776748973006778,37.59765625,0.007532315667068652,0.4652567975830816
15.68,7,7,L6I,1000.0,300000,0.244140625,78.125,0.017791255762512666,38.0859375,0.055240540468863966,0.4875
15.68,8,0,L23E,1000.0,300000,0.244140625,81.54296875,0.02661578187314371,38.0859375,0.12411058100743559,0.46706586826347307
15.68,8,1,L23I,1000.0,300000,0.244140625,81.0546875,0.019630837415367444,39.794921875,0.11204108501862144,0.49096385542168675
15.68,8,2,L4E,1000.0,300000,0.244140625,78.125,0.09130130417151444,39.306640625,0.3149425542842884,0.503125
15.68,8,3,L4I,1000.0,300000,0.244140625,80.322265625,0.025570444737604524,38.0859375,0.1038464055319632,0.47416413373860183
15.68,8,4,L5E,1000.0,300000,0.244140625,76.416015625,0.03024886034441987,39.0625,0.11749274013775632,0.5111821086261981
15.68,8,5,L5I,1000.0,300000,0.244140625,80.810546875,0.007510780349390897,41.015625,0.02687183876680491,0.5075528700906344
15.68,8,6,L6E,1000.0,300000,0.244140625,82.51953125,0.0012825564029482301,41.015625,0.005115250117887549,0.4970414201183432
15.68,8,7,L6I,1000.0,300000,0.244140625,78.125,0.020647571344508998,40.0390625,0.06419065522050682,0.5125
15.68,9,0,L23E,1000.0,300000,0.244140625,78.61328125,0.021863743979227294,42.48046875,0.07324805782598173,0.5403726708074534
15.68,9,1,L23I,1000.0,300000,0.244140625,81.54296875,0.014579910179882312,38.330078125,0.0831515192004056,0.47005988023952094
15.68,9,2,L4E,1000.0,300000,0.244140625,79.1015625,0.0703359892625588,37.353515625,0.2843314130288179,0.4722222222222222
15.68,9,3,L4I,1000.0,300000,0.244140625,77.392578125,0.02840327682051244,39.55078125,0.07829290680635168,0.5110410094637224
15.68,9,4,L5E,1000.0,300000,0.244140625,80.810546875,0.019875269407810457,35.64453125,0.11055199385567992,0.44108761329305135
15.68,9,5,L5I,1000.0,300000,0.244140625,79.345703125,0.007081432548919244,36.1328125,0.027364722313503176,0.4553846153846154
15.68,9,6,L6E,1000.0,300000,0.244140625,76.66015625,0.00193955325797984,40.771484375,0.00636646984858527,0.5318471337579618
15.68,9,7,L6I,1000.0,300000,0.244140625,78.369140625,0.018016131495054065,37.109375,0.0622159514957144,0.4735202492211838
15.93,0,0,L23E,1000.0,300000,0.244140625,79.833984375,0.022305035218037617,37.109375,0.14401278564793618,0.4648318042813456
15.93,0,1,L23I,1000.0,300000,0.244140625,76.66015625,0.022056354905021894,40.0390625,0.10729919788780971,0.5222929936305732
15.93,0,2,L4E,1000.0,300000,0.244140625,75.927734375,0.10770456252760782,37.59765625,0.3657952594766746,0.49517684887459806
15.93,0,3,L4I,1000.0,300000,0.244140625,76.171875,0.03249005194442138,43.212890625,0.1020450070375209,0.5673076923076923
15.93,0,4,L5E,1000.0,300000,0.244140625,78.61328125,0.028404514963788177,43.212890625,0.10412658706862948,0.5496894409937888
15.93,0,5,L5I,1000.0,300000,0.244140625,77.392578125,0.00942447265106724,37.841796875,0.03050797024227313,0.4889589905362776
15.93,0,6,L6E,1000.0,300000,0.244140625,75.439453125,0.0016827739695867102,37.59765625,0.005100403868240221,0.49838187702265374
15.93,0,7,L6I,1000.0,300000,0.244140625,76.66015625,0.023278809631857297,41.9921875,0.07238744413094113,0.5477707006369427
15.93,1,0,L23E,1000.0,300000,0.244140625,82.275390625,0.019657294439501923,42.724609375,0.09103083244698115,0.5192878338278932
15.93,1,1,L23I,1000.0,300000,0.244140625,82.03125,0.018418434895478356,35.64453125,0.18515866812021528,0.43452380952380953
15.93,1,2,L4E,1000.0,300000,0.244140625,79.58984375,0.10047657337987309,42.96875,0.3220855181301425,0.5398773006134969
15.93,1,3,L4I,1000.0,300000,0.244140625,79.1015625,0.029265662807131332,37.109375,0.12310649396949803,0.4691358024691358
15.93,1,4,L5E,1000.0,300000,0.244140625,81.0546875,0.023475693342808936,35.888671875,0.15279706836860898,0.4427710843373494
15.93,1,5,L5I,1000.0,300000,0.244140625,78.125,0.008759659279356001,38.57421875,0.03330621920295133,0.49375
15.93,1,6,L6E,1000.0,300000,0.244140625,79.1015625,0.0016429416912496606,39.55078125,0.005703796084900693,0.5
15.93,1,7,L6I,1000.0,300000,0.244140625,77.880859375,0.02192323599694241,38.818359375,0.07577615662174075,0.49843260188087773
15.93,2,0,L23E,1000.0,300000,0.244140625,75.68359375,0.026519276042590124,43.701171875,0.07389779665964437,0.5774193548387097
15.93,2,1,L23I,1000.0,300000,0.244140625,75.68359375,0.02146449431061688,42.236328125,0.08296629444496693,0.5580645161290323
15.93,2,2,L4E,1000.0,300000,0.244140625,83.251953125,0.07069623425678502,38.0859375,0.28956727493798157,0.4574780058651026
15.93,2,3,L4I,1000.0,300000,0.244140625,80.322265625,0.023395825518562136,38.818359375,0.09492643949592135,0.48328267477203646
15.93,2,4,L5E,1000.0,300000,0.244140625,79.833984375,0.022132535477501002,35.64453125,0.1279907831524737,0.44648318042813456
15.93,2,5,L5I,1000.0,300000,0.244140625,83.251953125,0.006302920082890178,40.0390625,0.024145908591953737,0.4809384164222874
15.93,2,6,L6E,1000.0,300000,0.244140625,76.171875,0.0020071823995973653,40.52734375,0.005701803984214151,0.532051282051282
15.93,2,7,L6I,1000.0,300000,0.244140625,75.68359375,0.022566600372951832,41.9921875,0.058475198267961735,0.5548387096774193
15.93,3,0,L23E,1000.0,300000,0.244140625,81.0546875,0.021751868085286886,40.0390625,0.08506949147237884,0.4939759036144578
15.93,3,1,L23I,1000.0,300000,0.244140625,81.54296875,0.016041799622603943,40.283203125,0.0882014883008201,0.4940119760479042
15.93,3,2,L4E,1000.0,300000,0.244140625,75.927734375,0.09761463842439091,41.748046875,0.2881889406559555,0.5498392282958199
15.93,3,3,L4I,1000.0,300000,0.244140625,83.740234375,0.0221688165466233,36.62109375,0.09725834545389314,0.43731778425655976
15.93,3,4,L5E,1000.0,300000,0.244140625,82.03125,0.021990722275837787,38.0859375,0.11484700948446719,0.4642857142857143
15.93,3,5,L5I,1000.0,300000,0.244140625,79.58984375,0.008477062465885653,42.724609375,0.02679477707755319,0.5368098159509203
15.93,3,6,L6E,1000.0,300000,0.244140625,79.833984375,0.0019065224862051028,43.701171875,0.005879939065694141,0.5474006116207951
15.93,3,7,L6I,1000.0,300000,0.244140625,78.369140625,0.01888838824292147,37.109375,0.062263825003808296,0.4735202492211838
15.93,4,0,L23E,1000.0,300000,0.244140625,82.763671875,0.023013070688309174,42.48046875,0.09606651451275766,0.5132743362831859
15.93,4,1,L23I,1000.0,300000,0.244140625,75.68359375,0.02460827635440479,39.306640625,0.14541283723358875,0.5193548387096775
15.93,4,2,L4E,1000.0,300000,0.244140625,76.171875,0.09724391986023852,38.57421875,0.34016345149262456,0.5064102564102564
15.93,4,3,L4I,1000.0,300000,0.244140625,80.810546875,0.025914956649655204,38.57421875,0.10036793036250526,0.4773413897280967
15.93,4,4,L5E,1000.0,300000,0.244140625,82.51953125,0.02365627206442311,43.45703125,0.09833356980504704,0.5266272189349113
15.93,4,5,L5I,1000.0,300000,0.244140625,76.66015625,0.0086214964329997,40.0390625,0.026490606371826448,0.5222929936305732
15.93,4,6,L6E,1000.0,300000,0.244140625,78.369140625,0.0017254679351415459,40.0390625,0.0057965261280337535,0.5109034267912772
15.93,4,7,L6I,1000.0,300000,0.244140625,78.369140625,0.019669843760601248,39.55078125,0.06525678518429101,0.5046728971962616
15.93,5,0,L23E,1000.0,300000,0.244140625,78.61328125,0.02677928398293705,42.724609375,0.10440558860327018,0.5434782608695652
15.93,5,1,L23I,1000.0,300000,0.244140625,78.857421875,0.020792781108099127,38.0859375,0.12067406627771259,0.48297213622291024
15.93,5,2,L4E,1000.0,300000,0.244140625,77.63671875,0.09132330163601877,41.259765625,0.3024024802600248,0.5314465408805031
15.93,5,3,L4I,1000.0,300000,0.244140625,77.880859375,0.029218956032732377,36.1328125,0.12234798344786882,0.46394984326018807
15.93,5,4,L5E,1000.0,300000,0.244140625,76.171875,0.03049161187926299,40.283203125,0.10738836505257729,0.5288461538461539
15.93,5,5,L5I,1000.0,300000,0.244140625,82.763671875,0.007534258560411449,36.376953125,0.02922201082883561,0.43952802359882004
15.93,5,6,L6E,1000.0,300000,0.244140625,78.61328125,0.0014675441122707935,44.189453125,0.004896492755170059,0.562111801242236
15.93,5,7,L6I,1000.0,300000,0.244140625,76.171875,0.023358920896604712,37.353515625,0.07660663205339796,0.49038461538461536
15.93,6,0,L23E,1000.0,300000,0.244140625,77.1484375,0.026364303339566086,42.724609375,0.0878572533221595,0.5537974683544303
15.93,6,1,L23I,1000.0,300000,0.244140625,77.880859375,0.020814945598174598,36.1328125,0.15367026848673432,0.46394984326018807
15.93,6,2,L4E,1000.0,300000,0.244140625,76.904296875,0.10107136216030636,41.9921875,0.29599053568042977,0.546031746031746
15.93,6,3,L4I,1000.0,300000,0.244140625,82.763671875,0.026423012048651103,37.841796875,0.1267720958614568,0.45722713864306785
15.93,6,4,L5E,1000.0,300000,0.244140625,78.369140625,0.02685800054166804,39.0625,0.11718980071749513,0.4984423676012461
15.93,6,5,L5I,1000.0,300000,0.244140625,76.66015625,0.009907741609872723,40.283203125,0.029168384588332482,0.5254777070063694
15.93,6,6,L6E,1000.0,300000,0.244140625,76.66015625,0.0017909047183057283,36.865234375,0.005465127113460532,0.48089171974522293
15.93,6,7,L6I,1000.0,300000,0.244140625,82.275390625,0.01846487537645841,42.48046875,0.06774530134175269,0.516320474777448
15.93,7,0,L23E,1000.0,300000,0.244140625,79.58984375,0.022206340197103897,36.1328125,0.1254994854245413,0.4539877300613497
15.93,7,1,L23I,1000.0,300000,0.244140625,78.369140625,0.018797978873688906,39.0625,0.11364793755028958,0.4984423676012461
15.93,7,2,L4E,1000.0,300000,0.244140625,77.63671875,0.08869757668281221,41.259765625,0.32044057112638846,0.5314465408805031
15.93,7,3,L4I,1000.0,300000,0.244140625,76.416015625,0.030584224195379938,38.0859375,0.09726826297772079,0.4984025559105431
15.93,7,4,L5E,1000.0,300000,0.244140625,76.416015625,0.030915967766917133,36.62109375,0.1387420297511554,0.4792332268370607
15.93,7,5,L5I,1000.0,300000,0.244140625,76.171875,0.008997695980584487,40.52734375,0.02712967311026179,0.532051282051282
15.93,7,6,L6E,1000.0,300000,0.244140625,77.392578125,0.0016277615518660914,43.45703125,0.004886609178614977,0.5615141955835962
15.93,7,7,L6I,1000.0,300000,0.244140625,77.392578125,0.021386754684514127,41.015625,0.0712878684241206,0.5299684542586751
15.93,8,0,L23E,1000.0,300000,0.244140625,76.66015625,0.029424625040339325,38.330078125,0.11176920479002785,0.5
15.93,8,1,L23I,1000.0,300000,0.244140625,79.345703125,0.01942599935441727,40.0390625,0.12366980530209368,0.5046153846153846
15.93,8,2,L4E,1000.0,300000,0.244140625,79.1015625,0.09097314909572131,40.0390625,0.3478291680013838,0.5061728395061729
15.93,8,3,L4I,1000.0,300000,0.244140625,77.1484375,0.033237900174585305,41.748046875,0.10229308545145467,0.5411392405063291
15.93,8,4,L5E,1000.0,300000,0.244140625,75.68359375,0.03167276463047953,39.794921875,0.11452074970495285,0.5258064516129032
15.93,8,5,L5I,1000.0,300000,0.244140625,80.810546875,0.008559044989427634,37.353515625,0.03098580964214483,0.4622356495468278
15.93,8,6,L6E,1000.0,300000,0.244140625,77.880859375,0.0018145154131600542,40.283203125,0.004981973828226625,0.5172413793103449
15.93,8,7,L6I,1000.0,300000,0.244140625,78.125,0.021126450187109545,35.888671875,0.0763756205717043,0.459375
15.93,9,0,L23E,1000.0,300000,0.244140625,79.58984375,0.02321683772518611,40.283203125,0.09152751351741589,0.5061349693251533
15.93,9,1,L23I,1000.0,300000,0.244140625,77.880859375,0.021018237322985585,41.9921875,0.07375598837984569,0.5391849529780565
15.93,9,2,L4E,1000.0,300000,0.244140625,78.857421875,0.08658141135724334,41.748046875,0.30171609029774676,0.5294117647058824
15.93,9,3,L4I,1000.0,300000,0.244140625,78.369140625,0.03386293184624133,38.818359375,0.10802583139413277,0.4953271028037383
15.93,9,4,L5E,1000.0,300000,0.244140625,81.298828125,0.025382435568654344,35.888671875,0.13725747866602897,0.44144144144144143
15.93,9,5,L5I,1000.0,300000,0.244140625,84.228515625,0.0065021490593087875,40.0390625,0.027986800243359387,0.4753623188405797
15.93,9,6,L6E,1000.0,300000,0.244140625,75.927734375,0.0016893170132772466,43.9453125,0.004884881766259528,0.5787781350482315
15.93,9,7,L6I,1000.0,300000,0.244140625,81.0546875,0.018896584225988212,41.259765625,0.06395774970393377,0.5090361445783133
16.19,0,0,L23E,1000.0,300000,0.244140625,75.927734375,0.028340151053140604,41.015625,0.09522605424355733,0.5401929260450161
16.19,0,1,L23I,1000.0,300000,0.244140625,78.125,0.02392572553863777,38.818359375,0.13602029150729414,0.496875
16.19,0,2,L4E,1000.0,300000,0.244140625,76.66015625,0.09218991091110279,36.1328125,0.41000382929488155,0.4713375796178344
16.19,0,3,L4I,1000.0,300000,0.244140625,79.58984375,0.02739498944898595,39.794921875,0.09992833559479287,0.5
16.19,0,4,L5E,1000.0,300000,0.244140625,82.03125,0.024124620633550732,40.771484375,0.13235773694367173,0.49702380952380953
16.19,0,5,L5I,1000.0,300000,0.244140625,78.61328125,0.008531548043710818,40.771484375,0.03001449484866784,0.5186335403726708
16.19,0,6,L6E,1000.0,300000,0.244140625,78.61328125,0.001593552932223914,41.9921875,0.00495580895081715,0.5341614906832298
16.19,0,7,L6I,1000.0,300000,0.244140625,75.927734375,0.022072842396994065,35.64453125,0.0858985412910505,0.4694533762057878
16.19,1,0,L23E,1000.0,300000,0.244140625,79.833984375,0.022409742102931545,36.1328125,0.12283012132329725,0.4525993883792049
16.19,1,1,L23I,1000.0,300000,0.244140625,83.251953125,0.016362265956830897,39.55078125,0.08949811136660378,0.4750733137829912
16.19,1,2,L4E,1000.0,300000,0.244140625,77.392578125,0.09327523353331094,38.330078125,0.2944147773602762,0.4952681388012618
16.19,1,3,L4I,1000.0,300000,0.244140625,80.810546875,0.023917490291875457,43.45703125,0.0835827734823203,0.5377643504531722
16.19,1,4,L5E,1000.0,300000,0.244140625,81.298828125,0.024144495201737916,39.0625,0.11382411709590963,0.4804804804804805
16.19,1,5,L5I,1000.0,300000,0.244140625,80.322265625,0.008004583395147672,39.0625,0.02757404648442771,0.48632218844984804
16.19,1,6,L6E,1000.0,300000,0.244140625,80.078125,0.0016555584129659537,37.109375,0.005679411385871347,0.4634146341463415
16.19,1,7,L6I,1000.0,300000,0.244140625,80.322265625,0.0194463111185114,38.0859375,0.06985689697765927,0.47416413373860183
16.19,2,0,L23E,1000.0,300000,0.244140625,82.03125,0.024129503368846096,43.212890625,0.10430174926612727,0.5267857142857143
16.19,2,1,L23I,1000.0,300000,0.244140625,81.54296875,0.0211408810680463,40.283203125,0.16785196779533104,0.4940119760479042
16.19,2,2,L4E,1000.0,300000,0.244140625,77.63671875,0.11042012789696025,38.330078125,0.3860801813315785,0.4937106918238994
16.19,2,3,L4I,1000.0,300000,0.244140625,79.345703125,0.036788528302023005,41.50390625,0.12562431489042783,0.5230769230769231
16.19,2,4,L5E,1000.0,300000,0.244140625,83.251953125,0.025329589103070142,38.818359375,0.1285896936963135,0.4662756598240469
16.19,2,5,L5I,1000.0,300000,0.244140625,78.125,0.009984059507169393,35.888671875,0.03772334966342143,0.459375
16.19,2,6,L6E,1000.0,300000,0.244140625,76.416015625,0.001614124282921584,37.353515625,0.004904360068010021,0.48881789137380194
16.19,2,7,L6I,1000.0,300000,0.244140625,76.171875,0.026300422386000024,42.236328125,0.073229995926288,0.5544871794871795
16.19,3,0,L23E,1000.0,300000,0.244140625,81.0546875,0.01629673246981763,42.724609375,0.06993688682564325,0.5271084337349398
16.19,3,1,L23I,1000.0,300000,0.244140625,75.68359375,0.018952612710244763,42.96875,0.05626317851168704,0.567741935483871
16.19,3,2,L4E,1000.0,300000,0.244140625,82.03125,0.07502656186601153,36.376953125,0.2734631736498399,0.44345238095238093
16.19,3,3,L4I,1000.0,300000,0.244140625,78.857421875,0.024494716263638118,37.353515625,0.08389821301226454,0.47368421052631576
16.19,3,4,L5E,1000.0,300000,0.244140625,75.927734375,0.02374705501329717,42.96875,0.08145390398921531,0.5659163987138264
16.19,3,5,L5I,1000.0,300000,0.244140625,77.880859375,0.00776511601412788,37.59765625,0.02489517616040662,0.4827586206896552
16.19,3,6,L6E,1000.0,300000,0.244140625,77.1484375,0.002144133945096644,41.259765625,0.00629109963351878,0.5348101265822784
16.19,3,7,L6I,1000.0,300000,0.244140625,78.369140625,0.016666006718572563,41.015625,0.055024478959051375,0.5233644859813084
16.19,4,0,L23E,1000.0,300000,0.244140625,80.078125,0.027694829064951722,38.0859375,0.1490695856295612,0.47560975609756095
16.19,4,1,L23I,1000.0,300000,0.244140625,75.68359375,0.025535768019259705,39.306640625,0.16439497944491566,0.5193548387096775
16.19,4,2,L4E,1000.0,300000,0.244140625,78.857421875,0.10595553274265546,41.50390625,0.34903494787101763,0.5263157894736842
16.19,4,3,L4I,1000.0,300000,0.244140625,75.927734375,0.03770738765077861,38.57421875,0.12739756215669054,0.5080385852090032
16.19,4,4,L5E,1000.0,300000,0.244140625,80.810546875,0.028185194067854788,37.59765625,0.14507715317813305,0.4652567975830816
16.19,4,5,L5I,1000.0,300000,0.244140625,75.927734375,0.00999990111743337,42.96875,0.028621185104073927,0.5659163987138264
16.19,4,6,L6E,1000.0,300000,0.244140625,80.078125,0.001410448409090251,40.0390625,0.004694737478879955,0.5
16.19,4,7,L6I,1000.0,300000,0.244140625,78.369140625,0.02161240608493614,42.724609375,0.07110870118663948,0.5451713395638629
16.19,5,0,L23E,1000.0,300000,0.244140625,75.439453125,0.026672546866878415,40.52734375,0.0827277849093105,0.5372168284789643
16.19,5,1,L23I,1000.0,300000,0.244140625,77.392578125,0.02092839333477056,39.794921875,0.09057365020906118,0.5141955835962145
16.19,5,2,L4E,1000.0,300000,0.244140625,78.369140625,0.07712540967155931,43.212890625,0.24855808541987898,0.5514018691588785
16.19,5,3,L4I,1000.0,300000,0.244140625,78.61328125,0.026382900506141355,35.888671875,0.10482659052229994,0.45652173913043476
16.19,5,4,L5E,1000.0,300000,0.244140625,76.171875,0.028690620758092943,42.48046875,0.082143439606064,0.5576923076923077
16.19,5,5,L5I,1000.0,300000,0.244140625,79.1015625,0.007208128818587858,37.109375,0.02615231515922898,0.4691358024691358
16.19,5,6,L6E,1000.0,300000,0.244140625,75.68359375,0.002167389868652297,41.015625,0.006369292531551252,0.5419354838709678
16.19,5,7,L6I,1000.0,300000,0.244140625,78.857421875,0.017281021956867322,43.9453125,0.05548295655589602,0.5572755417956656
16.19,6,0,L23E,1000.0,300000,0.244140625,78.857421875,0.023563008202221073,37.59765625,0.1477242704860207,0.47678018575851394
16.19,6,1,L23I,1000.0,300000,0.244140625,77.392578125,0.02421509585730082,35.15625,0.2995876529135533,0.45425867507886436
16.19,6,2,L4E,1000.0,300000,0.244140625,77.1484375,0.10404896909330862,39.0625,0.3906352138850585,0.5063291139240507
16.19,6,3,L4I,1000.0,300000,0.244140625,80.56640625,0.03231864507889221,39.0625,0.11977765665363226,0.48484848484848486
16.19,6,4,L5E,1000.0,300000,0.244140625,80.078125,0.02611942619391904,37.353515625,0.15735949531762736,0.46646341463414637
16.19,6,5,L5I,1000.0,300000,0.244140625,79.1015625,0.008421041214035939,41.50390625,0.034164585727965414,0.5246913580246914
16.19,6,6,L6E,1000.0,300000,0.244140625,78.61328125,0.0014187244381174014,37.59765625,0.0050504171537898235,0.4782608695652174
16.19,6,7,L6I,1000.0,300000,0.244140625,78.857421875,0.023064054282028523,41.259765625,0.077307080943737,0.5232198142414861
16.19,7,0,L23E,1000.0,300000,0.244140625,76.904296875,0.034573644261658175,43.45703125,0.08373801677770268,0.5650793650793651
16.19,7,1,L23I,1000.0,300000,0.244140625,80.078125,0.021100603542118068,43.212890625,0.12635405260764648,0.5396341463414634
16.19,7,2,L4E,1000.0,300000,0.244140625,78.125,0.105084366300245,42.48046875,0.3474241094990005,0.54375
16.19,7,3,L4I,1000.0,300000,0.244140625,77.1484375,0.036228815470572405,38.818359375,0.13403416019975256,0.5031645569620253
16.19,7,4,L5E,1000.0,300000,0.244140625,77.392578125,0.03310087540987673,41.015625,0.12110226080395892,0.5299684542586751
16.19,7,5,L5I,1000.0,300000,0.244140625,75.68359375,0.01233603025522444,43.45703125,0.03063074804409781,0.5741935483870968
16.19,7,6,L6E,1000.0,300000,0.244140625,82.03125,0.0010773711178446647,44.189453125,0.00405564720076457,0.5386904761904762
16.19,7,7,L6I,1000.0,300000,0.244140625,81.298828125,0.022121670053648682,37.353515625,0.0779470651962714,0.4594594594594595
16.19,8,0,L23E,1000.0,300000,0.244140625,80.56640625,0.021017068514234998,37.841796875,0.11644055627822285,0.4696969696969697
16.19,8,1,L23I,1000.0,300000,0.244140625,82.03125,0.017425951033788998,42.48046875,0.0955291837684931,0.5178571428571429
16.19,8,2,L4E,1000.0,300000,0.244140625,76.416015625,0.10214407358449297,43.701171875,0.3196834499174249,0.5718849840255591
16.19,8,3,L4I,1000.0,300000,0.244140625,76.416015625,0.034863987395634254,41.9921875,0.10190400340525553,0.549520766773163
16.19,8,4,L5E,1000.0,300000,0.244140625,81.0546875,0.0244177314680283,39.55078125,0.10876382879837383,0.4879518072289157
16.19,8,5,L5I,1000.0,300000,0.244140625,75.927734375,0.01029954563279222,40.771484375,0.027852107905955787,0.5369774919614148
16.19,8,6,L6E,1000.0,300000,0.244140625,79.345703125,0.0015367173956360712,39.55078125,0.005373985352060029,0.49846153846153846
16.19,8,7,L6I,1000.0,300000,0.244140625,77.392578125,0.022010612228588224,38.0859375,0.06530347185529894,0.4921135646687697
16.19,9,0,L23E,1000.0,300000,0.244140625,83.0078125,0.024330707252470805,35.400390625,0.11587850711149775,0.4264705882352941
16.19,9,1,L23I,1000.0,300000,0.244140625,80.56640625,0.016942038008008718,39.55078125,0.09013252115931084,0.4909090909090909
16.19,9,2,L4E,1000.0,300000,0.244140625,80.078125,0.0868839466254028,38.0859375,0.3089232237588387,0.47560975609756095
16.19,9,3,L4I,1000.0,300000,0.244140625,77.1484375,0.026540745232191965,41.9921875,0.08774514936712279,0.5443037974683544
16.19,9,4,L5E,1000.0,300000,0.244140625,77.63671875,0.030319631334921403,37.353515625,0.11823776278383721,0.4811320754716981
16.19,9,5,L5I,1000.0,300000,0.244140625,79.833984375,0.007469266622362216,40.0390625,0.026268275889164437,0.5015290519877675
16.19,9,6,L6E,1000.0,300000,0.244140625,76.416015625,0.001991829435255983,41.50390625,0.00628716504633199,0.5431309904153354
16.19,9,7,L6I,1000.0,300000,0.244140625,75.68359375,0.02052273237024302,40.0390625,0.062210553350190434,0.5290322580645161
16.44,0,0,L23E,1000.0,300000,0.244140625,78.369140625,0.02215710524694916,41.748046875,0.07870445696737079,0.5327102803738317
16.44,0,1,L23I,1000.0,300000,0.244140625,77.392578125,0.01774039346233227,38.57421875,0.10168418069759365,0.49842271293375395
16.44,0,2,L4E,1000.0,300000,0.244140625,76.66015625,0.09211385133458178,36.62109375,0.333221258220111,0.47770700636942676
16.44,0,3,L4I,1000.0,300000,0.244140625,82.51953125,0.02316164084441196,38.0859375,0.08503152703550916,0.46153846153846156
16.44,0,4,L5E,1000.0,300000,0.244140625,78.369140625,0.02561102839347574,37.109375,0.0981969931993088,0.4735202492211838
16.44,0,5,L5I,1000.0,300000,0.244140625,79.58984375,0.00715662130173484,41.015625,0.02295339533166257,0.5153374233128835
16.44,0,6,L6E,1000.0,300000,0.244140625,77.880859375,0.002043701835479342,37.59765625,0.006788090249367017,0.4827586206896552
16.44,0,7,L6I,1000.0,300000,0.244140625,77.63671875,0.02005644845198465,38.818359375,0.06285218310103673,0.5
16.44,1,0,L23E,1000.0,300000,0.244140625,77.880859375,0.02606990845464943,35.64453125,0.16801410799950658,0.45768025078369906
16.44,1,1,L23I,1000.0,300000,0.244140625,76.66015625,0.026102123878413097,40.0390625,0.1290639368744644,0.5222929936305732
16.44,1,2,L4E,1000.0,300000,0.244140625,76.66015625,0.11638385239602714,38.818359375,0.406201282716887,0.5063694267515924
16.44,1,3,L4I,1000.0,300000,0.244140625,83.740234375,0.02579506307304485,38.818359375,0.12413888375758884,0.46355685131195334
16.44,1,4,L5E,1000.0,300000,0.244140625,84.228515625,0.02465296657314035,36.1328125,0.17067117249714364,0.4289855072463768
16.44,1,5,L5I,1000.0,300000,0.244140625,78.857421875,0.00990238006190518,40.771484375,0.03350690940047373,0.5170278637770898
16.44,1,6,L6E,1000.0,300000,0.244140625,80.56640625,0.0012334913831276184,38.818359375,0.004727143464073692,0.4818181818181818
16.44,1,7,L6I,1000.0,300000,0.244140625,77.880859375,0.022965005910104266,38.330078125,0.08004741278227889,0.49216300940438873
16.44,2,0,L23E,1000.0,300000,0.244140625,80.56640625,0.021807040282805338,35.888671875,0.12883478889324335,0.44545454545454544
16.44,2,1,L23I,1000.0,300000,0.244140625,76.904296875,0.019947147550504824,40.771484375,0.09520409379177382,0.5301587301587302
16.44,2,2,L4E,1000.0,300000,0.244140625,76.904296875,0.08589361909640693,38.818359375,0.32720114110878434,0.5047619047619047
16.44,2,3,L4I,1000.0,300000,0.244140625,80.810546875,0.025800823994475506,36.376953125,0.09773460223579235,0.4501510574018127
16.44,2,4,L5E,1000.0,300000,0.244140625,80.810546875,0.025691158013294534,36.1328125,0.1246323580189032,0.4471299093655589
16.44,2,5,L5I,1000.0,300000,0.244140625,78.61328125,0.009395154612307463,38.57421875,0.026950544828903498,0.4906832298136646
16.44,2,6,L6E,1000.0,300000,0.244140625,76.171875,0.0021628575802710975,40.283203125,0.006294533817122913,0.5288461538461539
16.44,2,7,L6I,1000.0,300000,0.244140625,78.369140625,0.019395951896809514,41.748046875,0.06559859593753119,0.5327102803738317
16.44,3,0,L23E,1000.0,300000,0.244140625,77.880859375,0.024628736589664225,39.306640625,0.09235059923429434,0.5047021943573667
16.44,3,1,L23I,1000.0,300000,0.244140625,76.66015625,0.018086523614799288,37.841796875,0.09477826514094512,0.49363057324840764
16.44,3,2,L4E,1000.0,300000,0.244140625,76.904296875,0.0835189730250053,41.748046875,0.2500998801317881,0.5428571428571428
16.44,3,3,L4I,1000.0,300000,0.244140625,79.833984375,0.02437980195037052,38.0859375,0.08726215087062192,0.47706422018348627
16.44,3,4,L5E,1000.0,300000,0.244140625,79.1015625,0.022196085955597283,36.1328125,0.10301028860624152,0.4567901234567901
16.44,3,5,L5I,1000.0,300000,0.244140625,77.392578125,0.007513896229814457,40.52734375,0.022681670969783567,0.5236593059936908
16.44,3,6,L6E,1000.0,300000,0.244140625,81.0546875,0.0020379776043719404,42.724609375,0.006128678063023302,0.5271084337349398
16.44,3,7,L6I,1000.0,300000,0.244140625,79.1015625,0.017183093787984355,44.189453125,0.05400133674493533,0.558641975308642
16.44,4,0,L23E,1000.0,300000,0.244140625,79.1015625,0.027273408897705485,43.701171875,0.09923269925855284,0.5524691358024691
16.44,4,1,L23I,1000.0,300000,0.244140625,77.1484375,0.026195725290545313,42.724609375,0.10078580645211281,0.5537974683544303
16.44,4,2,L4E,1000.0,300000,0.244140625,77.1484375,0.11066246435399177,38.57421875,0.3778953225501781,0.5
16.44,4,3,L4I,1000.0,300000,0.244140625,83.251953125,0.030354786100484615,42.236328125,0.11103503738620076,0.5073313782991202
16.44,4,4,L5E,1000.0,300000,0.244140625,75.68359375,0.035261131249950284,39.0625,0.150495336814529,0.5161290322580645
16.44,4,5,L5I,1000.0,300000,0.244140625,77.880859375,0.008784482707721468,43.212890625,0.02926463536074221,0.554858934169279
16.44,4,6,L6E,1000.0,300000,0.244140625,78.369140625,0.001563359486052181,40.771484375,0.004637700678683969,0.5202492211838006
16.44,4,7,L6I,1000.0,300000,0.244140625,79.345703125,0.021273236921206026,41.259765625,0.07646235457344619,0.52
16.44,5,0,L23E,1000.0,300000,0.244140625,77.392578125,0.03069618060948635,35.64453125,0.15578688184291908,0.4605678233438486
16.44,5,1,L23I,1000.0,300000,0.244140625,81.298828125,0.02096745437522213,43.701171875,0.10756563991884412,0.5375375375375375
16.44,5,2,L4E,1000.0,300000,0.244140625,76.66015625,0.11958715812161384,41.748046875,0.3868490863743324,0.5445859872611465
16.44,5,3,L4I,1000.0,300000,0.244140625,80.56640625,0.03317133955541857,43.45703125,0.10504098116183387,0.5393939393939394
16.44,5,4,L5E,1000.0,300000,0.244140625,78.61328125,0.030827477967442857,37.59765625,0.13681385391083015,0.4782608695652174
16.44,5,5,L5I,1000.0,300000,0.244140625,77.1484375,0.0100435862890203,38.0859375,0.03194033876533151,0.4936708860759494
16.44,5,6,L6E,1000.0,300000,0.244140625,81.54296875,0.0013146915111126515,37.109375,0.0044886307117118305,0.4550898203592814
16.44,5,7,L6I,1000.0,300000,0.244140625,77.880859375,0.022138422091294026,41.748046875,0.07359826190316865,0.5360501567398119
16.44,6,0,L23E,1000.0,300000,0.244140625,82.03125,0.01975233829315707,38.57421875,0.12911130073529395,0.47023809523809523
16.44,6,1,L23I,1000.0,300000,0.244140625,80.56640625,0.017264837605003563,41.015625,0.10293417257465057,0.509090909090909
16.44,6,2,L4E,1000.0,300000,0.244140625,76.416015625,0.10584747016850932,40.771484375,0.2820892468693947,0.5335463258785943
16.44,6,3,L4I,1000.0,300000,0.244140625,81.787109375,0.021648603846331636,40.0390625,0.09544629850452253,0.48955223880597015
16.44,6,4,L5E,1000.0,300000,0.244140625,84.228515625,0.021996147920948315,44.189453125,0.08270195439669467,0.5246376811594203
16.44,6,5,L5I,1000.0,300000,0.244140625,82.51953125,0.006488809498165446,38.818359375,0.0308208012008536,0.47041420118343197
16.44,6,6,L6E,1000.0,300000,0.244140625,81.54296875,0.001418008465440647,37.353515625,0.006088931532538644,0.45808383233532934
16.44,6,7,L6I,1000.0,300000,0.244140625,81.0546875,0.017583280455675462,37.59765625,0.07247766030315009,0.463855421686747
16.44,7,0,L23E,1000.0,300000,0.244140625,75.439453125,0.030204907258275085,40.52734375,0.09916817581688117,0.5372168284789643
16.44,7,1,L23I,1000.0,300000,0.244140625,80.810546875,0.02072480748665043,41.015625,0.11282347002043615,0.5075528700906344
16.44,7,2,L4E,1000.0,300000,0.244140625,80.322265625,0.09796067159777506,36.865234375,0.3567804265154533,0.45896656534954405
16.44,7,3,L4I,1000.0,300000,0.244140625,81.298828125,0.027808683611632978,36.376953125,0.10762101016295987,0.44744744744744747
16.44,7,4,L5E,1000.0,300000,0.244140625,77.63671875,0.028207617519408403,42.236328125,0.0933739725864049,0.5440251572327044
16.44,7,5,L5I,1000.0,300000,0.244140625,83.0078125,0.007286695204910138,39.306640625,0.030207229660973268,0.47352941176470587
16.44,7,6,L6E,1000.0,300000,0.244140625,77.1484375,0.001658600663810166,39.306640625,0.004893247714534234,0.509493670886076
16.44,7,7,L6I,1000.0,300000,0.244140625,78.125,0.019324103308820277,39.794921875,0.07165577292404211,0.509375
16.44,8,0,L23E,1000.0,300000,0.244140625,76.66015625,0.031885838886582994,36.865234375,0.17208413335824338,0.48089171974522293
16.44,8,1,L23I,1000.0,300000,0.244140625,81.298828125,0.022376269680343067,35.64453125,0.21189781337042232,0.43843843843843844
16.44,8,2,L4E,1000.0,300000,0.244140625,80.810546875,0.08704129162123006,37.353515625,0.4055181113239571,0.4622356495468278
16.44,8,3,L4I,1000.0,300000,0.244140625,75.927734375,0.03703431748780119,35.888671875,0.12224859197273212,0.47266881028938906
16.44,8,4,L5E,1000.0,300000,0.244140625,80.078125,0.029062612682122575,36.62109375,0.1502850802848711,0.4573170731707317
16.44,8,5,L5I,1000.0,300000,0.244140625,77.63671875,0.01042352732376622,42.236328125,0.032546302827779795,0.5440251572327044
16.44,8,6,L6E,1000.0,300000,0.244140625,83.0078125,0.0013551832575197367,44.189453125,0.004362468009242219,0.5323529411764706
16.44,8,7,L6I,1000.0,300000,0.244140625,76.904296875,0.0259231371822759,38.0859375,0.08464933090724795,0.49523809523809526
16.44,9,0,L23E,1000.0,300000,0.244140625,79.1015625,0.024616579746659786,40.0390625,0.09491579861962837,0.5061728395061729
16.44,9,1,L23I,1000.0,300000,0.244140625,82.763671875,0.020013885304110655,42.236328125,0.08539689939254587,0.5103244837758112
16.44,9,2,L4E,1000.0,300000,0.244140625,76.171875,0.10175759728799,38.330078125,0.33174159519225577,0.5032051282051282
16.44,9,3,L4I,1000.0,300000,0.244140625,77.880859375,0.02843337793755807,37.109375,0.12145005470704458,0.47648902821316613
16.44,9,4,L5E,1000.0,300000,0.244140625,76.171875,0.028701952115527393,35.400390625,0.16126914013297095,0.46474358974358976
16.44,9,5,L5I,1000.0,300000,0.244140625,82.03125,0.006827644128124171,38.330078125,0.03159239405979556,0.46726190476190477
16.44,9,6,L6E,1000.0,300000,0.244140625,83.251953125,0.0014307674652523912,38.330078125,0.005140019307491065,0.4604105571847507
16.44,9,7,L6I,1000.0,300000,0.244140625,78.125,0.022962853213510423,40.283203125,0.07375213128032927,0.515625
16.69,0,0,L23E,1000.0,300000,0.244140625,77.1484375,0.02334612052296664,41.9921875,0.1069955539958075,0.5443037974683544
16.69,0,1,L23I,1000.0,300000,0.244140625,79.833984375,0.020777534092541575,43.45703125,0.10277820460801601,0.5443425076452599
16.69,0,2,L4E,1000.0,300000,0.244140625,78.369140625,0.08949473478360505,43.212890625,0.31424458483314,0.5514018691588785
16.69,0,3,L4I,1000.0,300000,0.244140625,77.1484375,0.03107656321744225,38.0859375,0.12426491086775716,0.4936708860759494
16.69,0,4,L5E,1000.0,300000,0.244140625,76.904296875,0.03197667113444904,39.306640625,0.14279283887658814,0.5111111111111111
16.69,0,5,L5I,1000.0,300000,0.244140625,77.1484375,0.009201607091765953,38.0859375,0.030157137373302435,0.4936708860759494
16.69,0,6,L6E,1000.0,300000,0.244140625,79.1015625,0.0014467561992834905,43.9453125,0.0044215394921023705,0.5555555555555556
16.69,0,7,L6I,1000.0,300000,0.244140625,82.275390625,0.019126798759159905,43.9453125,0.0653108449846593,0.5341246290801187
16.69,1,0,L23E,1000.0,300000,0.244140625,82.275390625,0.02701010291640471,40.0390625,0.10986917844555653,0.486646884272997
16.69,1,1,L23I,1000.0,300000,0.244140625,80.078125,0.01990352958989101,38.0859375,0.16390314795563782,0.47560975609756095
16.69,1,2,L4E,1000.0,300000,0.244140625,78.125,0.09637915660395352,41.748046875,0.33826704467059343,0.534375
16.69,1,3,L4I,1000.0,300000,0.244140625,76.904296875,0.03076094459377638,39.794921875,0.10943661186963312,0.5174603174603175
16.69,1,4,L5E,1000.0,300000,0.244140625,77.392578125,0.034503404055866084,36.62109375,0.18298089904083933,0.47318611987381703
16.69,1,5,L5I,1000.0,300000,0.244140625,75.927734375,0.009768584308781606,36.865234375,0.0306709789854196,0.4855305466237942
16.69,1,6,L6E,1000.0,300000,0.244140625,77.63671875,0.0014900182307728677,36.376953125,0.005126303470609374,0.46855345911949686
16.69,1,7,L6I,1000.0,300000,0.244140625,77.880859375,0.021745038886256982,40.52734375,0.07772107009342637,0.5203761755485894
16.69,2,0,L23E,1000.0,300000,0.244140625,77.880859375,0.031697714050163056,36.376953125,0.14675130699278854,0.4670846394984326
16.69,2,1,L23I,1000.0,300000,0.244140625,83.740234375,0.01885918225360864,39.0625,0.11560358772526928,0.46647230320699706
16.69,2,2,L4E,1000.0,300000,0.244140625,80.56640625,0.08354880264951874,40.771484375,0.33248095159071134,0.5060606060606061
16.69,2,3,L4I,1000.0,300000,0.244140625,82.275390625,0.02527143741710607,44.189453125,0.10154523357371638,0.5370919881305638
16.69,2,4,L5E,1000.0,300000,0.244140625,77.1484375,0.033393057231070736,36.865234375,0.1386272572484879,0.4778481012658228
16.69,2,5,L5I,1000.0,300000,0.244140625,81.787109375,0.007684955933480077,39.306640625,0.02809086155209438,0.48059701492537316
16.69,2,6,L6E,1000.0,300000,0.244140625,79.1015625,0.0014819619716990072,41.50390625,0.005167083875666146,0.5246913580246914
16.69,2,7,L6I,1000.0,300000,0.244140625,75.68359375,0.024393861457136016,41.9921875,0.0693688526767991,0.5548387096774193
16.69,3,0,L23E,1000.0,300000,0.244140625,81.54296875,0.023171357059528205,37.109375,0.16187110239816965,0.4550898203592814
16.69,3,1,L23I,1000.0,300000,0.244140625,76.171875,0.024161682234911032,35.400390625,0.23091961405880165,0.46474358974358976
16.69,3,2,L4E,1000.0,300000,0.244140625,80.56640625,0.09229655940940115,39.306640625,0.371389180440122,0.48787878787878786
16.69,3,3,L4I,1000.0,300000,0.244140625,75.927734375,0.032840806404825104,40.771484375,0.10889780961021861,0.5369774919614148
16.69,3,4,L5E,1000.0,300000,0.244140625,80.322265625,0.030050091013207315,37.353515625,0.16552648239215367,0.46504559270516715
16.69,3,5,L5I,1000.0,300000,0.244140625,81.54296875,0.007739788212248655,43.212890625,0.03367431547803561,0.5299401197604791
16.69,3,6,L6E,1000.0,300000,0.244140625,76.416015625,0.0017319638429921646,40.771484375,0.005221013452402,0.5335463258785943
16.69,3,7,L6I,1000.0,300000,0.244140625,78.369140625,0.024745896522894526,37.353515625,0.07974793843822185,0.4766355140186916
16.69,4,0,L23E,1000.0,300000,0.244140625,77.63671875,0.02613024126901845,41.748046875,0.08432533167096624,0.5377358490566038
16.69,4,1,L23I,1000.0,300000,0.244140625,80.322265625,0.017849635706699174,38.0859375,0.12136082599426064,0.47416413373860183
16.69,4,2,L4E,1000.0,300000,0.244140625,81.0546875,0.07230791748838136,38.0859375,0.2813229117995329,0.46987951807228917
16.69,4,3,L4I,1000.0,300000,0.244140625,76.904296875,0.03020781074756743,39.0625,0.09197385793938692,0.5079365079365079
16.69,4,4,L5E,1000.0,300000,0.244140625,76.904296875,0.024501322496431114,43.45703125,0.09122932528312586,0.5650793650793651
16.69,4,5,L5I,1000.0,300000,0.244140625,77.392578125,0.0077338228749293005,37.841796875,0.027078943919223046,0.4889589905362776
16.69,4,6,L6E,1000.0,300000,0.244140625,80.810546875,0.0017256697743343635,39.0625,0.006845306969642922,0.48338368580060426
16.69,4,7,L6I,1000.0,300000,0.244140625,76.171875,0.021188334237728618,42.48046875,0.05992610586376829,0.5576923076923077
16.69,5,0,L23E,1000.0,300000,0.244140625,79.833984375,0.028361855488835984,43.212890625,0.08389264470452343,0.5412844036697247
16.69,5,1,L23I,1000.0,300000,0.244140625,81.787109375,0.016833901551519044,39.306640625,0.11308515118911314,0.48059701492537316
16.69,5,2,L4E,1000.0,300000,0.244140625,83.0078125,0.07457183239978894,36.865234375,0.3443887405700677,0.4441176470588235
16.69,5,3,L4I,1000.0,300000,0.244140625,83.251953125,0.025463990122942263,40.0390625,0.10814757886987221,0.4809384164222874
16.69,5,4,L5E,1000.0,300000,0.244140625,79.345703125,0.02608809616962941,41.9921875,0.10541588424978725,0.5292307692307693
16.69,5,5,L5I,1000.0,300000,0.244140625,79.833984375,0.007792131798069321,37.59765625,0.02822989774835502,0.4709480122324159
16.69,5,6,L6E,1000.0,300000,0.244140625,76.66015625,0.001848912776903639,36.62109375,0.005128837211347834,0.47770700636942676
16.69,5,7,L6I,1000.0,300000,0.244140625,81.298828125,0.018943502556693182,39.55078125,0.07429775914998824,0.4864864864864865
16.69,6,0,L23E,1000.0,300000,0.244140625,79.345703125,0.02429362716998257,42.96875,0.09980367055781958,0.5415384615384615
16.69,6,1,L23I,1000.0,300000,0.244140625,83.0078125,0.022131406695741495,43.45703125,0.12521700513056797,0.5235294117647059
16.69,6,2,L4E,1000.0,300000,0.244140625,78.125,0.11509975441681182,41.015625,0.3862221926961853,0.525
16.69,6,3,L4I,1000.0,300000,0.244140625,80.56640625,0.032095819901624724,36.865234375,0.13782525622147096,0.4575757575757576
16.69,6,4,L5E,1000.0,300000,0.244140625,79.58984375,0.031233100313716667,39.794921875,0.1518944270744506,0.5
16.69,6,5,L5I,1000.0,300000,0.244140625,75.439453125,0.010309846076503915,44.43359375,0.027495328576092267,0.5889967637540453
16.69,6,6,L6E,1000.0,300000,0.244140625,82.275390625,0.0011382579858928619,40.771484375,0.004632584802758732,0.49554896142433236
16.69,6,7,L6I,1000.0,300000,0.244140625,76.904296875,0.024723868041510853,38.330078125,0.08854876566940445,0.4984126984126984
16.69,7,0,L23E,1000.0,300000,0.244140625,75.927734375,0.02885389861816144,36.1328125,0.14777216027959836,0.4758842443729904
16.69,7,1,L23I,1000.0,300000,0.244140625,81.0546875,0.019636886645194942,43.212890625,0.10620362507382808,0.5331325301204819
16.69,7,2,L4E,1000.0,300000,0.244140625,80.810546875,0.09642183374033411,37.841796875,0.34847713693050364,0.46827794561933533
16.69,7,3,L4I,1000.0,300000,0.244140625,79.833984375,0.029783004138411416,42.236328125,0.10515867690545147,0.5290519877675841
16.69,7,4,L5E,1000.0,300000,0.244140625,82.763671875,0.02251305142669741,37.109375,0.16280837048911073,0.44837758112094395
16.69,7,5,L5I,1000.0,300000,0.244140625,77.63671875,0.009339587217076761,40.283203125,0.030470607499066046,0.5188679245283019
16.69,7,6,L6E,1000.0,300000,0.244140625,76.904296875,0.0015142125662680834,37.59765625,0.005692526045153131,0.4888888888888889
16.69,7,7,L6I,1000.0,300000,0.244140625,81.298828125,0.018229323724851837,38.0859375,0.07748405877320855,0.46846846846846846
16.69,8,0,L23E,1000.0,300000,0.244140625,76.66015625,0.029420100667680815,37.841796875,0.13664774749858596,0.49363057324840764
16.69,8,1,L23I,1000.0,300000,0.244140625,81.298828125,0.0226081535088678,37.841796875,0.15615487644998424,0.46546546546546547
16.69,8,2,L4E,1000.0,300000,0.244140625,79.345703125,0.0838188746821857,40.283203125,0.3146442075485037,0.5076923076923077
16.69,8,3,L4I,1000.0,300000,0.244140625,76.171875,0.03722334135863384,42.236328125,0.09850260622359325,0.5544871794871795
16.69,8,4,L5E,1000.0,300000,0.244140625,77.63671875,0.030699408218236572,36.1328125,0.15012140523790832,0.46540880503144655
16.69,8,5,L5I,1000.0,300000,0.244140625,76.416015625,0.010163374480891026,39.794921875,0.03216714621299408,0.5207667731629393
16.69,8,6,L6E,1000.0,300000,0.244140625,77.392578125,0.0017636567224392553,40.771484375,0.005450578134208289,0.526813880126183
16.69,8,7,L6I,1000.0,300000,0.244140625,76.66015625,0.02422695752673539,38.818359375,0.06996930826066157,0.5063694267515924
16.69,9,0,L23E,1000.0,300000,0.244140625,79.58984375,0.024017453673427162,35.64453125,0.11959202057816506,0.44785276073619634
16.69,9,1,L23I,1000.0,300000,0.244140625,83.251953125,0.016014579364410392,38.0859375,0.10562305436743928,0.4574780058651026
16.69,9,2,L4E,1000.0,300000,0.244140625,78.125,0.0916757512762359,42.236328125,0.27702495214945894,0.540625
16.69,9,3,L4I,1000.0,300000,0.244140625,80.322265625,0.02716339052522281,39.794921875,0.10370705456481355,0.49544072948328266
16.69,9,4,L5E,1000.0,300000,0.244140625,82.763671875,0.023438280378751532,41.015625,0.10300777667247635,0.49557522123893805
16.69,9,5,L5I,1000.0,300000,0.244140625,76.66015625,0.008378802886126612,38.330078125,0.030872067375848716,0.5
16.69,9,6,L6E,1000.0,300000,0.244140625,77.392578125,0.0017236322854366761,38.57421875,0.005560644790913858,0.49842271293375395
16.69,9,7,L6I,1000.0,300000,0.244140625,78.61328125,0.020662965859505528,39.306640625,0.06429013723442929,0.5
16.95,0,0,L23E,1000.0,300000,0.244140625,82.51953125,0.01990216661313254,42.236328125,0.08199237216409767,0.5118343195266272
16.95,0,1,L23I,1000.0,300000,0.244140625,79.58984375,0.019004472329650177,39.306640625,0.10876143505298534,0.4938650306748466
16.95,0,2,L4E,1000.0,300000,0.244140625,76.904296875,0.09726133321890337,40.52734375,0.3019403899019103,0.526984126984127
16.95,0,3,L4I,1000.0,300000,0.244140625,75.927734375,0.029864157285503165,38.57421875,0.09839977136621686,0.5080385852090032
16.95,0,4,L5E,1000.0,300000,0.244140625,78.61328125,0.024573188608326253,39.0625,0.10849562766917147,0.4968944099378882
16.95,0,5,L5I,1000.0,300000,0.244140625,78.125,0.00870997303374895,40.283203125,0.02816086340287683,0.515625
16.95,0,6,L6E,1000.0,300000,0.244140625,76.171875,0.0019032155364911724,43.212890625,0.005307530151355262,0.5673076923076923
16.95,0,7,L6I,1000.0,300000,0.244140625,82.763671875,0.016232242932283272,41.015625,0.06345929490177533,0.49557522123893805
16.95,1,0,L23E,1000.0,300000,0.244140625,81.0546875,0.021374795419961116,35.64453125,0.14624430989407217,0.4397590361445783
16.95,1,1,L23I,1000.0,300000,0.244140625,78.369140625,0.022423634885551998,39.306640625,0.1457870994339414,0.5015576323987538
16.95,1,2,L4E,1000.0,300000,0.244140625,79.833984375,0.09584154716835624,42.236328125,0.31150925097750853,0.5290519877675841
16.95,1,3,L4I,1000.0,300000,0.244140625,83.0078125,0.026417919783778533,41.259765625,0.11264132786445327,0.4970588235294118
16.95,1,4,L5E,1000.0,300000,0.244140625,77.392578125,0.03109240324924077,35.64453125,0.1693504088917782,0.4605678233438486
16.95,1,5,L5I,1000.0,300000,0.244140625,75.68359375,0.010192452606209376,36.1328125,0.034856964367033075,0.4774193548387097
16.95,1,6,L6E,1000.0,300000,0.244140625,83.251953125,0.0012986962163624943,37.59765625,0.004970241092588364,0.45161290322580644
16.95,1,7,L6I,1000.0,300000,0.244140625,80.56640625,0.020127884661199125,38.0859375,0.0793209659471284,0.4727272727272727
16.95,2,0,L23E,1000.0,300000,0.244140625,79.58984375,0.02839750367612327,37.59765625,0.1621533150431382,0.4723926380368098
16.95,2,1,L23I,1000.0,300000,0.244140625,78.369140625,0.024690083073632598,38.57421875,0.14223567199324363,0.49221183800623053
16.95,2,2,L4E,1000.0,300000,0.244140625,80.078125,0.09842863265680618,36.865234375,0.44931299231265204,0.4603658536585366
16.95,2,3,L4I,1000.0,300000,0.244140625,79.58984375,0.032581001213794314,43.212890625,0.12164370238839013,0.5429447852760736
16.95,2,4,L5E,1000.0,300000,0.244140625,79.1015625,0.03239586098080105,40.283203125,0.12397042516014373,0.5092592592592593
16.95,2,5,L5I,1000.0,300000,0.244140625,78.61328125,0.009778286624604891,38.818359375,0.03444016528905992,0.4937888198757764
16.95,2,6,L6E,1000.0,300000,0.244140625,78.61328125,0.0012393709103262602,40.283203125,0.00436948353994856,0.5124223602484472
16.95,2,7,L6I,1000.0,300000,0.244140625,79.833984375,0.023881717112027284,41.259765625,0.07827720776671823,0.5168195718654435
16.95,3,0,L23E,1000.0,300000,0.244140625,75.927734375,0.028038097669138406,41.015625,0.10112885403464511,0.5401929260450161
16.95,3,1,L23I,1000.0,300000,0.244140625,79.58984375,0.022229771412877256,38.330078125,0.12332913586252357,0.4815950920245399
16.95,3,2,L4E,1000.0,300000,0.244140625,76.171875,0.11143899646286656,36.865234375,0.4093464514421243,0.483974358974359
16.95,3,3,L4I,1000.0,300000,0.244140625,81.787109375,0.02727931683561177,41.9921875,0.10417086550062583,0.5134328358208955
16.95,3,4,L5E,1000.0,300000,0.244140625,77.880859375,0.03323131736195669,37.109375,0.1422354841625186,0.47648902821316613
16.95,3,5,L5I,1000.0,300000,0.244140625,77.880859375,0.00993317984392162,37.59765625,0.030774855282904287,0.4827586206896552
16.95,3,6,L6E,1000.0,300000,0.244140625,81.787109375,0.0014055290052502757,43.701171875,0.004530247886498458,0.5343283582089552
16.95,3,7,L6I,1000.0,300000,0.244140625,77.63671875,0.021711938376713837,36.62109375,0.07520648546038583,0.4716981132075472
16.95,4,0,L23E,1000.0,300000,0.244140625,75.927734375,0.030398369290180534,36.1328125,0.13872482580998852,0.4758842443729904
16.95,4,1,L23I,1000.0,300000,0.244140625,76.66015625,0.023411163381594168,36.62109375,0.1988009670354045,0.47770700636942676
16.95,4,2,L4E,1000.0,300000,0.244140625,78.125,0.08794243965611027,37.109375,0.3627922195619512,0.475
16.95,4,3,L4I,1000.0,300000,0.244140625,78.61328125,0.029884736847308965,36.62109375,0.11175327065303248,0.4658385093167702
16.95,4,4,L5E,1000.0,300000,0.244140625,79.833984375,0.026439151790005243,37.353515625,0.13776863616478444,0.46788990825688076
16.95,4,5,L5I,1000.0,300000,0.244140625,81.787109375,0.007350690670612501,35.64453125,0.030745931676662938,0.43582089552238806
16.95,4,6,L6E,1000.0,300000,0.244140625,77.63671875,0.0016734108719050685,35.888671875,0.005201322695925406,0.46226415094339623
16.95,4,7,L6I,1000.0,300000,0.244140625,81.787109375,0.01618439785997244,37.353515625,0.0783673369608452,0.45671641791044776
16.95,5,0,L23E,1000.0,300000,0.244140625,82.51953125,0.018331854490360757,37.841796875,0.10486604370227398,0.45857988165680474
16.95,5,1,L23I,1000.0,300000,0.244140625,78.125,0.019609728804984,38.0859375,0.14496594252494005,0.4875
16.95,5,2,L4E,1000.0,300000,0.244140625,79.58984375,0.08889241017684561,35.888671875,0.4130126355983756,0.450920245398773
16.95,5,3,L4I,1000.0,300000,0.244140625,83.984375,0.021357237539981103,39.0625,0.11692203473535756,0.46511627906976744
16.95,5,4,L5E,1000.0,300000,0.244140625,76.416015625,0.03184071331648199,40.0390625,0.12254202578908445,0.5239616613418531
16.95,5,5,L5I,1000.0,300000,0.244140625,75.439453125,0.009778197066910809,37.841796875,0.03470381200329422,0.5016181229773463
16.95,5,6,L6E,1000.0,300000,0.244140625,83.740234375,0.0013727651298575936,42.48046875,0.004982638836617514,0.5072886297376094
16.95,5,7,L6I,1000.0,300000,0.244140625,76.416015625,0.02196218976921016,37.841796875,0.06495929420497436,0.4952076677316294
16.95,6,0,L23E,1000.0,300000,0.244140625,82.51953125,0.02253993480061008,35.888671875,0.12727747790970736,0.4349112426035503
16.95,6,1,L23I,1000.0,300000,0.244140625,80.322265625,0.020145892315872792,37.59765625,0.1376940018311804,0.46808510638297873
16.95,6,2,L4E,1000.0,300000,0.244140625,75.68359375,0.09454561950897196,36.62109375,0.3759445527541757,0.4838709677419355
16.95,6,3,L4I,1000.0,300000,0.244140625,77.392578125,0.034323459328284386,39.306640625,0.09995054981342295,0.5078864353312302
16.95,6,4,L5E,1000.0,300000,0.244140625,81.298828125,0.021084718135579796,42.724609375,0.0908826739267172,0.5255255255255256
16.95,6,5,L5I,1000.0,300000,0.244140625,76.904296875,0.009604841870752218,41.9921875,0.028055996814329756,0.546031746031746
16.95,6,6,L6E,1000.0,300000,0.244140625,76.904296875,0.0017814586603542848,35.64453125,0.006002630476569293,0.4634920634920635
16.95,6,7,L6I,1000.0,300000,0.244140625,76.904296875,0.024002280042354295,40.52734375,0.06708298720906633,0.526984126984127
16.95,7,0,L23E,1000.0,300000,0.244140625,77.63671875,0.024008225535662862,35.64453125,0.10883960213660344,0.4591194968553459
16.95,7,1,L23I,1000.0,300000,0.244140625,77.392578125,0.02047600696554411,39.0625,0.09235799357222449,0.5047318611987381
16.95,7,2,L4E,1000.0,300000,0.244140625,83.251953125,0.07112006101403724,37.841796875,0.3223545378751883,0.45454545454545453
16.95,7,3,L4I,1000.0,300000,0.244140625,81.298828125,0.023145684311649106,37.841796875,0.09580819452909078,0.46546546546546547
16.95,7,4,L5E,1000.0,300000,0.244140625,76.904296875,0.028207594171310302,42.48046875,0.0889097336595823,0.5523809523809524
16.95,7,5,L5I,1000.0,300000,0.244140625,83.251953125,0.007420326020439042,40.52734375,0.025786643393416603,0.4868035190615836
16.95,7,6,L6E,1000.0,300000,0.244140625,83.984375,0.0014866386930167772,37.353515625,0.00580341432523265,0.44476744186046513
16.95,7,7,L6I,1000.0,300000,0.244140625,80.56640625,0.016711833893929853,36.1328125,0.0643313593587066,0.4484848484848485
16.95,8,0,L23E,1000.0,300000,0.244140625,83.251953125,0.021599375162559744,42.48046875,0.08486996754644817,0.5102639296187683
16.95,8,1,L23I,1000.0,300000,0.244140625,80.810546875,0.01938492129063817,36.1328125,0.1700629991214765,0.4471299093655589
16.95,8,2,L4E,1000.0,300000,0.244140625,78.125,0.08579508122594466,37.353515625,0.3182052830199544,0.478125
16.95,8,3,L4I,1000.0,300000,0.244140625,78.61328125,0.029608095053345794,36.1328125,0.10946854572788196,0.45962732919254656
16.95,8,4,L5E,1000.0,300000,0.244140625,80.56640625,0.023361013196642928,42.48046875,0.09095004506824338,0.5272727272727272
16.95,8,5,L5I,1000.0,300000,0.244140625,78.857421875,0.00791838963508488,38.0859375,0.02885478842107034,0.48297213622291024
16.95,8,6,L6E,1000.0,300000,0.244140625,77.392578125,0.0016416661319996664,42.96875,0.004960752563932357,0.555205047318612
16.95,8,7,L6I,1000.0,300000,0.244140625,78.125,0.020261134376977068,40.52734375,0.06849235837385233,0.51875
16.95,9,0,L23E,1000.0,300000,0.244140625,79.833984375,0.025575615598349276,35.64453125,0.1803660684652377,0.44648318042813456
16.95,9,1,L23I,1000.0,300000,0.244140625,76.416015625,0.024087628578766073,35.400390625,0.21010348945025875,0.46325878594249204
16.95,9,2,L4E,1000.0,300000,0.244140625,81.54296875,0.09002690714657649,38.0859375,0.38511400491610204,0.46706586826347307
16.95,9,3,L4I,1000.0,300000,0.244140625,82.51953125,0.027178931183146605,40.283203125,0.1039757846250092,0.4881656804733728
16.95,9,4,L5E,1000.0,300000,0.244140625,76.66015625,0.0309074154285343,36.865234375,0.14569182119497853,0.48089171974522293
16.95,9,5,L5I,1000.0,300000,0.244140625,76.171875,0.009191532096820911,35.400390625,0.032783483038829386,0.46474358974358976
16.95,9,6,L6E,1000.0,300000,0.244140625,82.763671875,0.001183240499395587,38.57421875,0.005118490608384625,0.46607669616519176
16.95,9,7,L6I,1000.0,300000,0.244140625,76.66015625,0.023988610773456306,40.0390625,0.07616737703423102,0.5222929936305732
17.2,0,0,L23E,1000.0,300000,0.244140625,77.1484375,0.030983185027756478,43.9453125,0.1067939586673261,0.569620253164557
17.2,0,1,L23I,1000.0,300000,0.244140625,79.833984375,0.02630924420786941,38.330078125,0.2301829064114778,0.4801223241590214
17.2,0,2,L4E,1000.0,300000,0.244140625,79.833984375,0.09954890114329198,38.57421875,0.48582957378400465,0.4831804281345566
17.2,0,3,L4I,1000.0,300000,0.244140625,78.61328125,0.033642003377891666,39.55078125,0.1381329096734211,0.5031055900621118
17.2,0,4,L5E,1000.0,300000,0.244140625,81.0546875,0.03576415161262075,35.64453125,0.2298704212649811,0.4397590361445783
17.2,0,5,L5I,1000.0,300000,0.244140625,76.416015625,0.011075226685283164,39.794921875,0.036328392807519115,0.5207667731629393
17.2,0,6,L6E,1000.0,300000,0.244140625,77.1484375,0.0013375573348958305,40.52734375,0.004495539230415389,0.5253164556962026
17.2,0,7,L6I,1000.0,300000,0.244140625,76.66015625,0.025787233658426955,36.62109375,0.08773663757589796,0.47770700636942676
17.2,1,0,L23E,1000.0,300000,0.244140625,76.904296875,0.0324937146289973,42.48046875,0.10014456659949704,0.5523809523809524
17.2,1,1,L23I,1000.0,300000,0.244140625,80.322265625,0.021545781754043803,35.888671875,0.2347385330702805,0.44680851063829785
17.2,1,2,L4E,1000.0,300000,0.244140625,77.1484375,0.1055751354732175,35.888671875,0.47421770054025986,0.4651898734177215
17.2,1,3,L4I,1000.0,300000,0.244140625,76.66015625,0.03596382453344474,39.55078125,0.1295045020117722,0.5159235668789809
17.2,1,4,L5E,1000.0,300000,0.244140625,83.251953125,0.030370282508453854,38.818359375,0.14655503466244807,0.4662756598240469
17.2,1,5,L5I,1000.0,300000,0.244140625,78.125,0.009383244889852578,42.96875,0.030906097969598943,0.55
17.2,1,6,L6E,1000.0,300000,0.244140625,79.58984375,0.001141462064406049,41.50390625,0.004231680812499435,0.5214723926380368
17.2,1,7,L6I,1000.0,300000,0.244140625,78.125,0.02309212148547046,42.236328125,0.07933192156823608,0.540625
17.2,2,0,L23E,1000.0,300000,0.244140625,79.345703125,0.024387933900709067,39.794921875,0.09956193127325369,0.5015384615384615
17.2,2,1,L23I,1000.0,300000,0.244140625,82.51953125,0.01662767974355104,43.45703125,0.08414475295971927,0.5266272189349113
17.2,2,2,L4E,1000.0,300000,0.244140625,83.0078125,0.07089846984805692,40.52734375,0.3107041874956492,0.48823529411764705
17.2,2,3,L4I,1000.0,300000,0.244140625,79.1015625,0.028826083249068987,40.283203125,0.10960335163875236,0.5092592592592593
17.2,2,4,L5E,1000.0,300000,0.244140625,77.1484375,0.028967930701099483,36.376953125,0.11622998435955252,0.47151898734177217
17.2,2,5,L5I,1000.0,300000,0.244140625,79.58984375,0.008679263727422806,39.794921875,0.03028902142395018,0.5
17.2,2,6,L6E,1000.0,300000,0.244140625,79.345703125,0.0019629702365569425,41.748046875,0.005219914555298784,0.5261538461538462
17.2,2,7,L6I,1000.0,300000,0.244140625,75.68359375,0.020252843701306505,41.9921875,0.0684296425155392,0.5548387096774193
17.2,3,0,L23E,1000.0,300000,0.244140625,81.54296875,0.01981166652408844,39.794921875,0.08562405603759711,0.4880239520958084
17.2,3,1,L23I,1000.0,300000,0.244140625,79.58984375,0.016941767161526865,43.9453125,0.06940426555376909,0.5521472392638037
17.2,3,2,L4E,1000.0,300000,0.244140625,78.369140625,0.08479133838432878,41.748046875,0.2740046796548745,0.5327102803738317
17.2,3,3,L4I,1000.0,300000,0.244140625,80.322265625,0.021816834829799295,43.9453125,0.07694252033084199,0.547112462006079
17.2,3,4,L5E,1000.0,300000,0.244140625,82.51953125,0.01944026643649167,35.888671875,0.11985682564310823,0.4349112426035503
17.2,3,5,L5I,1000.0,300000,0.244140625,76.171875,0.009468260487456824,39.306640625,0.024366941902873952,0.5160256410256411
17.2,3,6,L6E,1000.0,300000,0.244140625,81.54296875,0.001562705471499137,38.330078125,0.0061063575673149725,0.47005988023952094
17.2,3,7,L6I,1000.0,300000,0.244140625,76.171875,0.02004540333320655,40.52734375,0.06252686524503726,0.532051282051282
17.2,4,0,L23E,1000.0,300000,0.244140625,75.927734375,0.028016970189591674,39.794921875,0.11010316927906394,0.5241157556270096
17.2,4,1,L23I,1000.0,300000,0.244140625,79.833984375,0.01839904334645269,38.57421875,0.11346919780652198,0.4831804281345566
17.2,4,2,L4E,1000.0,300000,0.244140625,81.54296875,0.07866257504437021,42.48046875,0.2853879253531947,0.5209580838323353
17.2,4,3,L4I,1000.0,300000,0.244140625,83.251953125,0.022158963754207867,39.794921875,0.09811749829327872,0.4780058651026393
17.2,4,4,L5E,1000.0,300000,0.244140625,83.251953125,0.026692288402610682,41.015625,0.11088390771453106,0.49266862170087977
17.2,4,5,L5I,1000.0,300000,0.244140625,79.833984375,0.007253984538487833,43.9453125,0.02500410517147777,0.5504587155963303
17.2,4,6,L6E,1000.0,300000,0.244140625,81.787109375,0.001402935666241235,37.109375,0.006229145783118396,0.4537313432835821
17.2,4,7,L6I,1000.0,300000,0.244140625,78.125,0.02000361965703868,42.48046875,0.06980667967422052,0.54375
17.2,5,0,L23E,1000.0,300000,0.244140625,78.857421875,0.02802996338133494,40.52734375,0.09348673883332745,0.5139318885448917
17.2,5,1,L23I,1000.0,300000,0.244140625,75.68359375,0.021545314112587373,36.62109375,0.1463298794380689,0.4838709677419355
17.2,5,2,L4E,1000.0,300000,0.244140625,78.369140625,0.09230475281537569,36.376953125,0.3768064548971214,0.46417445482866043
17.2,5,3,L4I,1000.0,300000,0.244140625,78.857421875,0.028670051326108198,37.353515625,0.1096210184941712,0.47368421052631576
17.2,5,4,L5E,1000.0,300000,0.244140625,83.251953125,0.02451753997825094,42.236328125,0.0952228362514024,0.5073313782991202
17.2,5,5,L5I,1000.0,300000,0.244140625,79.58984375,0.008038635479604216,40.52734375,0.02983437099372312,0.50920245398773
17.2,5,6,L6E,1000.0,300000,0.244140625,77.63671875,0.0015113096434583749,36.62109375,0.005194529937285881,0.4716981132075472
17.2,5,7,L6I,1000.0,300000,0.244140625,77.63671875,0.020980281950280538,38.0859375,0.06830329467014505,0.49056603773584906
17.2,6,0,L23E,1000.0,300000,0.244140625,83.49609375,0.025585543954800612,36.865234375,0.16623505639316516,0.4415204678362573
17.2,6,1,L23I,1000.0,300000,0.244140625,78.125,0.022677318731635705,36.62109375,0.25047143722819054,0.46875
17.2,6,2,L4E,1000.0,300000,0.244140625,78.857421875,0.10537068540860953,36.865234375,0.4185958735219988,0.4674922600619195
17.2,6,3,L4I,1000.0,300000,0.244140625,78.125,0.036176187154681676,38.818359375,0.13103492894863336,0.496875
17.2,6,4,L5E,1000.0,300000,0.244140625,77.63671875,0.029428450366478516,40.283203125,0.14242870309240702,0.5188679245283019
17.2,6,5,L5I,1000.0,300000,0.244140625,77.63671875,0.010098955740174095,37.109375,0.035151006181959196,0.4779874213836478
17.2,6,6,L6E,1000.0,300000,0.244140625,77.392578125,0.0016540716800576033,41.9921875,0.0045088788084871175,0.5425867507886435
17.2,6,7,L6I,1000.0,300000,0.244140625,81.787109375,0.02084791428082962,40.0390625,0.07710969989813336,0.48955223880597015
17.2,7,0,L23E,1000.0,300000,0.244140625,77.63671875,0.026757302440233697,37.109375,0.11426096308999442,0.4779874213836478
17.2,7,1,L23I,1000.0,300000,0.244140625,76.171875,0.02201166738610395,40.283203125,0.11703490582466895,0.5288461538461539
17.2,7,2,L4E,1000.0,300000,0.244140625,79.1015625,0.0864377545407196,41.015625,0.313773877349434,0.5185185185185185
17.2,7,3,L4I,1000.0,300000,0.244140625,77.880859375,0.033473571945464804,38.0859375,0.11363834875973915,0.4890282131661442
17.2,7,4,L5E,1000.0,300000,0.244140625,80.56640625,0.02719299539888929,38.57421875,0.12297058176637088,0.47878787878787876
17.2,7,5,L5I,1000.0,300000,0.244140625,77.1484375,0.00990379275343284,41.748046875,0.029363461381643894,0.5411392405063291
17.2,7,6,L6E,1000.0,300000,0.244140625,79.58984375,0.0014152610979331526,38.57421875,0.0051451902941788835,0.48466257668711654
17.2,7,7,L6I,1000.0,300000,0.244140625,76.416015625,0.02191311081823628,41.259765625,0.07187182319670705,0.5399361022364217
17.2,8,0,L23E,1000.0,300000,0.244140625,81.787109375,0.024054700786761946,43.9453125,0.083746800066739,0.5373134328358209
17.2,8,1,L23I,1000.0,300000,0.244140625,77.63671875,0.02283385490798001,40.0390625,0.10413636261129726,0.5157232704402516
17.2,8,2,L4E,1000.0,300000,0.244140625,79.1015625,0.09152963836205383,40.0390625,0.353256425507681,0.5061728395061729
17.2,8,3,L4I,1000.0,300000,0.244140625,83.251953125,0.023667347653959638,43.212890625,0.09491106708156802,0.5190615835777126
17.2,8,4,L5E,1000.0,300000,0.244140625,77.63671875,0.02623240229351199,43.9453125,0.09013949558413327,0.5660377358490566
17.2,8,5,L5I,1000.0,300000,0.244140625,78.369140625,0.00843883915324432,38.0859375,0.028958654412721305,0.48598130841121495
17.2,8,6,L6E,1000.0,300000,0.244140625,79.833984375,0.0014171906680788687,38.330078125,0.0054949493018732415,0.4801223241590214
17.2,8,7,L6I,1000.0,300000,0.244140625,82.03125,0.017024348600402795,39.55078125,0.07090676443488753,0.48214285714285715
17.2,9,0,L23E,1000.0,300000,0.244140625,76.416015625,0.027639391125640917,40.283203125,0.0909862100029502,0.5271565495207667
17.2,9,1,L23I,1000.0,300000,0.244140625,79.58984375,0.019602400367325586,41.50390625,0.10361334242481626,0.5214723926380368
17.2,9,2,L4E,1000.0,300000,0.244140625,78.61328125,0.08756302917613702,41.015625,0.2666722615877125,0.5217391304347826
17.2,9,3,L4I,1000.0,300000,0.244140625,78.125,0.027376817436560542,38.330078125,0.10991645239835642,0.490625
17.2,9,4,L5E,1000.0,300000,0.244140625,79.58984375,0.026226703132446554,41.50390625,0.09460265384403363,0.5214723926380368
17.2,9,5,L5I,1000.0,300000,0.244140625,77.392578125,0.008394341646324213,38.818359375,0.02771547037071107,0.501577287066246
17.2,9,6,L6E,1000.0,300000,0.244140625,81.0546875,0.0013768604714097443,37.841796875,0.005892880067515116,0.46686746987951805
17.2,9,7,L6I,1000.0,300000,0.244140625,77.1484375,0.02193245604499457,43.212890625,0.06755654338307654,0.560126582278481
17.46,0,0,L23E,1000.0,300000,0.244140625,75.68359375,0.03388836884318527,41.9921875,0.1198898743387107,0.5548387096774193
17.46,0,1,L23I,1000.0,300000,0.244140625,79.345703125,0.02548759163067985,36.376953125,0.2362576155056179,0.4584615384615385
17.46,0,2,L4E,1000.0,300000,0.244140625,82.275390625,0.09645454257864736,40.52734375,0.40104471685670173,0.49258160237388726
17.46,0,3,L4I,1000.0,300000,0.244140625,77.392578125,0.03610559425695685,36.865234375,0.14134265252695272,0.47634069400630913
17.46,0,4,L5E,1000.0,300000,0.244140625,75.439453125,0.03426775579339732,38.0859375,0.1544486420240513,0.5048543689320388
17.46,0,5,L5I,1000.0,300000,0.244140625,78.857421875,0.00966747868351458,37.109375,0.035304582351922235,0.47058823529411764
17.46,0,6,L6E,1000.0,300000,0.244140625,75.927734375,0.0015792444048494665,40.0390625,0.004639254421586169,0.5273311897106109
17.46,0,7,L6I,1000.0,300000,0.244140625,83.251953125,0.02044594076649789,37.353515625,0.07612500054519561,0.44868035190615835
17.46,1,0,L23E,1000.0,300000,0.244140625,81.0546875,0.023226248842833648,41.015625,0.0958165851447411,0.5060240963855421
17.46,1,1,L23I,1000.0,300000,0.244140625,77.63671875,0.02145135770589229,37.353515625,0.16368833235994382,0.4811320754716981
17.46,1,2,L4E,1000.0,300000,0.244140625,83.740234375,0.07858248712189246,42.236328125,0.3175781492007432,0.5043731778425656
17.46,1,3,L4I,1000.0,300000,0.244140625,82.03125,0.027377171643582,39.55078125,0.09924600542290547,0.48214285714285715
17.46,1,4,L5E,1000.0,300000,0.244140625,82.03125,0.02492976354628678,38.0859375,0.12597462765737044,0.4642857142857143
17.46,1,5,L5I,1000.0,300000,0.244140625,79.1015625,0.009122432862223794,36.1328125,0.033444971407843256,0.4567901234567901
17.46,1,6,L6E,1000.0,300000,0.244140625,77.392578125,0.0015728468800578646,40.771484375,0.004685946041809069,0.526813880126183
17.46,1,7,L6I,1000.0,300000,0.244140625,78.369140625,0.022186653009038777,42.724609375,0.07180626900919798,0.5451713395638629
17.46,2,0,L23E,1000.0,300000,0.244140625,77.1484375,0.029907424884558553,36.62109375,0.1531561812699403,0.47468354430379744
17.46,2,1,L23I,1000.0,300000,0.244140625,80.078125,0.021722102484192794,39.794921875,0.15394629494533088,0.4969512195121951
17.46,2,2,L4E,1000.0,300000,0.244140625,79.833984375,0.09826903133322341,38.0859375,0.3681054275112522,0.47706422018348627
17.46,2,3,L4I,1000.0,300000,0.244140625,82.275390625,0.02807409690481984,38.57421875,0.11564654873688286,0.4688427299703264
17.46,2,4,L5E,1000.0,300000,0.244140625,80.56640625,0.0283390688021231,39.0625,0.11807078347401219,0.48484848484848486
17.46,2,5,L5I,1000.0,300000,0.244140625,78.125,0.009379334748942996,38.0859375,0.02971791934466407,0.4875
17.46,2,6,L6E,1000.0,300000,0.244140625,76.66015625,0.0017988075563964583,37.841796875,0.005222143419473994,0.49363057324840764
17.46,2,7,L6I,1000.0,300000,0.244140625,78.125,0.022626061376636565,42.724609375,0.07043872212477899,0.546875
17.46,3,0,L23E,1000.0,300000,0.244140625,76.904296875,0.027958766119126375,35.888671875,0.14137131755475169,0.4666666666666667
17.46,3,1,L23I,1000.0,300000,0.244140625,76.416015625,0.025058337960387297,35.400390625,0.21941176004296936,0.46325878594249204
17.46,3,2,L4E,1000.0,300000,0.244140625,80.56640625,0.07977925275780957,35.64453125,0.441060982163475,0.44242424242424244
17.46,3,3,L4I,1000.0,300000,0.244140625,82.763671875,0.026637697346236895,37.59765625,0.11750579754068363,0.45427728613569324
17.46,3,4,L5E,1000.0,300000,0.244140625,76.904296875,0.03315246706248567,37.353515625,0.16415168227610594,0.4857142857142857
17.46,3,5,L5I,1000.0,300000,0.244140625,75.439453125,0.010006178822330354,41.015625,0.02890816993917955,0.5436893203883495
17.46,3,6,L6E,1000.0,300000,0.244140625,82.51953125,0.0014428554436765931,41.259765625,0.005195764284383432,0.5
17.46,3,7,L6I,1000.0,300000,0.244140625,76.171875,0.02314102972679183,35.888671875,0.08315941761335957,0.47115384615384615
17.46,4,0,L23E,1000.0,300000,0.244140625,77.1484375,0.030610884052706826,42.96875,0.09948692924559399,0.5569620253164557
17.46,4,1,L23I,1000.0,300000,0.244140625,80.078125,0.019026603824216393,39.55078125,0.12836110634486542,0.49390243902439024
17.46,4,2,L4E,1000.0,300000,0.244140625,77.1484375,0.10137332602999201,38.818359375,0.3443308733535648,0.5031645569620253
17.46,4,3,L4I,1000.0,300000,0.244140625,77.63671875,0.030860914666076624,39.0625,0.10655496118550667,0.5031446540880503
17.46,4,4,L5E,1000.0,300000,0.244140625,79.345703125,0.03269344093112566,37.59765625,0.13719982989828433,0.47384615384615386
17.46,4,5,L5I,1000.0,300000,0.244140625,75.68359375,0.00956844163348305,39.794921875,0.029304741818115026,0.5258064516129032
17.46,4,6,L6E,1000.0,300000,0.244140625,78.369140625,0.0015638710247374648,42.48046875,0.004679734844416509,0.5420560747663551
17.46,4,7,L6I,1000.0,300000,0.244140625,79.1015625,0.02162893168478742,36.62109375,0.0830729627111577,0.46296296296296297
17.46,5,0,L23E,1000.0,300000,0.244140625,78.125,0.028803931270827206,37.109375,0.15670045189971887,0.475
17.46,5,1,L23I,1000.0,300000,0.244140625,80.078125,0.020432407728181837,44.189453125,0.09564942558155834,0.551829268292683
17.46,5,2,L4E,1000.0,300000,0.244140625,76.416015625,0.11576403319012177,41.015625,0.36766718360348205,0.536741214057508
17.46,5,3,L4I,1000.0,300000,0.244140625,79.58984375,0.02957067248594426,38.0859375,0.12448082852916434,0.4785276073619632
17.46,5,4,L5E,1000.0,300000,0.244140625,77.880859375,0.03124554423509014,37.353515625,0.16652501570866657,0.47962382445141066
17.46,5,5,L5I,1000.0,300000,0.244140625,76.416015625,0.00996972384091018,39.794921875,0.03272151221802025,0.5207667731629393
17.46,5,6,L6E,1000.0,300000,0.244140625,77.1484375,0.0015348930434148954,39.0625,0.004984781147486931,0.5063291139240507
17.46,5,7,L6I,1000.0,300000,0.244140625,76.66015625,0.023349501239423903,39.0625,0.07934726908459262,0.5095541401273885
17.46,6,0,L23E,1000.0,300000,0.244140625,76.171875,0.028298982299616887,36.1328125,0.1474743696378309,0.47435897435897434
17.46,6,1,L23I,1000.0,300000,0.244140625,77.880859375,0.019657206308327773,35.400390625,0.17984478422156663,0.45454545454545453
17.46,6,2,L4E,1000.0,300000,0.244140625,78.61328125,0.09620735341572753,38.0859375,0.3521243797661177,0.484472049689441
17.46,6,3,L4I,1000.0,300000,0.244140625,80.810546875,0.026534987335567455,38.818359375,0.11869390629818093,0.48036253776435045
17.46,6,4,L5E,1000.0,300000,0.244140625,76.171875,0.03351659922832137,36.62109375,0.153790765908763,0.4807692307692308
17.46,6,5,L5I,1000.0,300000,0.244140625,78.369140625,0.008913504823288919,38.0859375,0.0307114660011856,0.48598130841121495
17.46,6,6,L6E,1000.0,300000,0.244140625,77.1484375,0.001677231344624599,35.64453125,0.005917115851873022,0.4620253164556962
17.46,6,7,L6I,1000.0,300000,0.244140625,81.298828125,0.020006899736162573,38.57421875,0.07404336408344993,0.4744744744744745
17.46,7,0,L23E,1000.0,300000,0.244140625,79.345703125,0.025392822886568505,39.55078125,0.10894443982381953,0.49846153846153846
17.46,7,1,L23I,1000.0,300000,0.244140625,80.56640625,0.018832284204373217,36.376953125,0.19306487481996346,0.45151515151515154
17.46,7,2,L4E,1000.0,300000,0.244140625,79.345703125,0.09033610231351052,36.62109375,0.3694340688121032,0.46153846153846156
17.46,7,3,L4I,1000.0,300000,0.244140625,79.833984375,0.0282237791919476,37.109375,0.11059158668996841,0.4648318042813456
17.46,7,4,L5E,1000.0,300000,0.244140625,79.345703125,0.029440281484837343,36.376953125,0.15315888058786473,0.4584615384615385
17.46,7,5,L5I,1000.0,300000,0.244140625,80.322265625,0.008712708388563117,40.52734375,0.029068469689024694,0.5045592705167173
17.46,7,6,L6E,1000.0,300000,0.244140625,78.369140625,0.001544061978593746,39.55078125,0.004940691111496178,0.5046728971962616
17.46,7,7,L6I,1000.0,300000,0.244140625,80.078125,0.01802565978122015,39.794921875,0.07460395238816075,0.4969512195121951
17.46,8,0,L23E,1000.0,300000,0.244140625,80.078125,0.025191446742593798,37.59765625,0.1494519178324535,0.4695121951219512
17.46,8,1,L23I,1000.0,300000,0.244140625,77.1484375,0.03056282074964746,36.62109375,0.1957495835437356,0.47468354430379744
17.46,8,2,L4E,1000.0,300000,0.244140625,83.251953125,0.08905960234162043,41.50390625,0.331569186640929,0.49853372434017595
17.46,8,3,L4I,1000.0,300000,0.244140625,75.927734375,0.0367529342144876,39.794921875,0.11555696366827718,0.5241157556270096
17.46,8,4,L5E,1000.0,300000,0.244140625,78.369140625,0.02730224367730969,38.57421875,0.14353184123153195,0.49221183800623053
17.46,8,5,L5I,1000.0,300000,0.244140625,77.1484375,0.009829379145193946,37.841796875,0.03336140242260684,0.49050632911392406
17.46,8,6,L6E,1000.0,300000,0.244140625,78.857421875,0.0013123137693545268,41.9921875,0.004413069181052303,0.5325077399380805
17.46,8,7,L6I,1000.0,300000,0.244140625,79.1015625,0.02238308805141567,37.353515625,0.07988042778684754,0.4722222222222222
17.46,9,0,L23E,1000.0,300000,0.244140625,77.880859375,0.03110773811001142,39.306640625,0.168520638959198,0.5047021943573667
17.46,9,1,L23I,1000.0,300000,0.244140625,83.251953125,0.020380632578723818,37.353515625,0.22378901973447488,0.44868035190615835
17.46,9,2,L4E,1000.0,300000,0.244140625,76.171875,0.1244169845471591,35.64453125,0.5283967701109601,0.46794871794871795
17.46,9,3,L4I,1000.0,300000,0.244140625,81.787109375,0.03035438524597348,37.841796875,0.14054825597205953,0.4626865671641791
17.46,9,4,L5E,1000.0,300000,0.244140625,79.58984375,0.028969863013835646,37.59765625,0.16183127139692646,0.4723926380368098
17.46,9,5,L5I,1000.0,300000,0.244140625,75.927734375,0.012147906407986938,38.330078125,0.03834741870300775,0.5048231511254019
17.46,9,6,L6E,1000.0,300000,0.244140625,77.63671875,0.0011603894418382803,39.0625,0.00421442431761752,0.5031446540880503
17.46,9,7,L6I,1000.0,300000,0.244140625,77.880859375,0.025336732052203204,40.52734375,0.09139072063843923,0.5203761755485894
17.71,0,0,L23E,1000.0,300000,0.244140625,81.0546875,0.021180370624222566,39.55078125,0.14406686842728048,0.4879518072289157
17.71,0,1,L23I,1000.0,300000,0.244140625,75.68359375,0.029717020613970496,40.52734375,0.165341400712159,0.535483870967742
17.71,0,2,L4E,1000.0,300000,0.244140625,83.251953125,0.10122106628132416,37.353515625,0.49868379844085714,0.44868035190615835
17.71,0,3,L4I,1000.0,300000,0.244140625,78.369140625,0.035708332811912886,41.748046875,0.11928478649281304,0.5327102803738317
17.71,0,4,L5E,1000.0,300000,0.244140625,77.880859375,0.03456138779738058,43.701171875,0.11765226888301862,0.5611285266457681
17.71,0,5,L5I,1000.0,300000,0.244140625,79.833984375,0.009161295986352475,36.376953125,0.03937990427880612,0.45565749235474007
17.71,0,6,L6E,1000.0,300000,0.244140625,79.58984375,0.0013842556830129585,38.818359375,0.004330916229146935,0.48773006134969327
17.71,0,7,L6I,1000.0,300000,0.244140625,81.298828125,0.022624128405815767,36.865234375,0.08928347678473095,0.45345345345345345
17.71,1,0,L23E,1000.0,300000,0.244140625,76.66015625,0.03286852159955936,39.0625,0.1391694525305049,0.5095541401273885
17.71,1,1,L23I,1000.0,300000,0.244140625,77.1484375,0.025851179792215073,36.1328125,0.20972804877626233,0.46835443037974683
17.71,1,2,L4E,1000.0,300000,0.244140625,80.078125,0.11657846653939939,38.330078125,0.4618439643027863,0.47865853658536583
17.71,1,3,L4I,1000.0,300000,0.244140625,82.763671875,0.028519012474126373,38.818359375,0.12876505228058419,0.4690265486725664
17.71,1,4,L5E,1000.0,300000,0.244140625,82.03125,0.02737326118892906,43.9453125,0.1241719677994528,0.5357142857142857
17.71,1,5,L5I,1000.0,300000,0.244140625,78.125,0.011773832624115455,40.771484375,0.031727688514371556,0.521875
17.71,1,6,L6E,1000.0,300000,0.244140625,76.66015625,0.0015853798275025435,41.748046875,0.004184911073867399,0.5445859872611465
17.71,1,7,L6I,1000.0,300000,0.244140625,78.857421875,0.02592368614607457,41.259765625,0.07199626573986873,0.5232198142414861
17.71,2,0,L23E,1000.0,300000,0.244140625,76.171875,0.03479463008116489,38.330078125,0.1671499584671605,0.5032051282051282
17.71,2,1,L23I,1000.0,300000,0.244140625,81.787109375,0.021803801612512917,38.818359375,0.18216909030832965,0.4746268656716418
17.71,2,2,L4E,1000.0,300000,0.244140625,78.61328125,0.11075584046957354,43.45703125,0.331943051552799,0.5527950310559007
17.71,2,3,L4I,1000.0,300000,0.244140625,75.439453125,0.04038331037711129,35.888671875,0.1592034673333189,0.47572815533980584
17.71,2,4,L5E,1000.0,300000,0.244140625,81.0546875,0.0332911230643168,35.888671875,0.18684563978426186,0.4427710843373494
17.71,2,5,L5I,1000.0,300000,0.244140625,76.66015625,0.010951400405407923,38.330078125,0.035904208649093966,0.5
17.71,2,6,L6E,1000.0,300000,0.244140625,80.56640625,0.0010584253330806076,35.64453125,0.0048658569564238195,0.44242424242424244
17.71,2,7,L6I,1000.0,300000,0.244140625,82.275390625,0.02169514005699299,40.283203125,0.08873601966874872,0.4896142433234421
17.71,3,0,L23E,1000.0,300000,0.244140625,81.298828125,0.025367991120714493,39.306640625,0.1270058580977156,0.48348348348348347
17.71,3,1,L23I,1000.0,300000,0.244140625,77.63671875,0.02310752240165723,36.1328125,0.1950333540241286,0.46540880503144655
17.71,3,2,L4E,1000.0,300000,0.244140625,82.03125,0.08345719966850652,35.400390625,0.4641347910032954,0.43154761904761907
17.71,3,3,L4I,1000.0,300000,0.244140625,77.1484375,0.034767364021693684,36.1328125,0.12321477689093374,0.46835443037974683
17.71,3,4,L5E,1000.0,300000,0.244140625,77.880859375,0.029669173338115234,40.283203125,0.1224158171073143,0.5172413793103449
17.71,3,5,L5I,1000.0,300000,0.244140625,81.787109375,0.008017881440457954,42.724609375,0.029535108961467733,0.5223880597014925
17.71,3,6,L6E,1000.0,300000,0.244140625,78.61328125,0.001522993647132463,36.865234375,0.005547889440698852,0.468944099378882
17.71,3,7,L6I,1000.0,300000,0.244140625,83.251953125,0.01801240482610766,39.794921875,0.0747358320301949,0.4780058651026393
17.71,4,0,L23E,1000.0,300000,0.244140625,82.51953125,0.02014933974370869,38.57421875,0.1127681213216728,0.46745562130177515
17.71,4,1,L23I,1000.0,300000,0.244140625,77.63671875,0.023101429176481638,37.353515625,0.15348364927482347,0.4811320754716981
17.71,4,2,L4E,1000.0,300000,0.244140625,80.56640625,0.09405596321430747,41.748046875,0.31471110572223554,0.5181818181818182
17.71,4,3,L4I,1000.0,300000,0.244140625,79.833984375,0.028130414438432404,40.283203125,0.10039227573583244,0.5045871559633027
17.71,4,4,L5E,1000.0,300000,0.244140625,80.078125,0.027033104782722094,41.015625,0.11786359972261672,0.5121951219512195
17.71,4,5,L5I,1000.0,300000,0.244140625,82.763671875,0.00730319684263382,40.771484375,0.029282238069418508,0.49262536873156343
17.71,4,6,L6E,1000.0,300000,0.244140625,79.58984375,0.0015765071660577032,39.306640625,0.005424185603002849,0.4938650306748466
17.71,4,7,L6I,1000.0,300000,0.244140625,75.927734375,0.024627577434957953,39.794921875,0.07520222909941474,0.5241157556270096
17.71,5,0,L23E,1000.0,300000,0.244140625,79.1015625,0.027032516962082392,41.50390625,0.10704641938014677,0.5246913580246914
17.71,5,1,L23I,1000.0,300000,0.244140625,82.763671875,0.021578278827824614,39.794921875,0.16608843183791003,0.4808259587020649
17.71,5,2,L4E,1000.0,300000,0.244140625,76.416015625,0.11334205830377808,42.96875,0.337768775173652,0.5623003194888179
17.71,5,3,L4I,1000.0,300000,0.244140625,83.251953125,0.0265676659081998,36.865234375,0.11524101958154043,0.44281524926686217
17.71,5,4,L5E,1000.0,300000,0.244140625,78.369140625,0.03424948805650369,41.50390625,0.12440877535798076,0.5295950155763239
17.71,5,5,L5I,1000.0,300000,0.244140625,78.369140625,0.00936517904701005,38.57421875,0.03293498744295796,0.49221183800623053
17.71,5,6,L6E,1000.0,300000,0.244140625,81.54296875,0.001144494075932709,41.259765625,0.0051074483745334135,0.5059880239520959
17.71,5,7,L6I,1000.0,300000,0.244140625,77.1484375,0.024369815022544063,39.0625,0.07535163058263346,0.5063291139240507
17.71,6,0,L23E,1000.0,300000,0.244140625,78.61328125,0.02672318174317007,41.9921875,0.09586302475746099,0.5341614906832298
17.71,6,1,L23I,1000.0,300000,0.244140625,82.51953125,0.01757024151947781,38.57421875,0.14659473854386096,0.46745562130177515
17.71,6,2,L4E,1000.0,300000,0.244140625,79.833984375,0.09578068615123053,38.818359375,0.36800887971722596,0.48623853211009177
17.71,6,3,L4I,1000.0,300000,0.244140625,75.439453125,0.03264067885060624,41.259765625,0.108874633857089,0.5469255663430421
17.71,6,4,L5E,1000.0,300000,0.244140625,77.1484375,0.03184797097330702,43.45703125,0.10669020912479146,0.5632911392405063
17.71,6,5,L5I,1000.0,300000,0.244140625,77.392578125,0.010539249396419561,40.0390625,0.031528588487843914,0.5173501577287066
17.71,6,6,L6E,1000.0,300000,0.244140625,82.03125,0.0012917687482843347,36.376953125,0.00523505148515183,0.44345238095238093
17.71,6,7,L6I,1000.0,300000,0.244140625,80.322265625,0.01936555694167865,40.283203125,0.07547994675182432,0.5015197568389058
17.71,7,0,L23E,1000.0,300000,0.244140625,79.1015625,0.024044841021622625,38.818359375,0.1096103716494205,0.49074074074074076
17.71,7,1,L23I,1000.0,300000,0.244140625,81.0546875,0.019488460234917574,36.376953125,0.1834006817242706,0.44879518072289154
17.71,7,2,L4E,1000.0,300000,0.244140625,78.61328125,0.09156208189247325,38.0859375,0.3441879361275821,0.484472049689441
17.71,7,3,L4I,1000.0,300000,0.244140625,75.927734375,0.03412028978998072,37.841796875,0.11809793752451066,0.4983922829581994
17.71,7,4,L5E,1000.0,300000,0.244140625,78.369140625,0.025907360404319964,39.794921875,0.11852744935927861,0.5077881619937694
17.71,7,5,L5I,1000.0,300000,0.244140625,77.392578125,0.009145000632981789,41.015625,0.02906020832401178,0.5299684542586751
17.71,7,6,L6E,1000.0,300000,0.244140625,80.56640625,0.0016857591645777186,37.109375,0.005891350725397571,0.46060606060606063
17.71,7,7,L6I,1000.0,300000,0.244140625,80.322265625,0.018758344766016954,40.0390625,0.06667029564616517,0.49848024316109424
17.71,8,0,L23E,1000.0,300000,0.244140625,77.1484375,0.03343130741059308,37.841796875,0.16055470657864263,0.49050632911392406
17.71,8,1,L23I,1000.0,300000,0.244140625,77.392578125,0.021900440028182273,42.724609375,0.09538932301544403,0.5520504731861199
17.71,8,2,L4E,1000.0,300000,0.244140625,79.58984375,0.1010212492823349,42.724609375,0.32275724884480467,0.5368098159509203
17.71,8,3,L4I,1000.0,300000,0.244140625,78.369140625,0.030374536359390397,42.96875,0.09965778451387827,0.5482866043613707
17.71,8,4,L5E,1000.0,300000,0.244140625,79.833984375,0.02749283282795586,37.841796875,0.14896132729407072,0.4740061162079511
17.71,8,5,L5I,1000.0,300000,0.244140625,77.392578125,0.009615073665302383,36.1328125,0.03474590577941695,0.4668769716088328
17.71,8,6,L6E,1000.0,300000,0.244140625,82.51953125,0.0011261198778847806,39.0625,0.004468530539180235,0.47337278106508873
17.71,8,7,L6I,1000.0,300000,0.244140625,83.0078125,0.016209132202433425,35.888671875,0.08438220945620041,0.4323529411764706
17.71,9,0,L23E,1000.0,300000,0.244140625,76.171875,0.028340187302041034,36.62109375,0.15065490416081692,0.4807692307692308
17.71,9,1,L23I,1000.0,300000,0.244140625,79.833984375,0.024799157300549456,41.9921875,0.11057533214142165,0.5259938837920489
17.71,9,2,L4E,1000.0,300000,0.244140625,79.1015625,0.09868297368640334,39.55078125,0.3625722128424441,0.5
17.71,9,3,L4I,1000.0,300000,0.244140625,75.927734375,0.033478720228266264,35.888671875,0.11449571080786003,0.47266881028938906
17.71,9,4,L5E,1000.0,300000,0.244140625,78.125,0.028680819781710387,38.57421875,0.12608072411776053,0.49375
17.71,9,5,L5I,1000.0,300000,0.244140625,80.322265625,0.008500466656125203,36.865234375,0.031159726432924507,0.45896656534954405
17.71,9,6,L6E,1000.0,300000,0.244140625,80.810546875,0.0013127209812005625,40.0390625,0.004978774445583554,0.4954682779456193
17.71,9,7,L6I,1000.0,300000,0.244140625,79.58984375,0.02050291010282322,39.0625,0.07498483483051996,0.49079754601226994
17.97,0,0,L23E,1000.0,300000,0.244140625,79.1015625,0.03426062040042366,37.109375,0.14933692122778375,0.4691358024691358
17.97,0,1,L23I,1000.0,300000,0.244140625,83.740234375,0.019016450702892002,38.330078125,0.1598184345626899,0.4577259475218659
17.97,0,2,L4E,1000.0,300000,0.244140625,82.51953125,0.08606962737275854,38.57421875,0.3705736072834822,0.46745562130177515
17.97,0,3,L4I,1000.0,300000,0.244140625,77.63671875,0.033820819793970086,38.818359375,0.11830455972907332,0.5
17.97,0,4,L5E,1000.0,300000,0.244140625,75.68359375,0.03480040082023267,41.50390625,0.12338053692051262,0.5483870967741935
17.97,0,5,L5I,1000.0,300000,0.244140625,82.51953125,0.007668883474667329,37.59765625,0.033402191583505346,0.4556213017751479
17.97,0,6,L6E,1000.0,300000,0.244140625,83.251953125,0.0015296336815894054,41.748046875,0.004437790637798107,0.501466275659824
17.97,0,7,L6I,1000.0,300000,0.244140625,81.787109375,0.020131477386432943,37.353515625,0.08562863188625784,0.45671641791044776
17.97,1,0,L23E,1000.0,300000,0.244140625,81.298828125,0.024909834763470463,36.62109375,0.15691540741117924,0.45045045045045046
17.97,1,1,L23I,1000.0,300000,0.244140625,80.322265625,0.019435698458383922,36.62109375,0.1726848250427008,0.45592705167173253
17.97,1,2,L4E,1000.0,300000,0.244140625,81.787109375,0.08325074517291822,44.189453125,0.2940780032405478,0.5402985074626866
17.97,1,3,L4I,1000.0,300000,0.244140625,78.369140625,0.03397024028178962,42.236328125,0.1110246381041614,0.5389408099688473
17.97,1,4,L5E,1000.0,300000,0.244140625,76.66015625,0.03332730456241142,39.0625,0.12603469662449027,0.5095541401273885
17.97,1,5,L5I,1000.0,300000,0.244140625,79.1015625,0.009132883181797542,40.52734375,0.03194309804488518,0.5123456790123457
17.97,1,6,L6E,1000.0,300000,0.244140625,77.63671875,0.001443308664640242,39.55078125,0.004885137500494401,0.5094339622641509
17.97,1,7,L6I,1000.0,300000,0.244140625,76.171875,0.02230893330941572,37.353515625,0.07265368369510279,0.49038461538461536
17.97,2,0,L23E,1000.0,300000,0.244140625,79.833984375,0.025719448532352474,35.64453125,0.17253747726083749,0.44648318042813456
17.97,2,1,L23I,1000.0,300000,0.244140625,79.58984375,0.019507538577276187,36.865234375,0.20242483289167798,0.46319018404907975
17.97,2,2,L4E,1000.0,300000,0.244140625,75.68359375,0.12148524116531136,42.48046875,0.36144016012748487,0.5612903225806452
17.97,2,3,L4I,1000.0,300000,0.244140625,77.392578125,0.0357370357538892,44.43359375,0.10051541929348294,0.5741324921135647
17.97,2,4,L5E,1000.0,300000,0.244140625,76.416015625,0.03415125909366183,40.771484375,0.1312276254014217,0.5335463258785943
17.97,2,5,L5I,1000.0,300000,0.244140625,76.66015625,0.009975491054085626,39.0625,0.03018507656221501,0.5095541401273885
17.97,2,6,L6E,1000.0,300000,0.244140625,79.1015625,0.001250522802164676,35.64453125,0.005047160686426261,0.4506172839506173
17.97,2,7,L6I,1000.0,300000,0.244140625,79.833984375,0.021899517687129805,39.306640625,0.08345113087238991,0.4923547400611621
17.97,3,0,L23E,1000.0,300000,0.244140625,76.171875,0.028770002851194697,42.96875,0.09775853716385503,0.5641025641025641
17.97,3,1,L23I,1000.0,300000,0.244140625,78.125,0.025102655154537003,36.62109375,0.2514109217612726,0.46875
17.97,3,2,L4E,1000.0,300000,0.244140625,81.0546875,0.10285169964933524,40.0390625,0.3797886995681487,0.4939759036144578
17.97,3,3,L4I,1000.0,300000,0.244140625,76.171875,0.03916828785582238,39.794921875,0.1260896628467149,0.5224358974358975
17.97,3,4,L5E,1000.0,300000,0.244140625,77.63671875,0.031569398137768864,41.748046875,0.12335013869899743,0.5377358490566038
17.97,3,5,L5I,1000.0,300000,0.244140625,80.56640625,0.010120725083166016,41.9921875,0.0328243372943792,0.5212121212121212
17.97,3,6,L6E,1000.0,300000,0.244140625,78.369140625,0.0013265615114239763,43.701171875,0.004323907119112009,0.557632398753894
17.97,3,7,L6I,1000.0,300000,0.244140625,78.61328125,0.02263279503004692,36.62109375,0.0887982611555038,0.4658385093167702
17.97,4,0,L23E,1000.0,300000,0.244140625,77.880859375,0.029082041471523896,35.64453125,0.16470217866001688,0.45768025078369906
17.97,4,1,L23I,1000.0,300000,0.244140625,76.416015625,0.024812708958106264,38.818359375,0.2032944209232245,0.5079872204472844
17.97,4,2,L4E,1000.0,300000,0.244140625,82.275390625,0.10417799351952366,35.400390625,0.5454444594354894,0.43026706231454004
17.97,4,3,L4I,1000.0,300000,0.244140625,76.171875,0.0367007933869119,41.259765625,0.13210045415419594,0.5416666666666666
17.97,4,4,L5E,1000.0,300000,0.244140625,81.787109375,0.030145499707238742,41.50390625,0.142974426400922,0.5074626865671642
17.97,4,5,L5I,1000.0,300000,0.244140625,76.66015625,0.01099469801522341,41.50390625,0.03350433062921202,0.5414012738853503
17.97,4,6,L6E,1000.0,300000,0.244140625,82.763671875,0.0013788392497993075,41.9921875,0.004893978556423179,0.5073746312684366
17.97,4,7,L6I,1000.0,300000,0.244140625,76.904296875,0.023891284290646714,37.841796875,0.07858127894977418,0.49206349206349204
17.97,5,0,L23E,1000.0,300000,0.244140625,80.56640625,0.024757349681002412,36.62109375,0.1361756619782193,0.45454545454545453
17.97,5,1,L23I,1000.0,300000,0.244140625,81.787109375,0.017849667494033737,41.015625,0.11123560334169906,0.5014925373134328
17.97,5,2,L4E,1000.0,300000,0.244140625,79.833984375,0.08806445673132533,36.376953125,0.3557505907126879,0.45565749235474007
17.97,5,3,L4I,1000.0,300000,0.244140625,76.416015625,0.03383556966748284,42.96875,0.09685458746331428,0.5623003194888179
17.97,5,4,L5E,1000.0,300000,0.244140625,79.345703125,0.02876782904878805,35.400390625,0.14573881772476965,0.4461538461538462
17.97,5,5,L5I,1000.0,300000,0.244140625,77.63671875,0.008359133314857818,41.50390625,0.027454600940408753,0.5345911949685535
17.97,5,6,L6E,1000.0,300000,0.244140625,76.66015625,0.0017808229797309793,40.0390625,0.005325824253552594,0.5222929936305732
17.97,5,7,L6I,1000.0,300000,0.244140625,79.345703125,0.02010265086688932,35.888671875,0.07358976192758976,0.4523076923076923
17.97,6,0,L23E,1000.0,300000,0.244140625,78.61328125,0.03443681318614888,36.1328125,0.19698157724073803,0.45962732919254656
17.97,6,1,L23I,1000.0,300000,0.244140625,80.810546875,0.022135790117681898,36.62109375,0.25725599155630335,0.45317220543806647
17.97,6,2,L4E,1000.0,300000,0.244140625,83.251953125,0.11480353709208738,39.794921875,0.40049260023359073,0.4780058651026393
17.97,6,3,L4I,1000.0,300000,0.244140625,82.03125,0.03042552642102735,41.50390625,0.13146160679014998,0.5059523809523809
17.97,6,4,L5E,1000.0,300000,0.244140625,78.369140625,0.03430263509659384,42.48046875,0.11878367455336677,0.5420560747663551
17.97,6,5,L5I,1000.0,300000,0.244140625,82.03125,0.009705377134245746,38.818359375,0.03624187995594958,0.4732142857142857
17.97,6,6,L6E,1000.0,300000,0.244140625,76.66015625,0.0011802967224524134,39.55078125,0.003670704739553969,0.5159235668789809
17.97,6,7,L6I,1000.0,300000,0.244140625,76.904296875,0.02504500646491733,43.212890625,0.08889606206073972,0.5619047619047619
17.97,7,0,L23E,1000.0,300000,0.244140625,76.66015625,0.03225290074630568,35.64453125,0.1898061843644939,0.46496815286624205
17.97,7,1,L23I,1000.0,300000,0.244140625,78.61328125,0.024051160479631316,36.1328125,0.29968850537042246,0.45962732919254656
17.97,7,2,L4E,1000.0,300000,0.244140625,78.369140625,0.12480340408272245,40.771484375,0.417544008308695,0.5202492211838006
17.97,7,3,L4I,1000.0,300000,0.244140625,77.880859375,0.0372184232908299,43.9453125,0.1335356847300183,0.5642633228840125
17.97,7,4,L5E,1000.0,300000,0.244140625,83.251953125,0.034415672452056574,36.1328125,0.2089242047683477,0.4340175953079179
17.97,7,5,L5I,1000.0,300000,0.244140625,76.66015625,0.012265730127762272,38.57421875,0.03921721910759958,0.5031847133757962
17.97,7,6,L6E,1000.0,300000,0.244140625,80.322265625,0.0011324729465403806,41.015625,0.003818549035842871,0.5106382978723404
17.97,7,7,L6I,1000.0,300000,0.244140625,77.392578125,0.02715113545647838,43.212890625,0.08528122004153373,0.5583596214511041
17.97,8,0,L23E,1000.0,300000,0.244140625,82.51953125,0.023666082823001863,35.64453125,0.18590328288039676,0.4319526627218935
17.97,8,1,L23I,1000.0,300000,0.244140625,81.787109375,0.020445158780105853,41.748046875,0.11637626785107774,0.5104477611940299
17.97,8,2,L4E,1000.0,300000,0.244140625,80.810546875,0.09496050289231235,37.109375,0.35425993118294113,0.459214501510574
17.97,8,3,L4I,1000.0,300000,0.244140625,81.0546875,0.025312922657010524,38.330078125,0.11967426177794586,0.47289156626506024
17.97,8,4,L5E,1000.0,300000,0.244140625,78.61328125,0.028263723077164876,38.0859375,0.1392028770915299,0.484472049689441
17.97,8,5,L5I,1000.0,300000,0.244140625,81.54296875,0.007976747575354914,39.0625,0.03215977979180732,0.47904191616766467
17.97,8,6,L6E,1000.0,300000,0.244140625,76.416015625,0.0017816939013554248,38.57421875,0.00482350918659488,0.5047923322683706
17.97,8,7,L6I,1000.0,300000,0.244140625,79.1015625,0.020627648138178155,41.015625,0.07445375089988669,0.5185185185185185
17.97,9,0,L23E,1000.0,300000,0.244140625,80.078125,0.026933223981366286,36.1328125,0.16239069324279928,0.45121951219512196
17.97,9,1,L23I,1000.0,300000,0.244140625,76.416015625,0.027183171886703363,40.771484375,0.10392643167272224,0.5335463258785943
17.97,9,2,L4E,1000.0,300000,0.244140625,77.392578125,0.09873157648696465,40.52734375,0.3259683883751488,0.5236593059936908
17.97,9,3,L4I,1000.0,300000,0.244140625,77.392578125,0.029896551494357677,38.818359375,0.13314240685970616,0.501577287066246
17.97,9,4,L5E,1000.0,300000,0.244140625,81.0546875,0.030282314878161447,40.771484375,0.12506018768849786,0.5030120481927711
17.97,9,5,L5I,1000.0,300000,0.244140625,79.833984375,0.008614907289168316,36.62109375,0.032742360749653907,0.45871559633027525
17.97,9,6,L6E,1000.0,300000,0.244140625,80.56640625,0.0012836742022168143,38.57421875,0.004485978141761408,0.47878787878787876
17.97,9,7,L6I,1000.0,300000,0.244140625,78.857421875,0.024623697501469196,44.189453125,0.06960644975456691,0.5603715170278638
18.22,0,0,L23E,1000.0,300000,0.244140625,81.54296875,0.027243457527016242,42.236328125,0.10692700657284097,0.5179640718562875
18.22,0,1,L23I,1000.0,300000,0.244140625,81.787109375,0.02038649424116465,42.236328125,0.10426784227248534,0.5164179104477612
18.22,0,2,L4E,1000.0,300000,0.244140625,77.63671875,0.11008720428372384,37.841796875,0.414905987966213,0.48742138364779874
18.22,0,3,L4I,1000.0,300000,0.244140625,77.1484375,0.03752107992806306,42.236328125,0.10404023816488153,0.5474683544303798
18.22,0,4,L5E,1000.0,300000,0.244140625,79.58984375,0.02727320529513508,37.109375,0.15946203885451118,0.4662576687116564
18.22,0,5,L5I,1000.0,300000,0.244140625,76.904296875,0.010385969712296177,38.330078125,0.03363073290351124,0.4984126984126984
18.22,0,6,L6E,1000.0,300000,0.244140625,79.1015625,0.0011786377283509574,41.259765625,0.004074501596655624,0.5216049382716049
18.22,0,7,L6I,1000.0,300000,0.244140625,81.298828125,0.021302477738785474,36.1328125,0.08354853572309302,0.4444444444444444
18.22,1,0,L23E,1000.0,300000,0.244140625,76.66015625,0.03194290324350092,36.376953125,0.16158470724751445,0.4745222929936306
18.22,1,1,L23I,1000.0,300000,0.244140625,82.51953125,0.018519528774189564,36.1328125,0.2090229831447918,0.4378698224852071
18.22,1,2,L4E,1000.0,300000,0.244140625,82.275390625,0.09138110486998866,39.794921875,0.36243104209203236,0.4836795252225519
18.22,1,3,L4I,1000.0,300000,0.244140625,79.345703125,0.03185478437594357,43.212890625,0.11323786498022277,0.5446153846153846
18.22,1,4,L5E,1000.0,300000,0.244140625,81.54296875,0.02838769712232476,35.400390625,0.16783561547238945,0.4341317365269461
18.22,1,5,L5I,1000.0,300000,0.244140625,77.880859375,0.009387560197292685,35.888671875,0.032642062625767354,0.4608150470219436
18.22,1,6,L6E,1000.0,300000,0.244140625,79.1015625,0.00137133503830208,39.0625,0.004308522377863789,0.49382716049382713
18.22,1,7,L6I,1000.0,300000,0.244140625,78.125,0.02418604508842841,39.55078125,0.07940563910577829,0.50625
18.22,2,0,L23E,1000.0,300000,0.244140625,80.56640625,0.02777251913217534,38.0859375,0.1436312192550255,0.4727272727272727
18.22,2,1,L23I,1000.0,300000,0.244140625,78.61328125,0.02242466599157609,42.236328125,0.12807705517038392,0.5372670807453416
18.22,2,2,L4E,1000.0,300000,0.244140625,77.392578125,0.10500285568293005,42.96875,0.4359853576305737,0.555205047318612
18.22,2,3,L4I,1000.0,300000,0.244140625,78.369140625,0.03268950211635895,37.109375,0.15059005779832316,0.4735202492211838
18.22,2,4,L5E,1000.0,300000,0.244140625,81.787109375,0.027893837098155107,37.353515625,0.17903958908462084,0.45671641791044776
18.22,2,5,L5I,1000.0,300000,0.244140625,83.984375,0.007729269256822391,40.283203125,0.03418118640261748,0.4796511627906977
18.22,2,6,L6E,1000.0,300000,0.244140625,80.078125,0.0011710042705416316,42.48046875,0.004117184842845564,0.5304878048780488
18.22,2,7,L6I,1000.0,300000,0.244140625,76.904296875,0.02616877991928114,38.57421875,0.09331639036191973,0.5015873015873016
18.22,3,0,L23E,1000.0,300000,0.244140625,80.810546875,0.02366471364464074,36.865234375,0.16380119332356174,0.4561933534743202
18.22,3,1,L23I,1000.0,300000,0.244140625,76.66015625,0.026819191501274604,42.236328125,0.12724757556984576,0.5509554140127388
18.22,3,2,L4E,1000.0,300000,0.244140625,82.763671875,0.09592691988645095,39.55078125,0.3954095201919324,0.4778761061946903
18.22,3,3,L4I,1000.0,300000,0.244140625,81.54296875,0.02633208193398643,35.64453125,0.1541501769653398,0.437125748502994
18.22,3,4,L5E,1000.0,300000,0.244140625,76.66015625,0.03566579994398194,42.96875,0.11729951311810545,0.5605095541401274
18.22,3,5,L5I,1000.0,300000,0.244140625,79.1015625,0.009740177725750152,40.283203125,0.03370276775443309,0.5092592592592593
18.22,3,6,L6E,1000.0,300000,0.244140625,82.275390625,0.0010514678314872317,39.794921875,0.004261029074838791,0.4836795252225519
18.22,3,7,L6I,1000.0,300000,0.244140625,76.171875,0.02920729747609629,42.724609375,0.07311224130943973,0.5608974358974359
18.22,4,0,L23E,1000.0,300000,0.244140625,75.68359375,0.033993131753520436,38.330078125,0.1717064002461796,0.5064516129032258
18.22,4,1,L23I,1000.0,300000,0.244140625,80.078125,0.025926469737484838,41.259765625,0.18079355309393522,0.5152439024390244
18.22,4,2,L4E,1000.0,300000,0.244140625,79.345703125,0.11327957862995783,44.43359375,0.3632895479777514,0.56
18.22,4,3,L4I,1000.0,300000,0.244140625,78.369140625,0.035594786873102795,38.0859375,0.14441550653050245,0.48598130841121495
18.22,4,4,L5E,1000.0,300000,0.244140625,83.251953125,0.0258854280074168,36.865234375,0.20968534712620845,0.44281524926686217
18.22,4,5,L5I,1000.0,300000,0.244140625,76.904296875,0.011370019056401072,41.748046875,0.03378983309366568,0.5428571428571428
18.22,4,6,L6E,1000.0,300000,0.244140625,82.275390625,0.0010851456406095054,41.259765625,0.003804147785956401,0.5014836795252225
18.22,4,7,L6I,1000.0,300000,0.244140625,83.49609375,0.021171582624376486,36.865234375,0.0902278116480441,0.4415204678362573
18.22,5,0,L23E,1000.0,300000,0.244140625,83.251953125,0.021938675519668445,36.865234375,0.15391144989417554,0.44281524926686217
18.22,5,1,L23I,1000.0,300000,0.244140625,76.904296875,0.026456673007083674,40.283203125,0.14638536493178037,0.5238095238095238
18.22,5,2,L4E,1000.0,300000,0.244140625,77.392578125,0.10561141212149425,36.1328125,0.43501932513869906,0.4668769716088328
18.22,5,3,L4I,1000.0,300000,0.244140625,76.416015625,0.03316071413716793,39.794921875,0.12119731049402976,0.5207667731629393
18.22,5,4,L5E,1000.0,300000,0.244140625,79.833984375,0.03075613828049587,41.748046875,0.11836703313240816,0.5229357798165137
18.22,5,5,L5I,1000.0,300000,0.244140625,76.416015625,0.011132998001283437,36.376953125,0.035353491266838566,0.476038338658147
18.22,5,6,L6E,1000.0,300000,0.244140625,76.416015625,0.001549111580499928,41.259765625,0.005035818126627995,0.5399361022364217
18.22,5,7,L6I,1000.0,300000,0.244140625,76.416015625,0.024039944181951784,39.794921875,0.07292697166861445,0.5207667731629393
18.22,6,0,L23E,1000.0,300000,0.244140625,78.857421875,0.02599378395622361,35.888671875,0.20014334091540356,0.4551083591331269
18.22,6,1,L23I,1000.0,300000,0.244140625,80.322265625,0.02269957342846398,35.64453125,0.30193395232452097,0.44376899696048633
18.22,6,2,L4E,1000.0,300000,0.244140625,81.54296875,0.0880242636845675,42.48046875,0.36114638229923474,0.5209580838323353
18.22,6,3,L4I,1000.0,300000,0.244140625,77.880859375,0.036540113729288407,37.59765625,0.14116686291603514,0.4827586206896552
18.22,6,4,L5E,1000.0,300000,0.244140625,77.880859375,0.03344641359217877,41.259765625,0.1458975245576111,0.5297805642633229
18.22,6,5,L5I,1000.0,300000,0.244140625,84.228515625,0.0070853181067426045,39.0625,0.037195403407905024,0.463768115942029
18.22,6,6,L6E,1000.0,300000,0.244140625,76.66015625,0.0016560117581198427,38.818359375,0.005045192571969753,0.5063694267515924
18.22,6,7,L6I,1000.0,300000,0.244140625,76.66015625,0.028067387868790525,38.818359375,0.09055694719125257,0.5063694267515924
18.22,7,0,L23E,1000.0,300000,0.244140625,80.078125,0.032055277178606165,37.109375,0.1575083727815538,0.4634146341463415
18.22,7,1,L23I,1000.0,300000,0.244140625,77.880859375,0.025290839346784104,43.45703125,0.12120472619411687,0.5579937304075235
18.22,7,2,L4E,1000.0,300000,0.244140625,76.416015625,0.1253124452893383,38.330078125,0.48270231524503526,0.5015974440894568
18.22,7,3,L4I,1000.0,300000,0.244140625,75.927734375,0.04033350731905727,37.109375,0.1392438766472742,0.4887459807073955
18.22,7,4,L5E,1000.0,300000,0.244140625,79.833984375,0.03260941231686841,40.771484375,0.12858657725473166,0.5107033639143731
18.22,7,5,L5I,1000.0,300000,0.244140625,77.880859375,0.011657485604350858,40.283203125,0.033897928259132355,0.5172413793103449
18.22,7,6,L6E,1000.0,300000,0.244140625,79.345703125,0.001237333601060059,44.43359375,0.0038692095666353807,0.56
18.22,7,7,L6I,1000.0,300000,0.244140625,76.171875,0.03375941752626298,42.724609375,0.07267861985585065,0.5608974358974359
18.22,8,0,L23E,1000.0,300000,0.244140625,75.68359375,0.03637624247916184,37.841796875,0.16339146073639607,0.5
18.22,8,1,L23I,1000.0,300000,0.244140625,81.54296875,0.02067282545400067,35.888671875,0.28046592481722066,0.44011976047904194
18.22,8,2,L4E,1000.0,300000,0.244140625,80.56640625,0.10529836288046496,37.353515625,0.49376358116275826,0.4636363636363636
18.22,8,3,L4I,1000.0,300000,0.244140625,77.63671875,0.03929656248152728,44.43359375,0.11912222065080466,0.5723270440251572
18.22,8,4,L5E,1000.0,300000,0.244140625,81.298828125,0.02773736732533305,43.9453125,0.11997435239008147,0.5405405405405406
18.22,8,5,L5I,1000.0,300000,0.244140625,81.787109375,0.00862416055643455,38.57421875,0.03601977461353927,0.4716417910447761
18.22,8,6,L6E,1000.0,300000,0.244140625,77.1484375,0.0013935329845501333,39.306640625,0.004404373883336114,0.509493670886076
18.22,8,7,L6I,1000.0,300000,0.244140625,79.833984375,0.02263014436922144,35.888671875,0.09385251254394066,0.44954128440366975
18.22,9,0,L23E,1000.0,300000,0.244140625,76.416015625,0.034163868766806514,37.841796875,0.1325865887144656,0.4952076677316294
18.22,9,1,L23I,1000.0,300000,0.244140625,77.63671875,0.023622851049708078,36.865234375,0.20420033090863074,0.4748427672955975
18.22,9,2,L4E,1000.0,300000,0.244140625,80.56640625,0.09456195283844529,44.189453125,0.30296129673219696,0.5484848484848485
18.22,9,3,L4I,1000.0,300000,0.244140625,83.251953125,0.02957596930112734,37.59765625,0.1235989098288068,0.45161290322580644
18.22,9,4,L5E,1000.0,300000,0.244140625,82.763671875,0.02614380624156409,36.376953125,0.1482052788658841,0.43952802359882004
18.22,9,5,L5I,1000.0,300000,0.244140625,77.1484375,0.010137535846651651,41.015625,0.0291655252305323,0.5316455696202531
18.22,9,6,L6E,1000.0,300000,0.244140625,80.322265625,0.0012993280053221834,35.400390625,0.006096189888989358,0.44072948328267475
18.22,9,7,L6I,1000.0,300000,0.244140625,83.251953125,0.017796254733852872,40.283203125,0.07566441597820132,0.4838709677419355
18.47,0,0,L23E,1000.0,300000,0.244140625,81.54296875,0.021671849643086244,40.52734375,0.09671747004255887,0.49700598802395207
18.47,0,1,L23I,1000.0,300000,0.244140625,77.1484375,0.022461037037311685,43.212890625,0.09301287068838045,0.560126582278481
18.47,0,2,L4E,1000.0,300000,0.244140625,75.68359375,0.1053997200870889,39.306640625,0.3375799136327031,0.5193548387096775
18.47,0,3,L4I,1000.0,300000,0.244140625,83.251953125,0.027348451404257974,39.55078125,0.09928302864616248,0.4750733137829912
18.47,0,4,L5E,1000.0,300000,0.244140625,78.61328125,0.033015202342458236,43.9453125,0.09903097412646143,0.5590062111801242
18.47,0,5,L5I,1000.0,300000,0.244140625,77.880859375,0.008618135822476803,37.841796875,0.031505133325536186,0.48589341692789967
18.47,0,6,L6E,1000.0,300000,0.244140625,83.251953125,0.001024522740352478,39.794921875,0.004606441047062236,0.4780058651026393
18.47,0,7,L6I,1000.0,300000,0.244140625,76.171875,0.023805844422176606,41.748046875,0.07133906573977863,0.5480769230769231
18.47,1,0,L23E,1000.0,300000,0.244140625,78.857421875,0.028587327410206538,41.259765625,0.12451081359352104,0.5232198142414861
18.47,1,1,L23I,1000.0,300000,0.244140625,81.54296875,0.022842707226482985,39.0625,0.18528534713973072,0.47904191616766467
18.47,1,2,L4E,1000.0,300000,0.244140625,79.58984375,0.09848733277322413,40.52734375,0.45098736465029127,0.50920245398773
18.47,1,3,L4I,1000.0,300000,0.244140625,79.345703125,0.03608052908995946,38.330078125,0.14621239902984842,0.48307692307692307
18.47,1,4,L5E,1000.0,300000,0.244140625,78.369140625,0.03223086914530223,42.236328125,0.1395667611924001,0.5389408099688473
18.47,1,5,L5I,1000.0,300000,0.244140625,77.392578125,0.01062506780392634,36.376953125,0.039736494386820566,0.47003154574132494
18.47,1,6,L6E,1000.0,300000,0.244140625,83.49609375,0.0010084328404704518,41.259765625,0.004176242467256826,0.49415204678362573
18.47,1,7,L6I,1000.0,300000,0.244140625,76.904296875,0.026910781141147005,41.748046875,0.08288726779890486,0.5428571428571428
18.47,2,0,L23E,1000.0,300000,0.244140625,75.927734375,0.03491873803448358,38.818359375,0.14105292968801178,0.5112540192926045
18.47,2,1,L23I,1000.0,300000,0.244140625,76.416015625,0.030727216010774393,37.59765625,0.2957002565960059,0.49201277955271566
18.47,2,2,L4E,1000.0,300000,0.244140625,80.56640625,0.12480583169926902,40.771484375,0.48062802137659916,0.5060606060606061
18.47,2,3,L4I,1000.0,300000,0.244140625,75.927734375,0.048081083432317616,40.771484375,0.1563666869955323,0.5369774919614148
18.47,2,4,L5E,1000.0,300000,0.244140625,82.51953125,0.0322973368035723,40.771484375,0.1628999763305739,0.4940828402366864
18.47,2,5,L5I,1000.0,300000,0.244140625,82.03125,0.008947942930094223,36.62109375,0.04411758549272102,0.44642857142857145
18.47,2,6,L6E,1000.0,300000,0.244140625,76.416015625,0.001378095206512391,36.376953125,0.004936641688130266,0.476038338658147
18.47,2,7,L6I,1000.0,300000,0.244140625,79.345703125,0.027024028002957928,37.59765625,0.10219519736045889,0.47384615384615386
18.47,3,0,L23E,1000.0,300000,0.244140625,80.322265625,0.026627493850881083,38.57421875,0.13859007828026607,0.48024316109422494
18.47,3,1,L23I,1000.0,300000,0.244140625,80.322265625,0.024547413856521417,42.48046875,0.1403393383763149,0.5288753799392097
18.47,3,2,L4E,1000.0,300000,0.244140625,82.763671875,0.08967214687053428,36.376953125,0.5177591307606071,0.43952802359882004
18.47,3,3,L4I,1000.0,300000,0.244140625,79.1015625,0.03620920844769078,37.109375,0.1301259172002398,0.4691358024691358
18.47,3,4,L5E,1000.0,300000,0.244140625,77.880859375,0.03290844961627728,41.015625,0.13276739357114092,0.5266457680250783
18.47,3,5,L5I,1000.0,300000,0.244140625,80.078125,0.00930856607600489,38.0859375,0.03304030369593783,0.47560975609756095
18.47,3,6,L6E,1000.0,300000,0.244140625,78.125,0.0012877475307249441,43.45703125,0.0038605258446066334,0.55625
18.47,3,7,L6I,1000.0,300000,0.244140625,83.251953125,0.020969529261658425,39.794921875,0.07982442173272178,0.4780058651026393
18.47,4,0,L23E,1000.0,300000,0.244140625,80.810546875,0.0278840877510269,41.259765625,0.139537392507056,0.5105740181268882
18.47,4,1,L23I,1000.0,300000,0.244140625,81.54296875,0.026399862866406353,37.109375,0.2314871662468512,0.4550898203592814
18.47,4,2,L4E,1000.0,300000,0.244140625,77.880859375,0.1194151431239263,36.376953125,0.5843735241874985,0.4670846394984326
18.47,4,3,L4I,1000.0,300000,0.244140625,76.416015625,0.036089431437872514,38.0859375,0.15855387294810377,0.4984025559105431
18.47,4,4,L5E,1000.0,300000,0.244140625,82.275390625,0.030169005140315116,43.212890625,0.12126840861162676,0.5252225519287834
18.47,4,5,L5I,1000.0,300000,0.244140625,82.03125,0.009059443410402459,40.52734375,0.03678651535385541,0.49404761904761907
18.47,4,6,L6E,1000.0,300000,0.244140625,83.251953125,0.0010584638247040081,40.771484375,0.0036810662293543742,0.4897360703812317
18.47,4,7,L6I,1000.0,300000,0.244140625,76.416015625,0.026836885286312784,36.376953125,0.09435473394790234,0.476038338658147
18.47,5,0,L23E,1000.0,300000,0.244140625,75.68359375,0.03272474113727759,43.45703125,0.10476005696746526,0.5741935483870968
18.47,5,1,L23I,1000.0,300000,0.244140625,75.927734375,0.027556276593779096,42.48046875,0.14224191212164952,0.5594855305466238
18.47,5,2,L4E,1000.0,300000,0.244140625,78.61328125,0.12075304962466235,42.96875,0.3273451152003689,0.546583850931677
18.47,5,3,L4I,1000.0,300000,0.244140625,77.1484375,0.0398467379057465,37.109375,0.15056474598067335,0.4810126582278481
18.47,5,4,L5E,1000.0,300000,0.244140625,77.392578125,0.03553156135337207,36.865234375,0.16321657838910322,0.47634069400630913
18.47,5,5,L5I,1000.0,300000,0.244140625,83.251953125,0.009069101582449434,41.748046875,0.033996551945126526,0.501466275659824
18.47,5,6,L6E,1000.0,300000,0.244140625,82.763671875,0.0009176683776726885,41.50390625,0.003898674101498834,0.5014749262536873
18.47,5,7,L6I,1000.0,300000,0.244140625,77.63671875,0.026809299196543422,38.330078125,0.09054361451314152,0.4937106918238994
18.47,6,0,L23E,1000.0,300000,0.244140625,78.61328125,0.033805258497775534,37.353515625,0.1650641290807077,0.4751552795031056
18.47,6,1,L23I,1000.0,300000,0.244140625,78.61328125,0.022600818280283506,36.865234375,0.2230917754400895,0.468944099378882
18.47,6,2,L4E,1000.0,300000,0.244140625,76.66015625,0.11517542403288004,41.259765625,0.435543642870489,0.5382165605095541
18.47,6,3,L4I,1000.0,300000,0.244140625,76.416015625,0.038378374481188346,37.109375,0.15356557288349673,0.48562300319488816
18.47,6,4,L5E,1000.0,300000,0.244140625,81.54296875,0.026003738118015613,41.259765625,0.1633410359054763,0.5059880239520959
18.47,6,5,L5I,1000.0,300000,0.244140625,76.904296875,0.011282515004333702,44.43359375,0.03155163563915297,0.5777777777777777
18.47,6,6,L6E,1000.0,300000,0.244140625,81.787109375,0.0009641983343009912,40.0390625,0.004458545106377754,0.48955223880597015
18.47,6,7,L6I,1000.0,300000,0.244140625,80.078125,0.021554801181541506,36.1328125,0.08956091789940034,0.45121951219512196
18.47,7,0,L23E,1000.0,300000,0.244140625,77.392578125,0.03899693464465742,38.818359375,0.1562683302808308,0.501577287066246
18.47,7,1,L23I,1000.0,300000,0.244140625,77.1484375,0.031377615646274885,38.818359375,0.25048137117542696,0.5031645569620253
18.47,7,2,L4E,1000.0,300000,0.244140625,76.171875,0.12240414976719358,35.888671875,0.6020162704947378,0.47115384615384615
18.47,7,3,L4I,1000.0,300000,0.244140625,78.125,0.03849023209475202,36.376953125,0.17824665699748055,0.465625
18.47,7,4,L5E,1000.0,300000,0.244140625,82.03125,0.026988761305917736,39.306640625,0.1906235894244151,0.4791666666666667
18.47,7,5,L5I,1000.0,300000,0.244140625,78.61328125,0.010870956192710784,36.865234375,0.03772958339000166,0.468944099378882
18.47,7,6,L6E,1000.0,300000,0.244140625,77.63671875,0.001140078828462274,39.306640625,0.0043552595461538906,0.5062893081761006
18.47,7,7,L6I,1000.0,300000,0.244140625,78.857421875,0.02340481324286946,36.1328125,0.0942956004659647,0.4582043343653251
18.47,8,0,L23E,1000.0,300000,0.244140625,78.369140625,0.029589612956539568,40.0390625,0.1464049820434515,0.5109034267912772
18.47,8,1,L23I,1000.0,300000,0.244140625,82.763671875,0.02201685780805905,35.888671875,0.26599043239661313,0.4336283185840708
18.47,8,2,L4E,1000.0,300000,0.244140625,80.322265625,0.10393072109164797,41.259765625,0.34223908838613865,0.513677811550152
18.47,8,3,L4I,1000.0,300000,0.244140625,75.927734375,0.03945630801343055,43.45703125,0.11194842244516867,0.572347266881029
18.47,8,4,L5E,1000.0,300000,0.244140625,80.810546875,0.027661986805826887,40.771484375,0.13854486645338066,0.5045317220543807
18.47,8,5,L5I,1000.0,300000,0.244140625,83.0078125,0.008065742310350819,36.376953125,0.037305791930139665,0.43823529411764706
18.47,8,6,L6E,1000.0,300000,0.244140625,77.1484375,0.001204362536551408,44.677734375,0.003728614847812534,0.5791139240506329
18.47,8,7,L6I,1000.0,300000,0.244140625,80.322265625,0.02371427640306535,41.015625,0.08502165815029407,0.5106382978723404
18.47,9,0,L23E,1000.0,300000,0.244140625,76.66015625,0.03154274133387572,40.52734375,0.13621232840175163,0.5286624203821656
18.47,9,1,L23I,1000.0,300000,0.244140625,78.369140625,0.025575378816130763,40.0390625,0.19802603502820332,0.5109034267912772
18.47,9,2,L4E,1000.0,300000,0.244140625,80.810546875,0.10148139326607072,36.62109375,0.5367226025244244,0.45317220543806647
18.47,9,3,L4I,1000.0,300000,0.244140625,83.0078125,0.029515704868312176,36.1328125,0.17182880541045092,0.43529411764705883
18.47,9,4,L5E,1000.0,300000,0.244140625,75.927734375,0.037441250209075225,36.62109375,0.21760760861650907,0.48231511254019294
18.47,9,5,L5I,1000.0,300000,0.244140625,77.63671875,0.01067415648559647,39.0625,0.035929414037537875,0.5031446540880503
18.47,9,6,L6E,1000.0,300000,0.244140625,77.1484375,0.001448952151415915,40.52734375,0.003980624836163988,0.5253164556962026
18.47,9,7,L6I,1000.0,300000,0.244140625,76.416015625,0.02998966716304124,36.865234375,0.09708607433713295,0.48242811501597443
18.73,0,0,L23E,1000.0,300000,0.244140625,79.345703125,0.028393687224834003,37.109375,0.1418884389861112,0.4676923076923077
18.73,0,1,L23I,1000.0,300000,0.244140625,76.416015625,0.026394550242130093,38.818359375,0.197884072692978,0.5079872204472844
18.73,0,2,L4E,1000.0,300000,0.244140625,78.857421875,0.12650373471822093,42.236328125,0.4044556625723236,0.5356037151702786
18.73,0,3,L4I,1000.0,300000,0.244140625,75.68359375,0.03804295339703261,38.330078125,0.13349198896449999,0.5064516129032258
18.73,0,4,L5E,1000.0,300000,0.244140625,78.61328125,0.0278409478412536,37.59765625,0.17993800496266335,0.4782608695652174
18.73,0,5,L5I,1000.0,300000,0.244140625,76.171875,0.012506995165630952,42.236328125,0.03811486143192123,0.5544871794871795
18.73,0,6,L6E,1000.0,300000,0.244140625,75.439453125,0.0014746119253206782,36.865234375,0.0046453698756807405,0.4886731391585761
18.73,0,7,L6I,1000.0,300000,0.244140625,76.904296875,0.029516576085752484,41.259765625,0.07989248382425035,0.5365079365079365
18.73,1,0,L23E,1000.0,300000,0.244140625,82.03125,0.025309708125692647,35.888671875,0.17569623091959244,0.4375
18.73,1,1,L23I,1000.0,300000,0.244140625,76.416015625,0.026312716962068536,39.794921875,0.16589918079354193,0.5207667731629393
18.73,1,2,L4E,1000.0,300000,0.244140625,78.857421875,0.10376544148462558,36.62109375,0.53113168973625,0.46439628482972134
18.73,1,3,L4I,1000.0,300000,0.244140625,78.125,0.03867826712669372,37.353515625,0.14540536591473316,0.478125
18.73,1,4,L5E,1000.0,300000,0.244140625,78.125,0.030314167094504896,38.0859375,0.1630678485328494,0.4875
18.73,1,5,L5I,1000.0,300000,0.244140625,83.984375,0.007312641109092862,43.45703125,0.03331403960008105,0.5174418604651163
18.73,1,6,L6E,1000.0,300000,0.244140625,79.58984375,0.001206235258096144,38.818359375,0.004683814495561799,0.48773006134969327
18.73,1,7,L6I,1000.0,300000,0.244140625,78.61328125,0.023308667796262086,36.1328125,0.09537924779279969,0.45962732919254656
18.73,2,0,L23E,1000.0,300000,0.244140625,80.56640625,0.026075397401369053,39.0625,0.14373015105431897,0.48484848484848486
18.73,2,1,L23I,1000.0,300000,0.244140625,76.904296875,0.023596903488811907,40.283203125,0.124779852093154,0.5238095238095238
18.73,2,2,L4E,1000.0,300000,0.244140625,76.416015625,0.11463833651131575,44.189453125,0.3702658087337267,0.5782747603833865
18.73,2,3,L4I,1000.0,300000,0.244140625,77.1484375,0.03684287069856838,39.55078125,0.11825454288772132,0.5126582278481012
18.73,2,4,L5E,1000.0,300000,0.244140625,78.61328125,0.029274291329594457,36.1328125,0.17629690876158324,0.45962732919254656
18.73,2,5,L5I,1000.0,300000,0.244140625,82.763671875,0.007610089630423202,44.43359375,0.03254805599827285,0.5368731563421829
18.73,2,6,L6E,1000.0,300000,0.244140625,83.740234375,0.0010161977595815796,37.59765625,0.004856726190088631,0.4489795918367347
18.73,2,7,L6I,1000.0,300000,0.244140625,76.416015625,0.025234307787069216,39.0625,0.0812482813940813,0.5111821086261981
18.73,3,0,L23E,1000.0,300000,0.244140625,76.416015625,0.030879900737859338,41.748046875,0.11768044556086961,0.5463258785942492
18.73,3,1,L23I,1000.0,300000,0.244140625,78.857421875,0.024028875911582776,37.353515625,0.2176278248033373,0.47368421052631576
18.73,3,2,L4E,1000.0,300000,0.244140625,83.251953125,0.08761052312386529,35.888671875,0.5276991949940922,0.4310850439882698
18.73,3,3,L4I,1000.0,300000,0.244140625,76.66015625,0.037058408088258714,41.015625,0.11552004431786222,0.535031847133758
18.73,3,4,L5E,1000.0,300000,0.244140625,79.1015625,0.03389963907379197,42.48046875,0.12304548071660916,0.5370370370370371
18.73,3,5,L5I,1000.0,300000,0.244140625,79.1015625,0.0094520480206712,39.306640625,0.03557155370791745,0.49691358024691357
18.73,3,6,L6E,1000.0,300000,0.244140625,79.833984375,0.001254066184266692,42.48046875,0.004562808297654866,0.5321100917431193
18.73,3,7,L6I,1000.0,300000,0.244140625,75.927734375,0.02584214323915118,44.189453125,0.07918523073428303,0.5819935691318328
18.73,4,0,L23E,1000.0,300000,0.244140625,79.345703125,0.022309530676001603,40.52734375,0.12108968694381338,0.5107692307692308
18.73,4,1,L23I,1000.0,300000,0.244140625,75.927734375,0.02954673204987705,38.0859375,0.23364141238370523,0.5016077170418006
18.73,4,2,L4E,1000.0,300000,0.244140625,76.416015625,0.1195045557297261,37.109375,0.46098924973421856,0.48562300319488816
18.73,4,3,L4I,1000.0,300000,0.244140625,79.1015625,0.03209350356886843,40.771484375,0.1250574418946628,0.5154320987654321
18.73,4,4,L5E,1000.0,300000,0.244140625,78.857421875,0.034309576422885235,42.236328125,0.12912964576687064,0.5356037151702786
18.73,4,5,L5I,1000.0,300000,0.244140625,77.1484375,0.009606517737595455,41.50390625,0.0317315703384504,0.5379746835443038
18.73,4,6,L6E,1000.0,300000,0.244140625,81.0546875,0.001176778334048337,38.57421875,0.005000692129660555,0.4759036144578313
18.73,4,7,L6I,1000.0,300000,0.244140625,83.0078125,0.018282145571453322,38.57421875,0.08388593934671833,0.4647058823529412
18.73,5,0,L23E,1000.0,300000,0.244140625,75.927734375,0.03370818676051004,35.64453125,0.20738880340348995,0.4694533762057878
18.73,5,1,L23I,1000.0,300000,0.244140625,82.275390625,0.024309272956069505,38.818359375,0.20328011320961648,0.47181008902077154
18.73,5,2,L4E,1000.0,300000,0.244140625,78.369140625,0.10390766186808341,40.283203125,0.3956348149931028,0.514018691588785
18.73,5,3,L4I,1000.0,300000,0.244140625,75.927734375,0.04021029473057882,39.306640625,0.13453609298204927,0.5176848874598071
18.73,5,4,L5E,1000.0,300000,0.244140625,82.03125,0.028054849401828393,40.771484375,0.13005072405640902,0.49702380952380953
18.73,5,5,L5I,1000.0,300000,0.244140625,77.392578125,0.01112081864573451,37.59765625,0.03680809361230248,0.48580441640378547
18.73,5,6,L6E,1000.0,300000,0.244140625,76.904296875,0.0014147245104811097,40.283203125,0.004210613940301345,0.5238095238095238
18.73,5,7,L6I,1000.0,300000,0.244140625,82.763671875,0.02260793057519817,39.794921875,0.08572180793349032,0.4808259587020649
18.73,6,0,L23E,1000.0,300000,0.244140625,78.857421875,0.029534689959042928,42.96875,0.12750087218619133,0.544891640866873
18.73,6,1,L23I,1000.0,300000,0.244140625,77.392578125,0.030213002053296686,36.1328125,0.36067683092086483,0.4668769716088328
18.73,6,2,L4E,1000.0,300000,0.244140625,83.251953125,0.09867947102606846,42.96875,0.41300785609276996,0.5161290322580645
18.73,6,3,L4I,1000.0,300000,0.244140625,77.63671875,0.036283234495636155,38.330078125,0.16042653169281718,0.4937106918238994
18.73,6,4,L5E,1000.0,300000,0.244140625,81.54296875,0.031402282084874646,37.59765625,0.22139780880167542,0.46107784431137727
18.73,6,5,L5I,1000.0,300000,0.244140625,79.833984375,0.010550783329380618,43.701171875,0.035225819780657426,0.5474006116207951
18.73,6,6,L6E,1000.0,300000,0.244140625,81.54296875,0.001049984563959477,37.353515625,0.0042585764875198,0.45808383233532934
18.73,6,7,L6I,1000.0,300000,0.244140625,80.078125,0.02432481058017424,35.888671875,0.1051567306840951,0.4481707317073171
18.73,7,0,L23E,1000.0,300000,0.244140625,76.416015625,0.03101554492596213,40.52734375,0.12716140939562617,0.5303514376996805
18.73,7,1,L23I,1000.0,300000,0.244140625,82.03125,0.02085747074379665,37.353515625,0.22389268555450237,0.45535714285714285
18.73,7,2,L4E,1000.0,300000,0.244140625,80.322265625,0.10029747262977722,36.62109375,0.4860007738610047,0.45592705167173253
18.73,7,3,L4I,1000.0,300000,0.244140625,76.904296875,0.03402702314686826,41.748046875,0.11107061196533537,0.5428571428571428
18.73,7,4,L5E,1000.0,300000,0.244140625,83.251953125,0.024734428520141793,36.376953125,0.17675025280355902,0.436950146627566
18.73,7,5,L5I,1000.0,300000,0.244140625,75.68359375,0.012572629133888815,42.96875,0.03438608517976951,0.567741935483871
18.73,7,6,L6E,1000.0,300000,0.244140625,79.1015625,0.0013914833187983894,39.55078125,0.004206072107274029,0.5
18.73,7,7,L6I,1000.0,300000,0.244140625,80.56640625,0.02268249223807858,41.015625,0.08742498837038508,0.509090909090909
18.73,8,0,L23E,1000.0,300000,0.244140625,76.171875,0.027401123611529334,38.0859375,0.12699131613947648,0.5
18.73,8,1,L23I,1000.0,300000,0.244140625,79.58984375,0.02563624831173793,36.376953125,0.1924772244591085,0.4570552147239264
18.73,8,2,L4E,1000.0,300000,0.244140625,79.345703125,0.09431457495228378,42.48046875,0.3358038819263474,0.5353846153846153
18.73,8,3,L4I,1000.0,300000,0.244140625,80.078125,0.03177553114334386,35.888671875,0.12510089075543873,0.4481707317073171
18.73,8,4,L5E,1000.0,300000,0.244140625,75.927734375,0.03131503522297311,39.306640625,0.13019267758561348,0.5176848874598071
18.73,8,5,L5I,1000.0,300000,0.244140625,77.392578125,0.009773173741296678,38.57421875,0.03531041308757401,0.49842271293375395
18.73,8,6,L6E,1000.0,300000,0.244140625,83.740234375,0.0010905514155122459,36.376953125,0.004926842120372699,0.43440233236151604
18.73,8,7,L6I,1000.0,300000,0.244140625,76.904296875,0.025789474346584924,39.55078125,0.07932793340545206,0.5142857142857142
18.73,9,0,L23E,1000.0,300000,0.244140625,82.275390625,0.024239092841515215,37.841796875,0.15687682493402758,0.4599406528189911
18.73,9,1,L23I,1000.0,300000,0.244140625,76.904296875,0.028589658753217752,36.865234375,0.26768696799000885,0.4793650793650794
18.73,9,2,L4E,1000.0,300000,0.244140625,79.58984375,0.1095567580994197,43.701171875,0.36812821171675353,0.549079754601227
18.73,9,3,L4I,1000.0,300000,0.244140625,78.61328125,0.03583449162706108,37.109375,0.14935058310677315,0.4720496894409938
18.73,9,4,L5E,1000.0,300000,0.244140625,79.833984375,0.03311619038914328,35.888671875,0.243691233448041,0.44954128440366975
18.73,9,5,L5I,1000.0,300000,0.244140625,80.810546875,0.009732937449018523,36.1328125,0.035784536437911324,0.4471299093655589
18.73,9,6,L6E,1000.0,300000,0.244140625,82.275390625,0.001284683572296865,43.9453125,0.004672897394197462,0.5341246290801187
18.73,9,7,L6I,1000.0,300000,0.244140625,79.58984375,0.02408054656776905,44.189453125,0.07739159416765835,0.5552147239263804
18.98,0,0,L23E,1000.0,300000,0.244140625,77.63671875,0.03094384741115195,37.59765625,0.19391951383385778,0.48427672955974843
18.98,0,1,L23I,1000.0,300000,0.244140625,77.880859375,0.027637914112972145,35.64453125,0.32647241569681873,0.45768025078369906
18.98,0,2,L4E,1000.0,300000,0.244140625,81.0546875,0.11928370299953439,37.59765625,0.5833659837198193,0.463855421686747
18.98,0,3,L4I,1000.0,300000,0.244140625,80.810546875,0.03449400436493813,37.59765625,0.16928059831184314,0.4652567975830816
18.98,0,4,L5E,1000.0,300000,0.244140625,78.369140625,0.032753542714777345,36.376953125,0.1836051184072341,0.46417445482866043
18.98,0,5,L5I,1000.0,300000,0.244140625,77.63671875,0.012105509079268363,38.818359375,0.04540443360977848,0.5
18.98,0,6,L6E,1000.0,300000,0.244140625,77.63671875,0.001074995053571851,37.59765625,0.004113049567094518,0.48427672955974843
18.98,0,7,L6I,1000.0,300000,0.244140625,83.251953125,0.02302640011012279,37.841796875,0.09072353912837039,0.45454545454545453
18.98,1,0,L23E,1000.0,300000,0.244140625,80.56640625,0.02486661229236799,36.865234375,0.18596342226115203,0.4575757575757576
18.98,1,1,L23I,1000.0,300000,0.244140625,76.171875,0.0300687816893335,43.212890625,0.12722141107223628,0.5673076923076923
18.98,1,2,L4E,1000.0,300000,0.244140625,77.880859375,0.11705211964192073,39.306640625,0.4822749513395876,0.5047021943573667
18.98,1,3,L4I,1000.0,300000,0.244140625,77.880859375,0.035095124305944754,39.306640625,0.14028856917216384,0.5047021943573667
18.98,1,4,L5E,1000.0,300000,0.244140625,77.880859375,0.034745753209806524,42.236328125,0.1367891746227583,0.542319749216301
18.98,1,5,L5I,1000.0,300000,0.244140625,76.171875,0.012790521327817236,40.52734375,0.032160191823119674,0.532051282051282
18.98,1,6,L6E,1000.0,300000,0.244140625,78.125,0.0013604673932314537,40.771484375,0.004441521788315722,0.521875
18.98,1,7,L6I,1000.0,300000,0.244140625,75.68359375,0.028276318186866222,38.818359375,0.09475525358240881,0.5129032258064516
18.98,2,0,L23E,1000.0,300000,0.244140625,77.63671875,0.029074780762645223,36.376953125,0.18188650819889737,0.46855345911949686
18.98,2,1,L23I,1000.0,300000,0.244140625,76.171875,0.0287076987963509,38.57421875,0.1856250852371073,0.5064102564102564
18.98,2,2,L4E,1000.0,300000,0.244140625,77.880859375,0.1144991649024836,37.353515625,0.46569322313291484,0.47962382445141066
18.98,2,3,L4I,1000.0,300000,0.244140625,77.63671875,0.03625118968008085,41.015625,0.12845321537727758,0.5283018867924528
18.98,2,4,L5E,1000.0,300000,0.244140625,81.298828125,0.02742100486782249,38.0859375,0.15663342573112213,0.46846846846846846
18.98,2,5,L5I,1000.0,300000,0.244140625,80.810546875,0.010096553431112517,38.818359375,0.03507924254234266,0.48036253776435045
18.98,2,6,L6E,1000.0,300000,0.244140625,80.810546875,0.0012483597312600225,42.96875,0.004204770599719003,0.5317220543806647
18.98,2,7,L6I,1000.0,300000,0.244140625,76.66015625,0.02555297972707393,37.353515625,0.08489573960576179,0.4872611464968153
18.98,3,0,L23E,1000.0,300000,0.244140625,78.369140625,0.02722427082488083,41.748046875,0.10954001405923537,0.5327102803738317
18.98,3,1,L23I,1000.0,300000,0.244140625,77.392578125,0.02364803197748633,38.0859375,0.16915908603012353,0.4921135646687697
18.98,3,2,L4E,1000.0,300000,0.244140625,83.49609375,0.0989785745877908,43.701171875,0.3365114994771891,0.5233918128654971
18.98,3,3,L4I,1000.0,300000,0.244140625,76.66015625,0.036191958183587496,38.0859375,0.12948636883692674,0.4968152866242038
18.98,3,4,L5E,1000.0,300000,0.244140625,80.56640625,0.027366264375929282,43.701171875,0.10806701201858537,0.5424242424242425
18.98,3,5,L5I,1000.0,300000,0.244140625,80.322265625,0.008927814161143596,37.841796875,0.03287536079667136,0.47112462006079026
18.98,3,6,L6E,1000.0,300000,0.244140625,79.345703125,0.001516829483368664,39.306640625,0.004903978476101027,0.49538461538461537
18.98,3,7,L6I,1000.0,300000,0.244140625,77.1484375,0.02407758041001604,38.0859375,0.08031356177016631,0.4936708860759494
18.98,4,0,L23E,1000.0,300000,0.244140625,76.66015625,0.03692703718691207,44.677734375,0.11891700758457015,0.5828025477707006
18.98,4,1,L23I,1000.0,300000,0.244140625,76.171875,0.03287781464150812,35.888671875,0.40082451581731304,0.47115384615384615
18.98,4,2,L4E,1000.0,300000,0.244140625,78.125,0.13168905806087755,35.400390625,0.8749494471026971,0.453125
18.98,4,3,L4I,1000.0,300000,0.244140625,83.49609375,0.037222099432715525,40.52734375,0.17043322820586845,0.4853801169590643
18.98,4,4,L5E,1000.0,300000,0.244140625,76.66015625,0.03563872592885894,41.259765625,0.1452061130778997,0.5382165605095541
18.98,4,5,L5I,1000.0,300000,0.244140625,83.984375,0.010126185386130826,38.0859375,0.044342085204799826,0.45348837209302323
18.98,4,6,L6E,1000.0,300000,0.244140625,76.66015625,0.0012712327127985404,43.9453125,0.0031588798030267287,0.5732484076433121
18.98,4,7,L6I,1000.0,300000,0.244140625,83.251953125,0.02394394060668836,37.59765625,0.10950489734876517,0.45161290322580644
18.98,5,0,L23E,1000.0,300000,0.244140625,77.392578125,0.030938047041920307,38.818359375,0.13549481726662319,0.501577287066246
18.98,5,1,L23I,1000.0,300000,0.244140625,78.857421875,0.026205269305923918,37.59765625,0.19972737619800957,0.47678018575851394
18.98,5,2,L4E,1000.0,300000,0.244140625,78.61328125,0.11670101714459054,42.724609375,0.3324716692606794,0.5434782608695652
18.98,5,3,L4I,1000.0,300000,0.244140625,78.61328125,0.03407372767198295,37.841796875,0.1379106337257711,0.4813664596273292
18.98,5,4,L5E,1000.0,300000,0.244140625,83.251953125,0.027253989439788327,37.59765625,0.15061452262472563,0.45161290322580644
18.98,5,5,L5I,1000.0,300000,0.244140625,81.54296875,0.008216027784916563,41.9921875,0.031129411523183034,0.5149700598802395
18.98,5,6,L6E,1000.0,300000,0.244140625,80.810546875,0.0012217513260619384,37.353515625,0.005276640901192616,0.4622356495468278
18.98,5,7,L6I,1000.0,300000,0.244140625,77.63671875,0.025845518046134178,37.109375,0.09303556825434355,0.4779874213836478
18.98,6,0,L23E,1000.0,300000,0.244140625,76.416015625,0.029366686608483662,39.0625,0.134724372393267,0.5111821086261981
18.98,6,1,L23I,1000.0,300000,0.244140625,76.171875,0.02588771536236603,36.376953125,0.26456686572680604,0.4775641025641026
18.98,6,2,L4E,1000.0,300000,0.244140625,78.369140625,0.10976951799703034,44.677734375,0.3930631991939258,0.5700934579439252
18.98,6,3,L4I,1000.0,300000,0.244140625,76.904296875,0.038743292518881416,35.888671875,0.15840999070100895,0.4666666666666667
18.98,6,4,L5E,1000.0,300000,0.244140625,82.275390625,0.027491972112046494,41.50390625,0.13600960960868633,0.5044510385756676
18.98,6,5,L5I,1000.0,300000,0.244140625,75.927734375,0.011013471112800566,37.841796875,0.03490892207155823,0.4983922829581994
18.98,6,6,L6E,1000.0,300000,0.244140625,83.740234375,0.0010327183041747854,39.55078125,0.004756061441599741,0.47230320699708456
18.98,6,7,L6I,1000.0,300000,0.244140625,79.833984375,0.023932711074841077,39.794921875,0.08982682501547606,0.4984709480122324
18.98,7,0,L23E,1000.0,300000,0.244140625,78.857421875,0.03119937156195629,36.865234375,0.16974964527399822,0.4674922600619195
18.98,7,1,L23I,1000.0,300000,0.244140625,76.66015625,0.026217998530134245,37.109375,0.2384751455785896,0.4840764331210191
18.98,7,2,L4E,1000.0,300000,0.244140625,82.03125,0.09999597090426039,41.259765625,0.40985393289928995,0.5029761904761905
18.98,7,3,L4I,1000.0,300000,0.244140625,80.810546875,0.03331890524351922,38.330078125,0.13898639280906905,0.4743202416918429
18.98,7,4,L5E,1000.0,300000,0.244140625,82.03125,0.02644513147190638,36.62109375,0.16564602330846423,0.44642857142857145
18.98,7,5,L5I,1000.0,300000,0.244140625,81.54296875,0.007987731614058049,39.0625,0.034981116548860464,0.47904191616766467
18.98,7,6,L6E,1000.0,300000,0.244140625,78.125,0.0014082334271464294,44.43359375,0.0036512209117678393,0.56875
18.98,7,7,L6I,1000.0,300000,0.244140625,77.63671875,0.02400931681670274,40.52734375,0.0827400544838707,0.5220125786163522
18.98,8,0,L23E,1000.0,300000,0.244140625,77.1484375,0.03655341342957158,35.64453125,0.21964989655583525,0.4620253164556962
18.98,8,1,L23I,1000.0,300000,0.244140625,77.880859375,0.029158107465921547,40.0390625,0.18720163890186026,0.5141065830721003
18.98,8,2,L4E,1000.0,300000,0.244140625,77.880859375,0.1225490575642021,41.9921875,0.4140695523596332,0.5391849529780565
18.98,8,3,L4I,1000.0,300000,0.244140625,83.251953125,0.03330205142926331,35.888671875,0.1831228178571169,0.4310850439882698
18.98,8,4,L5E,1000.0,300000,0.244140625,76.66015625,0.03916549285502913,42.724609375,0.12457203337400755,0.5573248407643312
18.98,8,5,L5I,1000.0,300000,0.244140625,80.810546875,0.00932990901228447,41.50390625,0.036408139353487586,0.513595166163142
18.98,8,6,L6E,1000.0,300000,0.244140625,80.078125,0.0011512944491132526,41.015625,0.003999033725263486,0.5121951219512195
18.98,8,7,L6I,1000.0,300000,0.244140625,82.763671875,0.021831216523842442,41.50390625,0.09196085273374396,0.5014749262536873
18.98,9,0,L23E,1000.0,300000,0.244140625,77.63671875,0.026668799922240922,37.59765625,0.1372302166797202,0.48427672955974843
18.98,9,1,L23I,1000.0,300000,0.244140625,76.171875,0.02659783604424691,44.189453125,0.1195570229366116,0.5801282051282052
18.98,9,2,L4E,1000.0,300000,0.244140625,76.171875,0.11086664686469058,35.64453125,0.4834249145739195,0.46794871794871795
18.98,9,3,L4I,1000.0,300000,0.244140625,82.03125,0.029009510549165167,37.109375,0.13815451985978605,0.4523809523809524
18.98,9,4,L5E,1000.0,300000,0.244140625,79.833984375,0.02858628648856434,40.52734375,0.13081476221195326,0.5076452599388379
18.98,9,5,L5I,1000.0,300000,0.244140625,78.857421875,0.010151952262304021,41.015625,0.029130604285345304,0.5201238390092879
18.98,9,6,L6E,1000.0,300000,0.244140625,79.345703125,0.0013053571500234685,41.015625,0.004815583939335817,0.5169230769230769
18.98,9,7,L6I,1000.0,300000,0.244140625,78.61328125,0.02305642666431498,38.818359375,0.07833301412470389,0.4937888198757764
19.24,0,0,L23E,1000.0,300000,0.244140625,77.880859375,0.030911713162301395,37.353515625,0.18158525983423757,0.47962382445141066
19.24,0,1,L23I,1000.0,300000,0.244140625,77.392578125,0.0253148408373123,35.400390625,0.2753394729832006,0.45741324921135645
19.24,0,2,L4E,1000.0,300000,0.244140625,76.904296875,0.11752651105144644,38.57421875,0.5228300802554873,0.5015873015873016
19.24,0,3,L4I,1000.0,300000,0.244140625,77.880859375,0.037856183726036864,40.0390625,0.12807703245156468,0.5141065830721003
19.24,0,4,L5E,1000.0,300000,0.244140625,76.904296875,0.03212141473133475,37.353515625,0.1924550075013991,0.4857142857142857
19.24,0,5,L5I,1000.0,300000,0.244140625,76.904296875,0.012159901220165206,40.283203125,0.0340952402191225,0.5238095238095238
19.24,0,6,L6E,1000.0,300000,0.244140625,77.1484375,0.0012691048876590995,39.794921875,0.003875367645766207,0.5158227848101266
19.24,0,7,L6I,1000.0,300000,0.244140625,81.787109375,0.02359526481149613,39.55078125,0.09353549353981143,0.4835820895522388
19.24,1,0,L23E,1000.0,300000,0.244140625,75.927734375,0.03202384188640654,39.55078125,0.14046435012625844,0.5209003215434084
19.24,1,1,L23I,1000.0,300000,0.244140625,78.857421875,0.02650195517905943,39.55078125,0.22712393930267702,0.5015479876160991
19.24,1,2,L4E,1000.0,300000,0.244140625,76.171875,0.12943358594837723,42.236328125,0.4043507805435319,0.5544871794871795
19.24,1,3,L4I,1000.0,300000,0.244140625,79.345703125,0.03635874882638146,36.376953125,0.15767707859135843,0.4584615384615385
19.24,1,4,L5E,1000.0,300000,0.244140625,79.1015625,0.03673990259249429,37.353515625,0.19557366614252653,0.4722222222222222
19.24,1,5,L5I,1000.0,300000,0.244140625,75.68359375,0.012342302778984723,36.376953125,0.03914602833133907,0.4806451612903226
19.24,1,6,L6E,1000.0,300000,0.244140625,77.1484375,0.0013122956476192696,37.841796875,0.005008010636124674,0.49050632911392406
19.24,1,7,L6I,1000.0,300000,0.244140625,82.275390625,0.02222518341143057,36.865234375,0.10930130567645341,0.44807121661721067
19.24,2,0,L23E,1000.0,300000,0.244140625,81.54296875,0.029862918582742645,42.236328125,0.12520128007727355,0.5179640718562875
19.24,2,1,L23I,1000.0,300000,0.244140625,79.1015625,0.026550850842256574,36.1328125,0.27327591776581933,0.4567901234567901
19.24,2,2,L4E,1000.0,300000,0.244140625,79.345703125,0.09839992853033545,37.109375,0.5227549363784451,0.4676923076923077
19.24,2,3,L4I,1000.0,300000,0.244140625,84.228515625,0.028935526208150902,38.818359375,0.14942571094115245,0.4608695652173913
19.24,2,4,L5E,1000.0,300000,0.244140625,80.078125,0.03397599167418397,41.9921875,0.1107521241353724,0.524390243902439
19.24,2,5,L5I,1000.0,300000,0.244140625,80.322265625,0.009689654415047868,39.55078125,0.03612467652069252,0.49240121580547114
19.24,2,6,L6E,1000.0,300000,0.244140625,77.392578125,0.0012427687734998319,39.306640625,0.0037925877622481848,0.5078864353312302
19.24,2,7,L6I,1000.0,300000,0.244140625,78.857421875,0.025252443409766293,35.400390625,0.1020985898900196,0.44891640866873067
19.24,3,0,L23E,1000.0,300000,0.244140625,82.763671875,0.029184723069101477,38.818359375,0.1471303017840241,0.4690265486725664
19.24,3,1,L23I,1000.0,300000,0.244140625,75.68359375,0.026337405872215086,36.865234375,0.2393580163167476,0.4870967741935484
19.24,3,2,L4E,1000.0,300000,0.244140625,76.904296875,0.11922601762338073,41.015625,0.4903164431162733,0.5333333333333333
19.24,3,3,L4I,1000.0,300000,0.244140625,76.904296875,0.043378861077615606,36.1328125,0.16233863658654624,0.46984126984126984
19.24,3,4,L5E,1000.0,300000,0.244140625,75.439453125,0.0373975371073575,44.189453125,0.1167604764947543,0.5857605177993528
19.24,3,5,L5I,1000.0,300000,0.244140625,82.03125,0.009297603126640339,37.59765625,0.036111349851116206,0.4583333333333333
19.24,3,6,L6E,1000.0,300000,0.244140625,80.810546875,0.0011701616066566018,42.724609375,0.003653262748561224,0.5287009063444109
19.24,3,7,L6I,1000.0,300000,0.244140625,75.927734375,0.027747331856070832,41.259765625,0.08413625844189247,0.5434083601286174
19.24,4,0,L23E,1000.0,300000,0.244140625,77.1484375,0.03575731695578647,35.400390625,0.222491504468317,0.4588607594936709
19.24,4,1,L23I,1000.0,300000,0.244140625,77.63671875,0.02555464008662226,35.64453125,0.3266716164984917,0.4591194968553459
19.24,4,2,L4E,1000.0,300000,0.244140625,80.56640625,0.09598111432742769,37.841796875,0.4676104134019259,0.4696969696969697
19.24,4,3,L4I,1000.0,300000,0.244140625,76.66015625,0.04005627001469947,37.109375,0.1580831486167434,0.4840764331210191
19.24,4,4,L5E,1000.0,300000,0.244140625,79.833984375,0.03275563946416805,36.376953125,0.18223063747507268,0.45565749235474007
19.24,4,5,L5I,1000.0,300000,0.244140625,79.833984375,0.00890384054679283,40.283203125,0.03451609929593112,0.5045871559633027
19.24,4,6,L6E,1000.0,300000,0.244140625,77.392578125,0.0014513319812776712,40.771484375,0.00453792916570025,0.526813880126183
19.24,4,7,L6I,1000.0,300000,0.244140625,78.61328125,0.024477962084827595,39.306640625,0.08728447051674472,0.5
19.24,5,0,L23E,1000.0,300000,0.244140625,78.61328125,0.029040303810711838,35.888671875,0.2015814549957091,0.45652173913043476
19.24,5,1,L23I,1000.0,300000,0.244140625,77.880859375,0.02283654218628876,37.109375,0.23157565290288395,0.47648902821316613
19.24,5,2,L4E,1000.0,300000,0.244140625,76.904296875,0.12331436262271378,43.9453125,0.33935747846274333,0.5714285714285714
19.24,5,3,L4I,1000.0,300000,0.244140625,82.275390625,0.02768430854572648,40.283203125,0.12559101875113363,0.4896142433234421
19.24,5,4,L5E,1000.0,300000,0.244140625,81.54296875,0.02806288078067146,36.865234375,0.1354817734028629,0.45209580838323354
19.24,5,5,L5I,1000.0,300000,0.244140625,84.228515625,0.007915951431498489,42.48046875,0.033558895050886384,0.5043478260869565
19.24,5,6,L6E,1000.0,300000,0.244140625,83.251953125,0.0011162843222857531,37.841796875,0.004458134388088972,0.45454545454545453
19.24,5,7,L6I,1000.0,300000,0.244140625,79.345703125,0.023957000617812262,37.353515625,0.08953870453277467,0.4707692307692308
19.24,6,0,L23E,1000.0,300000,0.244140625,77.392578125,0.03012498551200917,36.376953125,0.16889844749981572,0.47003154574132494
19.24,6,1,L23I,1000.0,300000,0.244140625,80.810546875,0.020669224559309658,37.841796875,0.18500950849520204,0.46827794561933533
19.24,6,2,L4E,1000.0,300000,0.244140625,77.880859375,0.10606257170191866,37.59765625,0.42250589257953436,0.4827586206896552
19.24,6,3,L4I,1000.0,300000,0.244140625,77.392578125,0.0351885955237005,36.865234375,0.1278944132636277,0.47634069400630913
19.24,6,4,L5E,1000.0,300000,0.244140625,80.322265625,0.027092808591527986,35.888671875,0.15533548075612383,0.44680851063829785
19.24,6,5,L5I,1000.0,300000,0.244140625,80.078125,0.008565516056598043,42.96875,0.0308831133315582,0.5365853658536586
19.24,6,6,L6E,1000.0,300000,0.244140625,77.880859375,0.001219527896398299,38.0859375,0.004818638201671085,0.4890282131661442
19.24,6,7,L6I,1000.0,300000,0.244140625,82.03125,0.021625122782880302,40.771484375,0.08061559123325618,0.49702380952380953
19.24,7,0,L23E,1000.0,300000,0.244140625,79.1015625,0.03475433610194501,39.55078125,0.13472289911230084,0.5
19.24,7,1,L23I,1000.0,300000,0.244140625,79.345703125,0.02632944889909742,42.48046875,0.1332128773116344,0.5353846153846153
19.24,7,2,L4E,1000.0,300000,0.244140625,79.345703125,0.11888000044002393,40.0390625,0.3999015911041064,0.5046153846153846
19.24,7,3,L4I,1000.0,300000,0.244140625,75.439453125,0.044333159620833625,39.306640625,0.13838605683713318,0.5210355987055016
19.24,7,4,L5E,1000.0,300000,0.244140625,78.61328125,0.033908432168056134,38.818359375,0.1493456657044228,0.4937888198757764
19.24,7,5,L5I,1000.0,300000,0.244140625,78.61328125,0.009958128699134953,36.62109375,0.03697872789713855,0.4658385093167702
19.24,7,6,L6E,1000.0,300000,0.244140625,77.1484375,0.001210475917533969,44.189453125,0.004134585762144751,0.5727848101265823
19.24,7,7,L6I,1000.0,300000,0.244140625,78.125,0.026599118520475397,42.96875,0.08033705085676367,0.55
19.24,8,0,L23E,1000.0,300000,0.244140625,77.63671875,0.032956345941314386,36.865234375,0.22832181025924211,0.4748427672955975
19.24,8,1,L23I,1000.0,300000,0.244140625,82.03125,0.02647969113181638,35.400390625,0.28459995221681594,0.43154761904761907
19.24,8,2,L4E,1000.0,300000,0.244140625,76.171875,0.127335064952639,35.64453125,0.6389700536228821,0.46794871794871795
19.24,8,3,L4I,1000.0,300000,0.244140625,79.345703125,0.036279557353839136,39.306640625,0.140857133483701,0.49538461538461537
19.24,8,4,L5E,1000.0,300000,0.244140625,76.904296875,0.03748730610511221,39.0625,0.13072040401035281,0.5079365079365079
19.24,8,5,L5I,1000.0,300000,0.244140625,80.56640625,0.009912642529401255,38.57421875,0.03628574545486262,0.47878787878787876
19.24,8,6,L6E,1000.0,300000,0.244140625,82.51953125,0.0010794242340864243,38.818359375,0.004857454388393758,0.47041420118343197
19.24,8,7,L6I,1000.0,300000,0.244140625,81.298828125,0.0241300602911332,44.189453125,0.0783313011829714,0.5435435435435435
19.24,9,0,L23E,1000.0,300000,0.244140625,79.1015625,0.03152283715919258,40.0390625,0.14809806286789642,0.5061728395061729
19.24,9,1,L23I,1000.0,300000,0.244140625,77.63671875,0.029218711011914693,40.283203125,0.18231293554242856,0.5188679245283019
19.24,9,2,L4E,1000.0,300000,0.244140625,78.61328125,0.12007838994243779,40.283203125,0.49449910688870163,0.5124223602484472
19.24,9,3,L4I,1000.0,300000,0.244140625,77.392578125,0.04136258253821608,36.1328125,0.17400033560575962,0.4668769716088328
19.24,9,4,L5E,1000.0,300000,0.244140625,76.416015625,0.03647373173828918,40.52734375,0.14178512010172156,0.5303514376996805
19.24,9,5,L5I,1000.0,300000,0.244140625,77.392578125,0.010579755544882333,39.55078125,0.03445265710881708,0.5110410094637224
19.24,9,6,L6E,1000.0,300000,0.244140625,81.298828125,0.0010263894343762626,36.865234375,0.004096228728090058,0.45345345345345345
19.24,9,7,L6I,1000.0,300000,0.244140625,76.66015625,0.02760576307779038,38.0859375,0.09137516393932173,0.4968152866242038
19.49,0,0,L23E,1000.0,300000,0.244140625,77.63671875,0.029261337032627087,38.818359375,0.13909941251532873,0.5
19.49,0,1,L23I,1000.0,300000,0.244140625,76.171875,0.026463636907668196,43.45703125,0.13976038425019469,0.5705128205128205
19.49,0,2,L4E,1000.0,300000,0.244140625,82.03125,0.10516733268386126,35.888671875,0.5839716094326055,0.4375
19.49,0,3,L4I,1000.0,300000,0.244140625,78.61328125,0.038905879348707366,39.0625,0.13503605103625235,0.4968944099378882
19.49,0,4,L5E,1000.0,300000,0.244140625,81.298828125,0.025312852859563664,37.353515625,0.16449304811555926,0.4594594594594595
19.49,0,5,L5I,1000.0,300000,0.244140625,80.810546875,0.00912547453389797,38.57421875,0.03713100036513222,0.4773413897280967
19.49,0,6,L6E,1000.0,300000,0.244140625,75.927734375,0.001327072863498196,36.865234375,0.004094995773472027,0.4855305466237942
19.49,0,7,L6I,1000.0,300000,0.244140625,80.078125,0.0241143117715503,39.55078125,0.08185206306337621,0.49390243902439024
19.49,1,0,L23E,1000.0,300000,0.244140625,78.61328125,0.02923867565519787,36.376953125,0.20733141939831687,0.46273291925465837
19.49,1,1,L23I,1000.0,300000,0.244140625,80.078125,0.025457972914591412,38.57421875,0.19060030142234335,0.4817073170731707
19.49,1,2,L4E,1000.0,300000,0.244140625,76.66015625,0.105782926889694,36.62109375,0.47413689979446394,0.47770700636942676
19.49,1,3,L4I,1000.0,300000,0.244140625,77.63671875,0.03695425687426695,39.306640625,0.12278116583779826,0.5062893081761006
19.49,1,4,L5E,1000.0,300000,0.244140625,79.1015625,0.03200559700868415,40.52734375,0.1429116136100299,0.5123456790123457
19.49,1,5,L5I,1000.0,300000,0.244140625,76.416015625,0.01193679449868558,42.236328125,0.03188593305241595,0.5527156549520766
19.49,1,6,L6E,1000.0,300000,0.244140625,75.68359375,0.0016874230162439896,37.841796875,0.00524858772494513,0.5
19.49,1,7,L6I,1000.0,300000,0.244140625,78.125,0.023978584984401596,38.57421875,0.07538532573244161,0.49375
19.49,2,0,L23E,1000.0,300000,0.244140625,83.0078125,0.0268550510077534,44.189453125,0.10113349770372182,0.5323529411764706
19.49,2,1,L23I,1000.0,300000,0.244140625,81.298828125,0.023902108387598372,40.771484375,0.1873492226289964,0.5015015015015015
19.49,2,2,L4E,1000.0,300000,0.244140625,77.1484375,0.11855079117265872,35.64453125,0.5203188056796935,0.4620253164556962
19.49,2,3,L4I,1000.0,300000,0.244140625,81.298828125,0.03307241863329708,41.9921875,0.12194219759111867,0.5165165165165165
19.49,2,4,L5E,1000.0,300000,0.244140625,80.56640625,0.028529631797511352,36.376953125,0.19063844705631708,0.45151515151515154
19.49,2,5,L5I,1000.0,300000,0.244140625,77.880859375,0.010681451378516343,38.57421875,0.03450912070317654,0.4952978056426332
19.49,2,6,L6E,1000.0,300000,0.244140625,78.125,0.0013313425191565447,41.50390625,0.0040455243041157656,0.53125
19.49,2,7,L6I,1000.0,300000,0.244140625,76.904296875,0.02645940722150932,37.109375,0.09053612981849735,0.48253968253968255
19.49,3,0,L23E,1000.0,300000,0.244140625,82.275390625,0.024658802297856944,40.0390625,0.15837209206776107,0.486646884272997
19.49,3,1,L23I,1000.0,300000,0.244140625,76.904296875,0.02701837942537583,39.0625,0.16626203641743245,0.5079365079365079
19.49,3,2,L4E,1000.0,300000,0.244140625,77.880859375,0.12447856425278933,43.701171875,0.38135365456653514,0.5611285266457681
19.49,3,3,L4I,1000.0,300000,0.244140625,76.171875,0.04469554469058473,40.771484375,0.1505700438815132,0.5352564102564102
19.49,3,4,L5E,1000.0,300000,0.244140625,84.228515625,0.02249275748451447,40.52734375,0.16345961966731276,0.4811594202898551
19.49,3,5,L5I,1000.0,300000,0.244140625,79.58984375,0.009684506718932995,36.62109375,0.04011171491603536,0.4601226993865031
19.49,3,6,L6E,1000.0,300000,0.244140625,77.392578125,0.0010627248489789836,36.62109375,0.0035849455129141872,0.47318611987381703
19.49,3,7,L6I,1000.0,300000,0.244140625,76.66015625,0.030263348560753755,39.55078125,0.09814993399932395,0.5159235668789809
19.49,4,0,L23E,1000.0,300000,0.244140625,76.66015625,0.03004023408383838,37.109375,0.18498206210718668,0.4840764331210191
19.49,4,1,L23I,1000.0,300000,0.244140625,77.392578125,0.026820383178764094,43.45703125,0.11690166117699718,0.5615141955835962
19.49,4,2,L4E,1000.0,300000,0.244140625,78.61328125,0.12621596251199343,38.57421875,0.47047362568828544,0.4906832298136646
19.49,4,3,L4I,1000.0,300000,0.244140625,78.125,0.03427552984284296,37.59765625,0.14174773538046515,0.48125
19.49,4,4,L5E,1000.0,300000,0.244140625,79.345703125,0.03043248555097832,36.376953125,0.19571080997462453,0.4584615384615385
19.49,4,5,L5I,1000.0,300000,0.244140625,75.68359375,0.012269671121858101,42.724609375,0.03287269451896491,0.5645161290322581
19.49,4,6,L6E,1000.0,300000,0.244140625,76.66015625,0.0012893398427822054,39.794921875,0.004193115190123732,0.5191082802547771
19.49,4,7,L6I,1000.0,300000,0.244140625,82.275390625,0.024098799156089715,42.724609375,0.07539513073117578,0.5192878338278932
19.49,5,0,L23E,1000.0,300000,0.244140625,76.416015625,0.031101682021225322,39.306640625,0.15281197405377864,0.5143769968051118
19.49,5,1,L23I,1000.0,300000,0.244140625,76.171875,0.029804217224176248,36.865234375,0.2565521729327461,0.483974358974359
19.49,5,2,L4E,1000.0,300000,0.244140625,82.51953125,0.0943409154906092,36.376953125,0.5631857458071101,0.4408284023668639
19.49,5,3,L4I,1000.0,300000,0.244140625,79.1015625,0.0356579181038808,37.353515625,0.1623428370155657,0.4722222222222222
19.49,5,4,L5E,1000.0,300000,0.244140625,78.125,0.033934821388163304,41.259765625,0.12388814866422185,0.528125
19.49,5,5,L5I,1000.0,300000,0.244140625,76.416015625,0.011340698620175973,38.330078125,0.038045476717353845,0.5015974440894568
19.49,5,6,L6E,1000.0,300000,0.244140625,77.880859375,0.0011515149682178143,38.330078125,0.0035330862886141005,0.49216300940438873
19.49,5,7,L6I,1000.0,300000,0.244140625,78.125,0.02577946409502467,42.236328125,0.08169082732261651,0.540625
19.49,6,0,L23E,1000.0,300000,0.244140625,82.03125,0.028862002141040625,35.400390625,0.23713174458758568,0.43154761904761907
19.49,6,1,L23I,1000.0,300000,0.244140625,76.416015625,0.02723244032108328,42.724609375,0.14737360814344944,0.5591054313099042
19.49,6,2,L4E,1000.0,300000,0.244140625,77.392578125,0.12005217967920681,36.865234375,0.6102308026143478,0.47634069400630913
19.49,6,3,L4I,1000.0,300000,0.244140625,77.63671875,0.03821341543905982,36.376953125,0.1860455294263569,0.46855345911949686
19.49,6,4,L5E,1000.0,300000,0.244140625,79.58984375,0.03196982230034604,39.55078125,0.1801678676575237,0.49693251533742333
19.49,6,5,L5I,1000.0,300000,0.244140625,77.392578125,0.01225233209038929,36.865234375,0.04571652360669143,0.47634069400630913
19.49,6,6,L6E,1000.0,300000,0.244140625,76.904296875,0.0012145292406998303,41.9921875,0.0034399625018932327,0.546031746031746
19.49,6,7,L6I,1000.0,300000,0.244140625,75.439453125,0.029609834832397427,36.62109375,0.10846934095963964,0.4854368932038835
19.49,7,0,L23E,1000.0,300000,0.244140625,75.927734375,0.034172846115157494,40.52734375,0.1327376188099933,0.5337620578778135
19.49,7,1,L23I,1000.0,300000,0.244140625,77.1484375,0.027092178840385922,38.330078125,0.22600813272827863,0.49683544303797467
19.49,7,2,L4E,1000.0,300000,0.244140625,83.984375,0.09443475321191873,38.818359375,0.5434643569615604,0.4622093023255814
19.49,7,3,L4I,1000.0,300000,0.244140625,76.416015625,0.03942438937092066,38.330078125,0.15554861215023505,0.5015974440894568
19.49,7,4,L5E,1000.0,300000,0.244140625,80.56640625,0.03051463164826515,43.212890625,0.1343103570046006,0.5363636363636364
19.49,7,5,L5I,1000.0,300000,0.244140625,78.61328125,0.012148732262877677,38.57421875,0.03912793257814375,0.4906832298136646
19.49,7,6,L6E,1000.0,300000,0.244140625,79.345703125,0.0013023788579907094,39.306640625,0.0042340282889308635,0.49538461538461537
19.49,7,7,L6I,1000.0,300000,0.244140625,77.63671875,0.026266168743062614,35.400390625,0.09952383173925312,0.4559748427672956
19.49,8,0,L23E,1000.0,300000,0.244140625,83.251953125,0.023499304475371668,40.771484375,0.1210174044599767,0.4897360703812317
19.49,8,1,L23I,1000.0,300000,0.244140625,83.251953125,0.021217211667937726,35.64453125,0.24805572891031552,0.4281524926686217
19.49,8,2,L4E,1000.0,300000,0.244140625,76.904296875,0.11603388148208905,41.259765625,0.3732929917796629,0.5365079365079365
19.49,8,3,L4I,1000.0,300000,0.244140625,77.1484375,0.038183110037000506,39.306640625,0.12814744392121788,0.509493670886076
19.49,8,4,L5E,1000.0,300000,0.244140625,76.66015625,0.03876137868106725,35.64453125,0.20907671319290635,0.46496815286624205
19.49,8,5,L5I,1000.0,300000,0.244140625,84.228515625,0.008042445219094009,38.818359375,0.032557669724784556,0.4608695652173913
19.49,8,6,L6E,1000.0,300000,0.244140625,80.322265625,0.001137452141612284,42.236328125,0.003825657309382526,0.5258358662613982
19.49,8,7,L6I,1000.0,300000,0.244140625,80.078125,0.021731502031611054,39.0625,0.08092683088661361,0.4878048780487805
19.49,9,0,L23E,1000.0,300000,0.244140625,78.61328125,0.027200204475894732,36.1328125,0.1677488805514315,0.45962732919254656
19.49,9,1,L23I,1000.0,300000,0.244140625,79.1015625,0.023320906469830007,36.1328125,0.21072763709257156,0.4567901234567901
19.49,9,2,L4E,1000.0,300000,0.244140625,77.1484375,0.11246864053633325,37.353515625,0.41585078098866884,0.48417721518987344
19.49,9,3,L4I,1000.0,300000,0.244140625,77.880859375,0.03654200804585581,39.794921875,0.12237383293424328,0.5109717868338558
19.49,9,4,L5E,1000.0,300000,0.244140625,82.51953125,0.026300970777373874,38.0859375,0.1544404501621972,0.46153846153846156
19.49,9,5,L5I,1000.0,300000,0.244140625,79.1015625,0.009407735595773927,36.376953125,0.03241127993891063,0.45987654320987653
19.49,9,6,L6E,1000.0,300000,0.244140625,77.392578125,0.0012675580281139248,41.9921875,0.004854644127219267,0.5425867507886435
19.49,9,7,L6I,1000.0,300000,0.244140625,78.857421875,0.024245713111141272,37.353515625,0.07923734807020641,0.47368421052631576
19.75,0,0,L23E,1000.0,300000,0.244140625,77.63671875,0.030098444674112757,38.0859375,0.17380877004113204,0.49056603773584906
19.75,0,1,L23I,1000.0,300000,0.244140625,77.880859375,0.028587660301970394,41.748046875,0.15112292667526583,0.5360501567398119
19.75,0,2,L4E,1000.0,300000,0.244140625,80.810546875,0.11171816246317645,42.724609375,0.40306947670372145,0.5287009063444109
19.75,0,3,L4I,1000.0,300000,0.244140625,80.078125,0.03998076707383382,41.259765625,0.13348232118112655,0.5152439024390244
19.75,0,4,L5E,1000.0,300000,0.244140625,80.56640625,0.03173957939197613,39.0625,0.17295551847974652,0.48484848484848486
19.75,0,5,L5I,1000.0,300000,0.244140625,79.833984375,0.010985209587001188,43.212890625,0.03396438064774741,0.5412844036697247
19.75,0,6,L6E,1000.0,300000,0.244140625,78.61328125,0.001372890612547054,41.015625,0.00396269536053406,0.5217391304347826
19.75,0,7,L6I,1000.0,300000,0.244140625,80.322265625,0.02527198860084675,38.57421875,0.09673176858151492,0.48024316109422494
19.75,1,0,L23E,1000.0,300000,0.244140625,79.345703125,0.03164771753035547,36.1328125,0.198493418920813,0.4553846153846154
19.75,1,1,L23I,1000.0,300000,0.244140625,76.904296875,0.025115094690026,44.189453125,0.10782779438945075,0.5746031746031746
19.75,1,2,L4E,1000.0,300000,0.244140625,75.68359375,0.10119380006305992,36.376953125,0.5124286065342141,0.4806451612903226
19.75,1,3,L4I,1000.0,300000,0.244140625,80.56640625,0.03268371603141525,39.55078125,0.13073684763944465,0.4909090909090909
19.75,1,4,L5E,1000.0,300000,0.244140625,76.416015625,0.03432130430823569,39.306640625,0.12734472105405178,0.5143769968051118
19.75,1,5,L5I,1000.0,300000,0.244140625,76.171875,0.011524086158262984,41.748046875,0.03472079258833951,0.5480769230769231
19.75,1,6,L6E,1000.0,300000,0.244140625,77.880859375,0.001604415972322579,40.771484375,0.004199138660103022,0.5235109717868338
19.75,1,7,L6I,1000.0,300000,0.244140625,75.927734375,0.02775698565367123,39.306640625,0.07592623115234766,0.5176848874598071
19.75,2,0,L23E,1000.0,300000,0.244140625,77.63671875,0.030062920435564782,42.48046875,0.15064245333745457,0.5471698113207547
19.75,2,1,L23I,1000.0,300000,0.244140625,75.439453125,0.03452400305677661,36.1328125,0.3786797833258253,0.47896440129449835
19.75,2,2,L4E,1000.0,300000,0.244140625,76.171875,0.13486989037223468,39.794921875,0.5726343111944505,0.5224358974358975
19.75,2,3,L4I,1000.0,300000,0.244140625,78.369140625,0.045303423102091324,42.48046875,0.14548844758579554,0.5420560747663551
19.75,2,4,L5E,1000.0,300000,0.244140625,79.345703125,0.0364180607123252,39.794921875,0.19262914129025177,0.5015384615384615
19.75,2,5,L5I,1000.0,300000,0.244140625,77.63671875,0.012602950253873816,41.015625,0.04426029795825853,0.5283018867924528
19.75,2,6,L6E,1000.0,300000,0.244140625,78.125,0.0011872832986129095,38.818359375,0.004010162544391858,0.496875
19.75,2,7,L6I,1000.0,300000,0.244140625,79.58984375,0.028637086348616097,41.015625,0.09500771409661764,0.5153374233128835
19.75,3,0,L23E,1000.0,300000,0.244140625,82.03125,0.026999421977810308,37.109375,0.15701623526542777,0.4523809523809524
19.75,3,1,L23I,1000.0,300000,0.244140625,76.904296875,0.026938240889428117,39.794921875,0.1542458412493772,0.5174603174603175
19.75,3,2,L4E,1000.0,300000,0.244140625,76.904296875,0.11569343173238003,36.1328125,0.5051779051446209,0.46984126984126984
19.75,3,3,L4I,1000.0,300000,0.244140625,75.68359375,0.03622846906986785,39.794921875,0.11950748897425423,0.5258064516129032
19.75,3,4,L5E,1000.0,300000,0.244140625,81.54296875,0.02478863966576428,38.818359375,0.15842185999690744,0.47604790419161674
19.75,3,5,L5I,1000.0,300000,0.244140625,75.68359375,0.01203903291613113,35.888671875,0.037012572619043,0.47419354838709676
19.75,3,6,L6E,1000.0,300000,0.244140625,79.345703125,0.0011477437209271783,36.62109375,0.004610771234769371,0.46153846153846156
19.75,3,7,L6I,1000.0,300000,0.244140625,76.416015625,0.027480993519606325,39.55078125,0.07866600477650744,0.5175718849840255
19.75,4,0,L23E,1000.0,300000,0.244140625,80.078125,0.025800104557367386,40.0390625,0.12832762668767997,0.5
19.75,4,1,L23I,1000.0,300000,0.244140625,81.298828125,0.0206744335244043,37.353515625,0.24331610120875619,0.4594594594594595
19.75,4,2,L4E,1000.0,300000,0.244140625,82.275390625,0.09396151069174574,42.96875,0.37238654181361247,0.5222551928783383
19.75,4,3,L4I,1000.0,300000,0.244140625,79.1015625,0.034460770470071934,40.52734375,0.12576164800066894,0.5123456790123457
19.75,4,4,L5E,1000.0,300000,0.244140625,77.63671875,0.03348566717627375,36.62109375,0.19473735247084242,0.4716981132075472
19.75,4,5,L5I,1000.0,300000,0.244140625,81.0546875,0.009644663555363,37.841796875,0.03503823040804651,0.46686746987951805
19.75,4,6,L6E,1000.0,300000,0.244140625,76.66015625,0.0014094500056372964,41.748046875,0.004247565084021419,0.5445859872611465
19.75,4,7,L6I,1000.0,300000,0.244140625,83.0078125,0.016764960918739174,37.109375,0.09546856627925013,0.4470588235294118
19.75,5,0,L23E,1000.0,300000,0.244140625,78.857421875,0.02925252933961657,36.62109375,0.19508692584778664,0.46439628482972134
19.75,5,1,L23I,1000.0,300000,0.244140625,82.275390625,0.024288460131140405,35.400390625,0.3388244107862945,0.43026706231454004
19.75,5,2,L4E,1000.0,300000,0.244140625,79.58984375,0.1095467726105246,36.1328125,0.6638958911036017,0.4539877300613497
19.75,5,3,L4I,1000.0,300000,0.244140625,83.0078125,0.028921821475473706,36.865234375,0.194337735590525,0.4441176470588235
19.75,5,4,L5E,1000.0,300000,0.244140625,83.251953125,0.028371124111573973,39.794921875,0.1662021659014105,0.4780058651026393
19.75,5,5,L5I,1000.0,300000,0.244140625,80.322265625,0.010154826573685934,37.109375,0.042249136422162596,0.46200607902735563
19.75,5,6,L6E,1000.0,300000,0.244140625,83.251953125,0.0010970399427769522,43.45703125,0.0034845851346703817,0.5219941348973607
19.75,5,7,L6I,1000.0,300000,0.244140625,77.63671875,0.02678458725404344,36.376953125,0.10510334710144759,0.46855345911949686
19.75,6,0,L23E,1000.0,300000,0.244140625,77.880859375,0.03665743013047948,35.64453125,0.27257666461031976,0.45768025078369906
19.75,6,1,L23I,1000.0,300000,0.244140625,80.322265625,0.028835506114088555,35.400390625,0.33970030647505167,0.44072948328267475
19.75,6,2,L4E,1000.0,300000,0.244140625,80.56640625,0.10914039270401384,42.236328125,0.46387428286969445,0.5242424242424243
19.75,6,3,L4I,1000.0,300000,0.244140625,79.1015625,0.039640080633670347,41.50390625,0.14141060753166979,0.5246913580246914
19.75,6,4,L5E,1000.0,300000,0.244140625,78.125,0.032243545957911283,37.59765625,0.1690457215955168,0.48125
19.75,6,5,L5I,1000.0,300000,0.244140625,76.66015625,0.01224346090033259,37.353515625,0.04219073014253667,0.4872611464968153
19.75,6,6,L6E,1000.0,300000,0.244140625,78.61328125,0.0011646016782398446,41.015625,0.0037849341402748544,0.5217391304347826
19.75,6,7,L6I,1000.0,300000,0.244140625,78.61328125,0.026396109301286448,43.212890625,0.08843243793564305,0.5496894409937888
19.75,7,0,L23E,1000.0,300000,0.244140625,81.0546875,0.029113535375089174,37.109375,0.22160533276284983,0.4578313253012048
19.75,7,1,L23I,1000.0,300000,0.244140625,78.369140625,0.025378049162276154,38.330078125,0.21726468197916687,0.48909657320872274
19.75,7,2,L4E,1000.0,300000,0.244140625,77.880859375,0.11406997522182653,36.62109375,0.5437515105827307,0.4702194357366771
19.75,7,3,L4I,1000.0,300000,0.244140625,78.369140625,0.039158264462800824,43.212890625,0.13782158846493658,0.5514018691588785
19.75,7,4,L5E,1000.0,300000,0.244140625,75.927734375,0.037865470730038014,40.0390625,0.17017229752400487,0.5273311897106109
19.75,7,5,L5I,1000.0,300000,0.244140625,77.1484375,0.011938149697619816,39.306640625,0.04047873006459375,0.509493670886076
19.75,7,6,L6E,1000.0,300000,0.244140625,77.63671875,0.0010244130261565889,41.259765625,0.003718763232896557,0.5314465408805031
19.75,7,7,L6I,1000.0,300000,0.244140625,80.322265625,0.024260371844798966,36.376953125,0.11397159459108643,0.45288753799392095
19.75,8,0,L23E,1000.0,300000,0.244140625,78.61328125,0.02710898848850115,37.59765625,0.20084664792720622,0.4782608695652174
19.75,8,1,L23I,1000.0,300000,0.244140625,76.416015625,0.029617549191019273,40.0390625,0.19761650015420743,0.5239616613418531
19.75,8,2,L4E,1000.0,300000,0.244140625,78.369140625,0.1487195640064012,40.52734375,0.49183600440303693,0.5171339563862928
19.75,8,3,L4I,1000.0,300000,0.244140625,76.416015625,0.04378114882981814,35.888671875,0.17880100251014863,0.4696485623003195
19.75,8,4,L5E,1000.0,300000,0.244140625,76.904296875,0.035856682380592426,36.376953125,0.20851103263477513,0.473015873015873
19.75,8,5,L5I,1000.0,300000,0.244140625,75.927734375,0.012647919790630145,44.189453125,0.033753219798678,0.5819935691318328
19.75,8,6,L6E,1000.0,300000,0.244140625,77.63671875,0.0010594078393269656,38.330078125,0.0038016207106865187,0.4937106918238994
19.75,8,7,L6I,1000.0,300000,0.244140625,76.66015625,0.027791448682196795,38.0859375,0.10689599334431128,0.4968152866242038
19.75,9,0,L23E,1000.0,300000,0.244140625,75.927734375,0.03833670064248194,36.1328125,0.2016405774069804,0.4758842443729904
19.75,9,1,L23I,1000.0,300000,0.244140625,76.66015625,0.02677740108347753,35.400390625,0.2659367849981946,0.46178343949044587
19.75,9,2,L4E,1000.0,300000,0.244140625,81.298828125,0.11184682969489942,38.0859375,0.5367937816294318,0.46846846846846846
19.75,9,3,L4I,1000.0,300000,0.244140625,79.345703125,0.0384162097324221,42.48046875,0.14088483747837288,0.5353846153846153
19.75,9,4,L5E,1000.0,300000,0.244140625,79.345703125,0.03338718207100892,43.701171875,0.1172950399667712,0.5507692307692308
19.75,9,5,L5I,1000.0,300000,0.244140625,77.1484375,0.011411850363988804,38.818359375,0.03954361379677366,0.5031645569620253
19.75,9,6,L6E,1000.0,300000,0.244140625,77.880859375,0.001050428617765635,37.841796875,0.0038872298505099405,0.48589341692789967
19.75,9,7,L6I,1000.0,300000,0.244140625,79.1015625,0.02556923086033207,37.841796875,0.10423428617370836,0.4783950617283951
20.0,0,0,L23E,1000.0,300000,0.244140625,83.251953125,0.025266956008465073,41.50390625,0.1262705576884156,0.49853372434017595
20.0,0,1,L23I,1000.0,300000,0.244140625,83.251953125,0.022755362627711346,36.865234375,0.24421715003016353,0.44281524926686217
20.0,0,2,L4E,1000.0,300000,0.244140625,79.1015625,0.10755400246229592,35.64453125,0.5751499272725236,0.4506172839506173
20.0,0,3,L4I,1000.0,300000,0.244140625,77.392578125,0.036532269980891076,43.701171875,0.12719306411347336,0.5646687697160884
20.0,0,4,L5E,1000.0,300000,0.244140625,77.1484375,0.036894675503987714,41.259765625,0.1312620493501616,0.5348101265822784
20.0,0,5,L5I,1000.0,300000,0.244140625,82.275390625,0.008774536882836996,39.306640625,0.035789698582219136,0.47774480712166173
20.0,0,6,L6E,1000.0,300000,0.244140625,80.56640625,0.0010731309300534174,39.306640625,0.0038087851256250376,0.48787878787878786
20.0,0,7,L6I,1000.0,300000,0.244140625,75.927734375,0.02668858329575027,42.48046875,0.07757974738417485,0.5594855305466238
20.0,1,0,L23E,1000.0,300000,0.244140625,76.416015625,0.030105680711147782,36.376953125,0.22832523909391184,0.476038338658147
20.0,1,1,L23I,1000.0,300000,0.244140625,81.298828125,0.025592253435650712,38.0859375,0.2571551287890696,0.46846846846846846
20.0,1,2,L4E,1000.0,300000,0.244140625,78.61328125,0.1306211545525698,41.015625,0.4371274272807253,0.5217391304347826
20.0,1,3,L4I,1000.0,300000,0.244140625,76.416015625,0.04262120832319427,39.306640625,0.1421504915753218,0.5143769968051118
20.0,1,4,L5E,1000.0,300000,0.244140625,77.880859375,0.02996297819615431,37.841796875,0.17259085699651983,0.48589341692789967
20.0,1,5,L5I,1000.0,300000,0.244140625,79.345703125,0.010671093433138334,39.306640625,0.04194700076318769,0.49538461538461537
20.0,1,6,L6E,1000.0,300000,0.244140625,77.1484375,0.001121577952775349,39.794921875,0.004221322364753467,0.5158227848101266
20.0,1,7,L6I,1000.0,300000,0.244140625,82.03125,0.021008506223128616,40.771484375,0.0841737641469885,0.49702380952380953
20.0,2,0,L23E,1000.0,300000,0.244140625,83.251953125,0.023568563284667086,41.015625,0.13141944860980737,0.49266862170087977
20.0,2,1,L23I,1000.0,300000,0.244140625,79.345703125,0.023976796298971516,41.015625,0.15026827511571497,0.5169230769230769
20.0,2,2,L4E,1000.0,300000,0.244140625,77.1484375,0.11514126706021109,38.0859375,0.43558147833689786,0.4936708860759494
20.0,2,3,L4I,1000.0,300000,0.244140625,78.369140625,0.03625619939370652,38.330078125,0.1330721699771006,0.48909657320872274
20.0,2,4,L5E,1000.0,300000,0.244140625,80.810546875,0.030793182599067118,37.109375,0.1843617226189043,0.459214501510574
20.0,2,5,L5I,1000.0,300000,0.244140625,79.345703125,0.00985584392653946,38.330078125,0.035412401545521534,0.48307692307692307
20.0,2,6,L6E,1000.0,300000,0.244140625,76.171875,0.001514665268267398,37.841796875,0.004676038593067167,0.4967948717948718
20.0,2,7,L6I,1000.0,300000,0.244140625,76.66015625,0.02570598301400114,42.48046875,0.07568708743500874,0.554140127388535
20.0,3,0,L23E,1000.0,300000,0.244140625,83.49609375,0.024691768341739556,37.109375,0.21242104086328198,0.4444444444444444
20.0,3,1,L23I,1000.0,300000,0.244140625,78.857421875,0.027071273959961756,42.96875,0.14525808630586887,0.544891640866873
20.0,3,2,L4E,1000.0,300000,0.244140625,77.880859375,0.12789577084178902,35.400390625,0.7065718649131173,0.45454545454545453
20.0,3,3,L4I,1000.0,300000,0.244140625,81.787109375,0.03420061215669911,39.55078125,0.1483179497940049,0.4835820895522388
20.0,3,4,L5E,1000.0,300000,0.244140625,75.68359375,0.035644711395565645,39.0625,0.13497026687443778,0.5161290322580645
20.0,3,5,L5I,1000.0,300000,0.244140625,78.125,0.010983661939309912,36.865234375,0.041206720312153486,0.471875
20.0,3,6,L6E,1000.0,300000,0.244140625,84.228515625,0.0007138434004002527,38.818359375,0.0034982995510232937,0.4608695652173913
20.0,3,7,L6I,1000.0,300000,0.244140625,81.787109375,0.023343152054440718,41.50390625,0.09404558012230915,0.5074626865671642
20.0,4,0,L23E,1000.0,300000,0.244140625,80.56640625,0.028410701254910995,36.376953125,0.17549820024897528,0.45151515151515154
20.0,4,1,L23I,1000.0,300000,0.244140625,78.369140625,0.028864534146928113,38.57421875,0.19913717634594336,0.49221183800623053
20.0,4,2,L4E,1000.0,300000,0.244140625,81.787109375,0.09392318060272979,39.55078125,0.43730643162762545,0.4835820895522388
20.0,4,3,L4I,1000.0,300000,0.244140625,77.392578125,0.03791697716419359,43.212890625,0.1290728161463386,0.5583596214511041
20.0,4,4,L5E,1000.0,300000,0.244140625,77.1484375,0.03587193743942064,38.330078125,0.16233718169418604,0.49683544303797467
20.0,4,5,L5I,1000.0,300000,0.244140625,77.880859375,0.010970153932205585,43.701171875,0.03420701670498113,0.5611285266457681
20.0,4,6,L6E,1000.0,300000,0.244140625,78.369140625,0.0011769368732428896,41.748046875,0.004537577964949753,0.5327102803738317
20.0,4,7,L6I,1000.0,300000,0.244140625,82.51953125,0.020011723052736616,36.376953125,0.0894135109422521,0.4408284023668639
20.0,5,0,L23E,1000.0,300000,0.244140625,78.857421875,0.03509784310411858,36.376953125,0.2982453175145751,0.4613003095975232
20.0,5,1,L23I,1000.0,300000,0.244140625,82.763671875,0.02887378019471531,37.353515625,0.36965209447146635,0.45132743362831856
20.0,5,2,L4E,1000.0,300000,0.244140625,79.1015625,0.12883758167278,36.376953125,0.8096518889293083,0.45987654320987653
20.0,5,3,L4I,1000.0,300000,0.244140625,82.03125,0.037214457199127186,41.748046875,0.17276212610967717,0.5089285714285714
20.0,5,4,L5E,1000.0,300000,0.244140625,77.880859375,0.035273874756514396,40.0390625,0.2121904991906559,0.5141065830721003
20.0,5,5,L5I,1000.0,300000,0.244140625,79.833984375,0.01131274537998099,39.55078125,0.042679784564778035,0.4954128440366973
20.0,5,6,L6E,1000.0,300000,0.244140625,79.345703125,0.0011865139406419015,41.9921875,0.0034562765752062965,0.5292307692307693
20.0,5,7,L6I,1000.0,300000,0.244140625,78.125,0.030585828106375477,40.283203125,0.10467806094491364,0.515625
20.0,6,0,L23E,1000.0,300000,0.244140625,77.63671875,0.026934397910964077,35.400390625,0.23784199268256542,0.4559748427672956
20.0,6,1,L23I,1000.0,300000,0.244140625,79.1015625,0.02669480368276869,43.9453125,0.12821178859338972,0.5555555555555556
20.0,6,2,L4E,1000.0,300000,0.244140625,80.810546875,0.1075176498964671,42.236328125,0.3853290459832392,0.5226586102719033
20.0,6,3,L4I,1000.0,300000,0.244140625,83.251953125,0.029777995220763638,38.330078125,0.13746235564520481,0.4604105571847507
20.0,6,4,L5E,1000.0,300000,0.244140625,79.345703125,0.029676947877292328,42.48046875,0.1128672867756386,0.5353846153846153
20.0,6,5,L5I,1000.0,300000,0.244140625,78.369140625,0.009981294716765395,43.45703125,0.03201047392310016,0.5545171339563862
20.0,6,6,L6E,1000.0,300000,0.244140625,83.251953125,0.001008648903691472,42.724609375,0.004211148493028267,0.5131964809384164
20.0,6,7,L6I,1000.0,300000,0.244140625,79.345703125,0.023131654156808467,42.48046875,0.0832706789571873,0.5353846153846153
20.0,7,0,L23E,1000.0,300000,0.244140625,77.1484375,0.0314390625830307,39.306640625,0.18315943016736963,0.509493670886076
20.0,7,1,L23I,1000.0,300000,0.244140625,76.416015625,0.034442866264558225,37.109375,0.32740486971643445,0.48562300319488816
20.0,7,2,L4E,1000.0,300000,0.244140625,83.251953125,0.11559763591461165,36.1328125,0.7923095170880428,0.4340175953079179
20.0,7,3,L4I,1000.0,300000,0.244140625,82.51953125,0.041440387773056725,39.306640625,0.1812425038326199,0.47633136094674555
20.0,7,4,L5E,1000.0,300000,0.244140625,78.125,0.036683828718964716,37.841796875,0.21514186497662616,0.484375
20.0,7,5,L5I,1000.0,300000,0.244140625,76.66015625,0.014162195731560807,38.0859375,0.04632201633799196,0.4968152866242038
20.0,7,6,L6E,1000.0,300000,0.244140625,76.66015625,0.0013660183284751567,38.330078125,0.004191626330006738,0.5
20.0,7,7,L6I,1000.0,300000,0.244140625,75.927734375,0.030993971822181426,42.724609375,0.10195546713101075,0.5627009646302251
20.0,8,0,L23E,1000.0,300000,0.244140625,75.927734375,0.035748849074124955,40.283203125,0.17648919114659142,0.5305466237942122
20.0,8,1,L23I,1000.0,300000,0.244140625,75.927734375,0.032907658792389674,36.865234375,0.35997911460493154,0.4855305466237942
20.0,8,2,L4E,1000.0,300000,0.244140625,75.439453125,0.15234807148482324,38.330078125,0.5780144269434443,0.5080906148867314
20.0,8,3,L4I,1000.0,300000,0.244140625,80.810546875,0.039344592916849844,37.841796875,0.18297707680417377,0.46827794561933533
20.0,8,4,L5E,1000.0,300000,0.244140625,77.880859375,0.031217761080008476,36.62109375,0.2083528467576858,0.4702194357366771
20.0,8,5,L5I,1000.0,300000,0.244140625,78.857421875,0.010603410164850818,39.55078125,0.03919500490843649,0.5015479876160991
20.0,8,6,L6E,1000.0,300000,0.244140625,83.0078125,0.0008972624648514302,37.841796875,0.0038124721232128886,0.45588235294117646
20.0,8,7,L6I,1000.0,300000,0.244140625,76.416015625,0.0314186384939013,38.330078125,0.10739480099053239,0.5015974440894568
20.0,9,0,L23E,1000.0,300000,0.244140625,81.54296875,0.02208649662380984,39.55078125,0.14186257164895025,0.48502994011976047
20.0,9,1,L23I,1000.0,300000,0.244140625,76.416015625,0.02868271564254789,44.189453125,0.12484969867879744,0.5782747603833865
20.0,9,2,L4E,1000.0,300000,0.244140625,77.392578125,0.1102679859805814,35.64453125,0.5571868921352268,0.4605678233438486
20.0,9,3,L4I,1000.0,300000,0.244140625,79.58984375,0.040884973317887784,39.306640625,0.14475629654057914,0.4938650306748466
20.0,9,4,L5E,1000.0,300000,0.244140625,83.251953125,0.030467432533400545,42.96875,0.13789603782145055,0.5161290322580645
20.0,9,5,L5I,1000.0,300000,0.244140625,76.904296875,0.011893241934282001,38.57421875,0.03791061126596756,0.5015873015873016
20.0,9,6,L6E,1000.0,300000,0.244140625,80.810546875,0.0012062175516595354,35.64453125,0.005293603276113656,0.44108761329305135
20.0,9,7,L6I,1000.0,300000,0.244140625,82.03125,0.020755203166108516,35.888671875,0.09558652480886236,0.4375
